-- phpMyAdmin SQL Dump
-- version 5.2.1
-- https://www.phpmyadmin.net/
--
-- Host: 127.0.0.1
-- Generation Time: Dec 11, 2023 at 01:51 PM
-- Server version: 10.4.28-MariaDB
-- PHP Version: 8.2.4

SET SQL_MODE = "NO_AUTO_VALUE_ON_ZERO";
START TRANSACTION;
SET time_zone = "+00:00";


/*!40101 SET @OLD_CHARACTER_SET_CLIENT=@@CHARACTER_SET_CLIENT */;
/*!40101 SET @OLD_CHARACTER_SET_RESULTS=@@CHARACTER_SET_RESULTS */;
/*!40101 SET @OLD_COLLATION_CONNECTION=@@COLLATION_CONNECTION */;
/*!40101 SET NAMES utf8mb4 */;

--
-- Database: `pharmacy_db`
--

-- --------------------------------------------------------

--
-- Table structure for table `category`
--

CREATE TABLE `category` (
  `id` int(11) NOT NULL,
  `name` varchar(255) NOT NULL
) ENGINE=InnoDB DEFAULT CHARSET=utf8mb4 COLLATE=utf8mb4_general_ci;

--
-- Dumping data for table `category`
--

INSERT INTO `category` (`id`, `name`) VALUES
(2, 'เม็ด'),
(3, 'แคปซูล'),
(4, 'หลอด'),
(5, 'ชิ้น'),
(6, 'ขวด'),
(7, 'ซอง'),
(8, 'ก้อน'),
(9, 'ชุด'),
(10, 'แผง'),
(11, '10 เม็ด/แผง'),
(12, '4 เม็ด/แผง'),
(13, 'มล.'),
(14, 'กรัม'),
(16, 'มิลลิกรัม');

-- --------------------------------------------------------

--
-- Table structure for table `customer`
--

CREATE TABLE `customer` (
  `customer_id` int(11) NOT NULL,
  `f_name` varchar(255) NOT NULL,
  `l_name` varchar(255) NOT NULL,
  `address` text NOT NULL,
  `phone_number` varchar(15) NOT NULL,
  `email` varchar(50) NOT NULL,
  `discount` decimal(2,2) NOT NULL,
  `status` varchar(50) NOT NULL
) ENGINE=InnoDB DEFAULT CHARSET=utf8mb4 COLLATE=utf8mb4_general_ci;

--
-- Dumping data for table `customer`
--

INSERT INTO `customer` (`customer_id`, `f_name`, `l_name`, `address`, `phone_number`, `email`, `discount`, `status`) VALUES
(1, 'ทดสอบ', 'ลูกค้า', '17/4 หมู่ 5 ถนนบำรุงราษฎร์ ตำบลพิบูลสงคราม อำเภอเมือง กรุงเทพมหานคร 10400', '0989997788', 'test@gmail.com', 0.00, 'Active'),
(2, 'ทดสอบ', 'ลูกค้า2', '8 อาคาร ทรู ทาวเวอร์ ถนนรัชดาภิเษก แขวงห้วยขวาง เขตห้วยขวาง กรุงเทพฯ 10310', '0989997788', 'test@gmail.com', 0.99, 'Active'),
(3, 'ทดสอบ', 'ลูกค้า3', '899 ห้อง E101 ชั้น 1 เดอะซีซันส์มอลล์ ถนนพหลโยธิน สามเสนใน พญาไท กรุงเทพมหานคร 10400', '0989995589', 'test3@gmail.com', 0.99, 'Active'),
(4, 'ทดสอบ', 'ลูกค้า4', '552 ห้อง S10 ชั้น 9 เดอะซีซันส์มอลล์ ถนนพหลโยธิน สามเสนใน พญาไท กรุงเทพมหานคร 10400', '0989995522', 'test4@gmail.com', 0.99, 'Active'),
(5, 'ทดสอบ', 'ลูกค้า5', '784 ห้อง S10 ชั้น 9 เดอะซีซันส์มอลล์ ถนนพหลโยธิน สามเสนใน พญาไท กรุงเทพมหานคร 10400', '0989995522', 'test5@gmail.com', 0.89, 'Active'),
(6, 'ทดสอบ66', 'ลูกค้า56', '879 ห้อง S10 ชั้น 9 เดอะซีซันส์มอลล์ ถนนพหลโยธิน สามเสนใน พญาไท กรุงเทพมหานคร 10400', '0988895522', 'test6@gmail.com', 0.99, 'Active'),
(7, 'ทดสอบ77', 'ลูกค้า57', '889 ห้อง S10 ชั้น 9 เดอะซีซันส์มอลล์ ถนนพหลโยธิน สามเสนใน พญาไท กรุงเทพมหานคร 10400', '0988895522', 'test7@gmail.com', 0.99, 'Active'),
(8, 'ยูเซอร์01', 'ลูกค้า01', '001 ห้อง S10 ชั้น 1 เดอะซีซันส์มอลล์ ถนนพหลโยธิน สามเสนใน พญาไท กรุงเทพมหานคร 10400', '0911111111', 'user01@gmail.com', 0.00, 'Active'),
(9, 'ยูเซอร์02', 'ลูกค้า02', '002 ห้อง S12 ชั้น 1 เดอะซีซันส์มอลล์ ถนนพหลโยธิน สามเสนใน พญาไท กรุงเทพมหานคร 10400', '0922222222', 'user02@gmail.com', 0.00, 'Active'),
(10, 'ยูเซอร์03', 'ลูกค้า03', '003 ห้อง S10 ชั้น 3 เดอะซีซันส์มอลล์ ถนนพหลโยธิน สามเสนใน พญาไท กรุงเทพมหานคร 10400', '093333333', 'user01@gmail.com', 0.99, 'Active');

-- --------------------------------------------------------

--
-- Table structure for table `drug_information`
--

CREATE TABLE `drug_information` (
  `id` int(11) NOT NULL,
  `name` varchar(255) DEFAULT NULL,
  `size` varchar(20) DEFAULT NULL,
  `use_medicine` varchar(255) DEFAULT NULL,
  `contraindications` text DEFAULT NULL,
  `properties` text DEFAULT NULL,
  `drug_type_id` int(11) DEFAULT NULL,
  `category_id` int(11) DEFAULT NULL,
  `package_id` int(11) DEFAULT NULL,
  `quantity` int(5) DEFAULT NULL,
  `production_date` date DEFAULT NULL,
  `expiration_date` date DEFAULT NULL,
  `price` decimal(4,2) DEFAULT NULL,
  `keyword` varchar(120) DEFAULT NULL,
  `link_images` text DEFAULT NULL
) ENGINE=InnoDB DEFAULT CHARSET=utf8mb4 COLLATE=utf8mb4_general_ci;

--
-- Dumping data for table `drug_information`
--

INSERT INTO `drug_information` (`id`, `name`, `size`, `use_medicine`, `contraindications`, `properties`, `drug_type_id`, `category_id`, `package_id`, `quantity`, `production_date`, `expiration_date`, `price`, `keyword`, `link_images`) VALUES
(1, 'ยาแก้ไข้ซาร่า', '500 มก.', 'รับประทานทุก 4-6 ชั่วโมง เมื่อมีอาการ ไม่ควรรับประทานเกินวันละ 4 ครั้ง ผู้ใหญ่ รับประทานครั้งละ 1-2 เม็ด', '-', 'ซาร่าคือยาบรรเทาอาการปวดลดไข้ มีตัวยาสำคัญคือ พาราเซตามอล (Paracetamol)', 7, 2, 1, 100, '2019-01-20', '2022-01-21', 99.99, 'แก้ปวด, ปวดหัว, เป็นไข้', 'https://punsuk.com/3063-6765-thickbox_default/sara-paracetamol-500-100-.jpg'),
(2, 'ยาแก้ไข้ซาร่า', '500 มก.', 'รับประทานทุก 4-6 ชั่วโมง เมื่อมีอาการ ไม่ควรรับประทานเกินวันละ 4 ครั้ง ผู้ใหญ่ รับประทานครั้งละ 1-2 เม็ด', '', 'ซาร่าคือยาบรรเทาอาการปวดลดไข้ มีตัวยาสำคัญคือ พาราเซตามอล (Paracetamol)', 7, 2, 1, 100, '0000-00-00', '0000-00-00', 99.99, 'แก้ปวด, ปวดหัว, เป็นไข้', 'https://punsuk.com/3063-6765-thickbox_default/sara-paracetamol-500-100-.jpg'),
(3, 'Bronpect-D', NULL, 'ครั้งละ 1 เม็ด วันละ 3 ครั้ง', NULL, 'บรรเทาอาการไอ เนื่องจากการระคายคอ บรรเทาอาการไอ และขับเสมหะที่เกิดร่วมกับหวัด และหลอดลมอักเสบ', NULL, NULL, NULL, NULL, '0000-00-00', '0000-00-00', NULL, NULL, NULL),
(4, 'ยาแก้ไข้ซาร่า', '500 มก.', 'รับประทานทุก 4-6 ชั่วโมง เมื่อมีอาการ ไม่ควรรับประทานเกินวันละ 4 ครั้ง ผู้ใหญ่ รับประทานครั้งละ 1-2 เม็ด', NULL, 'ซาร่าคือยาบรรเทาอาการปวดลดไข้ มีตัวยาสำคัญคือ พาราเซตามอล (Paracetamol)', 7, 2, 1, 100, '0000-00-00', '0000-00-00', 99.99, 'แก้ปวด, ปวดหัว, เป็นไข้', 'https://punsuk.com/3063-6765-thickbox_default/sara-paracetamol-500-100-.jpg'),
(5, '123 ยาระบาย 10`S', '180 กรัม', 'รับประทานวันละ 1 แคปซูล 1 ครั้ง ก่อนนอน, ธาตุหนัก 2 แคปซูล ก่อนนอน', NULL, 'บรรเทาอาการท้องผูก ขับลม', 7, 3, 2, 10, '0000-00-00', '0000-00-00', 60.00, 'แก้ท้องผูก', NULL),
(6, '3M Cavilon', '28 กรัม', 'ทำความสะอาดผิวหนัง ซับให้แห้ง แล้วบีบ คาวิลอน ดูราเบิล แบริเออร์ ครีม บนมือเพียงเล็กน้อย ทาเกลี่ยให้ทั่วบริเวณที่สัมผัสสิ่งขับถ่ายจนกระทั่งครีมแห้ง ทาครีมซ้ำวันละครั้ง สำหรับการขับถ่ายไม่เกิน 3 ครั้งต่อวัน ทาครีมซ้ำทุก 8 ชั่วโมง สำหรับการขับถ่ายมากกว่า 3 ', '-ห้ามใช้กับแผลที่มีการติดเชื้อ', 'ครีมเข้มข้น มีค่า pH ที่เป็นกลาง ให้ความชุ่มชื้นและปกป้องผิวหนังจากสิ่งระคายเคืองได้ โดยไม่ต้องทาครีมซ้ำหากภายใน 24 ชั่วโมงมีการขับถ่ายไม่ถึง 3 ครั้ง ใช้ทาป้องกันผิวหนังถูกทำลายจากการกลั้นสิ่งขับถ่ายไม่ได้และผิวที่แห้งมาก', 8, 4, 3, 1, '0000-00-00', '0000-00-00', 99.99, 'ให้ความชุ่มชื้นผิวหนัง', 'https://www.fascino.co.th/fasue-img/600/744/resize/img_hq/307368_1.jpg'),
(7, '3M NEXCARE Opticlude Eye Patch', NULL, '1.ทำความสะอาดผิวรอบดวงตาด้วยสำลีชุบน้ำสะอาดแล้วซับให้แห้ง2.ลอกกระดาษรองกาวออกหลับตาแล้วปิดแผ่นอ๊อฟติคลูคโดยหันด้านเรียวไปทางดั้งจมูกลูบปิดให้แนบสนิท3.เปลี่ยนแผ่นเมื่อต้องการหยอดตาหรือป้ายตาใหม่ หรือตามคำแนะนำของแพทย์', NULL, 'ปิดตาเพื่อป้องกันเชื้อโรคและสิ่งสกปรกเข้าตา', 9, 5, 3, 20, '0000-00-00', '0000-00-00', 99.00, 'แผ่นปิดตา', 'https://lzd-img-global.slatic.net/g/p/90d027cc096e787fb5db7932e2cfe2aa.jpg_960x960q80.jpg_.webp'),
(8, 'Acerola cherry 1200 mg 30`S', '1200 มก.', 'รับประทานครั้งละ 1 เม็ด วันละ 1 ครั้ง', '-โรคไตเสื่อม,G6PD,ผู้ที่มีภาวะเม็ดเลือดแดงแตกง่าย ห้ามรับประทาน-เด็กอายุต่ำกว่า 11 ปี ,หญิงตั้งครรภ์และให้นมบุตร ไม่ควรรับประทาน', '1.ต้านสารอนุมูลอิสระป้องกันไม่ให้อนุมูลอิสระทำลายเซลล์ทั้งภายในและภายนอก2.มีส่วนในการสร้าง เส้นใยคอลลาเจน3.สารในอะเซโลร่าเชอรร์ช่วยยับยั้งสารไนโตรซามีนที่อยู่ในเนื้อสัตว์', 7, 2, 1, 30, '0000-00-00', '0000-00-00', 99.99, 'ผลิตภัณฑ์เสริมอาหาร', 'https://warinyapharmacy.com/wp-content/uploads/2021/08/image_1528811378914117711.jpg'),
(9, 'ACEROLA CHERRY PLUS(6x5`s) THP', '1000 มก.', 'รับประทานวันละ 1 แคปซูล พร้อมมื้ออาหารทุกวัน', NULL, 'ช่วยส่งเสริมการทำงานของคอลลาเจน กลูตาไธโอน ', 7, 3, 3, 30, '0000-00-00', '0000-00-00', 99.99, 'ผลิตภัณฑ์เสริมอาหาร', 'https://th-test-11.slatic.net/p/bc06284c71adabafdbd626b4c40f27b4.png'),
(10, 'Vitara Acnetin-A 0.025%', '10 กรัม', 'ใช้ในปริมาณเท่าเม็ดถั่วเขียวทาครีมบางๆ ให้ทั่วบริเวณที่เป็นและคลึงเบาๆ วันละ 1 ครั้ง ก่อนนอน', '-ผู้ที่แพ้กรดไวตามินเอ หรือส่วนประกอบของยานี้-หลีกเลี่ยงการใช้ยานี้ในสตรีมีครรภ์ (pregnancy) และระยะให้นมบุตร', 'รักษาสิว ควบคุมความมันบนใบหน้า ทรีตท์เม้นท์ สำหรับผู้มีปัญหาสิว และผิวหน้ามัน สำหรับรักษาสิว รักษาสิวอุดตัน และช่วยลดลอยเหี่ยวย่นควบคุมความมัน จุดด่างดำหรือผิวที่ไม่เรียบเนียนบนใบหน้าที่เกิดจากการทำลายของแสงแดด', 10, 4, 3, 1, '0000-00-00', '0000-00-00', 95.00, 'รักษาสิว', 'https://berichthailand.com/images/product/other/Acnetin-A_0025__10g_800x800.jpg'),
(11, 'Vitara Acnetin-A 0.05%', '10 กรัม', 'ใช้ในปริมาณเท่าเม็ดถั่วเขียวทาครีมบางๆ ให้ทั่วบริเวณที่เป็นและคลึงเบาๆ วันละ 1 ครั้ง ก่อนนอน', '-หลีกเลี่ยงการใช้ในบริเวณเนื้อเยื่ออ่อน เช่น รอบดวงตา ริมฝีปาก-ห้ามใช้ยานี้ในสตรีมีครรภ์ (pregnancy) และระยะให้นมบุตร-หลีกเลี่ยงการใช้ร่วมกับสารที่กระตุ้นการหลุดลอกของผิวชั้นนอก เช่น benzoeyl peroxide, salicylic acid', 'รักษาสิว ควบคุมความมันบนใบหน้า ทรีตท์เม้นท์ สำหรับผู้มีปัญหาสิว และผิวหน้ามัน สำหรับรักษาสิว รักษาสิวอุดตัน และช่วยลดลอยเหี่ยวย่นควบคุมความมัน จุดด่างดำหรือผิวที่ไม่เรียบเนียนบนใบหน้าที่เกิดจากการทำลายของแสงแดด', 10, 4, 3, 1, '0000-00-00', '0000-00-00', 95.00, 'รักษาสิว', 'https://www.cosmenet.in.th/upload/iblock/f7c/vitara_acnetin_a600x600.jpg'),
(12, 'Aerobidol Inhaler', NULL, 'ยานี้ใช้เฉพาะสูดพ่นทางปากเท่านั้น', '-ห้ามใช้ในผู้ที่แพ้ยา ipratropium bromide,fenoterol hydrobromide หรือยาที่มีลักษณะใกล้เคียงกับยา atropine หรือส่วนประกอบอื่นในยา-ห้ามใช้ในผู้ป่วยโรคกล้ามเนื้อหัวใจอุดตันและหัวใจเต้นเร็วผิดจังหวะ', 'แอโรบิดอล อินฮาเลอร์ เป็นยาขยายหลอดลม ที่ใช้ป้องกันและรักษาอาการที่เกิดจากการหดเกร็งของหลอดลม ในโรคหอบหืดและโรคปอดอุดกั้นเรื้อรัง รวมทั้งโรคหลอดลมอักเสบเรื้อรังและถุงลมโป่งพอง', 11, 6, 3, 1, '0000-00-00', '0000-00-00', 99.99, 'ยาขยายหลอดลม', 'https://mimsshst.blob.core.windows.net/drug-resources/TH/packshot/Aerobidol6001PPS0.JPG'),
(13, 'Aeronide INH 200D', '200 mcg', 'ถือหลอดพ่นยาแนวตั้ง เปิดฝาครอบแล้วเขย่า 3-4 ครั้ง หายใจออกทางปาก ใช้ริมฝีปากอม แล้วหายใจเข้าช้าๆพร้อมกับที่พ่นยา ', '-ห้ามใช้ในผู้ที่แพ้ยา budesonide หรือส่วนประกอบอื่นในยา-ห้ามใช้ยานี้เป็นหลักในการรักษาภาวะหอบหืดที่เกิดต่อเนื่อง (status asthmaticus) หรือภาวะฉุกเฉินของโรคหอบหืดกำเริบซึ่งต้องการรักษาแบบฉุกเฉินในโรงพยาบาล', 'ใช้รักษาโรคหอบหืดแบบต่อเนื่อง โดยใช้เพื่อป้องกันภาวะหอบหืด', 11, 6, 3, 1, '0000-00-00', '0000-00-00', 99.99, 'ยาขยายหลอดลม', 'http://www.pharmbma.com/images/medicines/sp/20_Aeronide.jpg'),
(14, 'Aerotamol inhaler', '100 mcg', 'ถือหลอดพ่นยาแนวตั้ง เปิดฝาครอบแล้วเขย่า 3-4 ครั้ง หายใจออกทางปาก ใช้ริมฝีปากอม แล้วหายใจเข้าช้าๆพร้อมกับที่พ่นยา ', '-ห้ามใช้ยานี้ในผู้ที่แพ้ salbutamol,สารเอมีนที่กระตุ้นระบบประสาทอัตโนมัติซิมพาเธติค,ก๊าซที่ใช้เพื่อให้เกิดความดันหรือส่วนประกอบอื่นๆในยา พบอาการแพ้ คือ ลมพิษ หลอดเลือดบวม และผื่นผิวหนังหลังใช้ยา salbutamol sulphate-ไทรอยด์ทำงานมากผิดปกติ (Hyperthyroidism)-หัวใจเต้นเร็วผิดจังหวะ (Tachyarrhythmia)', 'รักษาอาการหลอดลมหดตัวในโรคหอบหืด, หลอดลมอักเสบเรื้อรัง ', 11, 6, 3, 1, '0000-00-00', '0000-00-00', 99.99, 'ยาขยายหลอดลม', 'https://mimsshst.blob.core.windows.net/drug-resources/TH/packshot/Aerobidol6001PPS0.JPG'),
(15, 'Afloxan', '150 มก.', 'รับประทานครั้งแรก 3-4 แคปซูลต่อวัน โดยแบ่ง 2 ขนาดเป็นเวลา ≥ 2 สัปดาห์ อาจเพิ่มได้ถึง 6 แคปซูลต่อวัน โดยแบ่ง 3 ครั้งในกรณีที่รุนแรง การดูแลรักษา: รับประทานวันละ 2-3 ฝา โดยแบ่งรับประทาน 2 ครั้ง', NULL, 'บรรเทาอาการความผิดปกติของข้อต่อที่เจ็บปวด', 7, 2, 3, 10, '0000-00-00', '0000-00-00', 99.99, 'ยาแก้ปวด', 'https://cdn.sehat.com.pk/product_images/r/478/Afloxan__72208_zoom.jpg'),
(16, 'Air-x ', '120 มก.', 'รับประทานโดยเคี้ยวก่อนรับประทานอาหาร 1 – 2 เม็ดวันละ 3 - 4 อีกครั้งหลังรับประทานอาหารก่อนนอน', NULL, 'ลดแรงตึงผิวของแก๊สระบบควบคุมอาหารในส่วนที่เป็นฟองแก๊สถูกถูกขับออกจากทางเดินอาหาร', 7, 2, 2, 10, '0000-00-00', '0000-00-00', 20.00, 'ยาลดกรด', 'https://th-test-11.slatic.net/p/db0f764fd2ff1183e7b515a89233c6b6.jpg'),
(17, 'Air-x (มิ้นท์,ส้ม,มะนาว)', '80  มก.', 'รับประทานโดยเคี้ยวก่อนรับประทานอาหาร 1 – 2 เม็ดวันละ 3 - 4 อีกครั้งหลังรับประทานอาหารก่อนนอน', NULL, 'ลดแรงตึงผิวของแก๊สระบบควบคุมอาหารในส่วนที่เป็นฟองแก๊สถูกถูกขับออกจากทางเดินอาหาร', 7, 2, 2, 10, '0000-00-00', '0000-00-00', 30.00, 'ยาแก้ท้องอืด', 'https://cf.shopee.co.th/file/th-11134207-7qul5-ljpaswe8s3l21b'),
(18, 'Air-x drop', '15 มก.', 'มากกว่านี้ 1 ขวบขึ้นไป : ขึ้นอยู่กับ 0.3 มล.มากกว่า 2 ขวบ : ขึ้นอยู่กับ 0.6 มล.รับประทานวันละ 4 ครั้งหลังอาหารเช้า เย็น และก่อนนอน', NULL, 'ลดแรงตึงผิวของแก๊สระบบควบคุมอาหารในส่วนที่เป็นฟองแก๊สถูกถูกขับออกจากทางเดินอาหาร', 7, 6, 3, 1, '0000-00-00', '0000-00-00', 50.00, 'ยาแก้ท้องอืด', 'https://down-th.img.susercontent.com/file/02731a3c2f11b2b992cdc86c189bb1b4'),
(19, 'Aknederm-BP 5%', '10 กรัม', 'ก่อนทา ควรล้างเครื่องสำอางออกก่อน ใช้ทาก่อนล้างหน้า 2 เวลา เช้า-เย็น ช่วงแรกที่ใช้ทาทิ้งไว้ 5 นาทีก่อน ถ้าไม่รู้สึกแสบหน้าสามารถเพิ่มเวลาเป็น 10-15 นาทีได้ เมื่อได้เวลาให้ล้างหน้าด้วยโฟมล้างหน้าหรือล้างหน้าตามปกติที่เราเคยทำ ก่อนทา AkneDerm BP 2.5 ควรล้าง', '-ควรเริ่มทาเป็นระยะเวลาสั้นๆแล้วล้างออก จากนั้นค่อยๆเพิ่มเวลาทายาให้นานขึ้น-ไม่ควรใช้ร่วมกับ retinoic acid ถ้าใช้ร่วมกับ retinoic acid ควรทาคนละเวลา-อาจทำให้เกิด allergic contact dermatitis ได้ โดยพบได้ไม่มาก-อาจทำให้เป็นรอยด่างชั่วคราวได้ในบริเวณที่ทายา-ถ้าทาบริเวณลำตัวควรระวัง เพราะยาจะกัดสีเสื้อผ้าทำให้ด่างได้', 'ช่วยลดสิวเสี้ยน สิวอุดตัน ช่วยลดสิวเสี้ยน สิวอุดตันช่วยลดและป้องกันการเกิดสิว เนื้อผลิตภัณฑ์ เป็นเจลค่อนข้างเหลว ขุ่น', 10, 4, 3, 1, '0000-00-00', '0000-00-00', 75.00, 'ยาแต้มสิว', 'https://brdermthailand.com/images/virtuemart/product/AkneDerm-BP%205_%2010g_800x800.jpg'),
(20, 'Alben', '200 มก.', 'แนะนำให้รับประทานทุก 6 เดือนหรืออย่างน้อยปีละ 1 ครั้งยาน้ำ 1 ขวด 10 มล.มีตัวยาอัลเบนดาโซล 400 มก.ใช้สำหรับเด็กอายุ 2 ปีขึ้นไป รับประทานครั้งละ 10 มล. ก่อนนอน', '-ยานี้เป็นยาที่สั่งจ่ายโดยแพทย์เท่านั้น ห้ามแบ่งให้ผู้อื่นรับประทานโดยไม่ได้รับคำแนะนำจากแพทย์-ผู้ที่แพ้ยาอัลเบนดาโซลหรือส่วนผสมภายในยารวมถึงยาชนิดอื่นที่คล้ายกัน เช่น มีเบนดาโซล (Mebendazole) ไม่ควรใช้ยานี้-ห้ามใช้ยานี้เมื่อเคยแพ้ยานี้ หรือส่วนประกอบของยานี้ หรือยาอื่นในกลุ่มเบนซิมิดาโซล-ผู้ที่มีประวัติการชัก ควรระวังเมื่อใช้ยานี้-ผู้ที่เป็นโรคตับ ควรระวังเมื่อใช้ยานี้-หญิงมีครรภ์ ควรระวังการใช้ยานี้-หญิงให้นมบุตร ควรหลีกเลี่ยงการใช้ยานี้-ไม่ควรใช้ยานี้ร่วมกับยา อาหาร สมุนไพร หรือผลิตภัณฑ์เสริมอาหารบางชนิด เพราะอาจมีผลกับการรักษาหรือเกิดอันตรายได้ เช่น คาร์บามาเซพีน ฟีโนบาร์บิทอล และเฟนีโทอิน แต่ถ้าหากไม่แน่ใจว่าใช้ยาเหล่านี้อยู่ให้ปรึกษาแพทย์หรือเภสัชกร', 'ยาถ่ายพยาธิตัวกลม Albendazoleสำหรับกำจัดและขับถ่ายพยาธิตัวกลมทุกชนิด', 7, 6, 3, 1, '0000-00-00', '0000-00-00', 35.00, 'ยาถ่ายพยาธิ', 'https://www.spdrug.com/administrator/product/images/P19062018182840.jpg'),
(21, 'Albemed', '200 มก.', 'สำหรับผู้ใหญ่ และเด็กอายุเกิน 2 ปี1.พยาธิเข็มหมุดหรือพยาธิเส้นด้าย พยาธิแส้ม้า พยาธิปากขอ พยาธิไส้เดือน รับประทานครั้งเดียว 2 เม็ด พร้อมอาหาร2 พยาธิตัวตืด พยาธิสตรองจิลอยดีส์ รับประทาน 2 เม็ด พร้อมอาหาร ติดต่อกัน 3 วัน3.พยาธิใบไม้ในตับ รับประทานวันละ 2 คร', NULL, NULL, 7, 2, 3, 6, '0000-00-00', '0000-00-00', 49.00, 'ยาถ่ายพยาธิ', 'https://medthai.com/wp-content/uploads/2016/09/%E0%B8%AD%E0%B8%B1%E0%B8%A5%E0%B8%9A%E0%B8%B5%E0%B9%80%E0%B8%A1%E0%B8%94.jpg'),
(22, 'Alcohol 7Stars', '450 มล.', 'ใช้ล้างมือหรือบาดแผล เพื่อทำความสะอาดและฆ่าเชื้อโรค ใช้ล้างเครื่องมือเพื่อฆ่าเชื้อโรค', NULL, 'สำหรับฆ่าเชื้อโรค', 12, 6, 4, 1, '0000-00-00', '0000-00-00', 99.00, 'แอลกอฮอล์', 'https://inwfile.com/s-cs/n0e2ty.jpg'),
(23, 'Alcohol Gel Alsoff', '450 มล.', 'ใช้สำหรับทำความสะอาดมือ', NULL, 'สำหรับฆ่าเชื้อโรค', 12, 6, 4, 1, '0000-00-00', '0000-00-00', 99.99, 'แอลกอฮอล์', 'https://www.bec-vet.com/media_file/product_gallery/2345/01.jpg?1593414435'),
(24, 'ALEREST', '10 มก.', 'เด็กอายุ 6–12 ปี รับประทานครั้งละ 5 มิลลิกรัม วันละ 2 ครั้งเด็กอายุ 12 ปีขึ้นไป และผู้ใหญ่ รับประทานวันละ 10 มิลลิกรัม วันละ 1 ครั้ง หากอาการแพ้ไม่รุนแรง แพทย์อาจแนะนำให้แบ่งรับประทานยาครั้งละ 5 มิลลิกรัม วันละ 1–2 ครั้ง', '-ห้ามใช้ยานี้ในผู้ที่มีประวัติเคยแพ้ยาหรือส่วนประกอบของยานี้ หรือเคยมีประวัติแพ้ยาไฮดรอกซิซีน (Hydroxyzine)-ระวังการใช้ยานี้ในหญิงให้นมบุตร เนื่องจากไม่มีข้อมูลยืนยันความปลอดภัย-กินยานี้แล้วอาจง่วงซึมควรหลีกเลี่ยงการขับขี่ยานพาหนะหรือทำงานกับเครื่องจักรกลที่อาจเกิดอุบัติเหตุได้ง่าย', 'รักษาอาการแพ้ ได้แก่ อาการคันตาจากการแพ้ ภูมิแพ้เยื่อบุโพรงจมูกอักเสบจากสารก่อการแพ้ ผื่นคัน อาการแพ้ในระบบทางเดินหายใจส่วนบน', 7, 2, 2, 10, '0000-00-00', '0000-00-00', 30.00, 'ยาแก้แพ้', 'https://www.spdrug.com/administrator/product/images/P18022023123900.jpg'),
(25, 'Alinamin EX Plus', '60 เม็ด', 'อายุ 15 ปีขึ้นไปรับประทานยาครั้งละ 1 เม็ด วันละ 1 ครั้งหลังอาหารทันที ห้ามใช้ในผู้ที่มีอายุต่ำกว่า 15 ปี', '-ห้ามใช้ในผู้ที่มีอายุต่ำกว่า 15 ปี-ห้ามใช้ในผู้ที่แพ้ยาหรือส่วนประกอบเหล่านี้-ผู้ป่วยที่อยู่ภายใต้การดูแลของแพทย์ควรปรึกษา ขอแนะนำจากแพทย์หรือเภสัชกรก่อนเริ่มใช้ยา-หยุดใช้ยาทันทีหากมีอาการผื่นคันที่บริเวณผิวหนัง คลื่นไส้ อาเจียน ปากอักเสบ อึดอัดไม่สบายท้อง พร้อมแจ้งให้แพทย์หรือเภสัชกรทราบ', '1.เสริมวิตามินบี 1 วิตามินบี 6 และวิตามินบี 12 ในผู้ที่ร่างกายอ่อนเพลีย2.เสริมวิตามินบี 1 วิตามินบี 6 และวิตามินบี 12 เพื่อฟื้นฟูสมรรถภาพทางกายระหว่างการเจ็บป่วยหรือพักฟื้น3.เสริมวิตามินบี 1 วิตามินบี 6 และวิตามินบี 12 ในสตรีมีครรภ์และสตรีที่ให้นมบุตร4.บรรเทาอาการต่างๆ ที่อาจเกิดขึ้นเนื่องจากการขาดวิตามินบี 1 เช่น ปลายประสาทอักเสบ (Peripheral neuritis), อาการชาตามปลายมือปลายเท้า (Numbness of the extremities)', 7, 2, 1, 60, '0000-00-00', '0000-00-00', 99.99, 'ผลิตภัณฑ์เสริมอาหาร', 'https://www.pronatureclub.com/uploads/978/shop/201903/201903-19-101932_uJ-0.jpg'),
(26, 'Allergis', '5 มล.', 'หยอดตาครั้งละ 1-2 หยด วันละ 4-6 ครั้ง', NULL, 'บรรเทาอาการระคายเคือง แสบตา คันลูกนัยน์ตาจากการแพ้', 13, 6, 3, 1, '0000-00-00', '0000-00-00', 90.00, 'บรรเทาอาการระคายเคืองตา', 'https://inwfile.com/s-e/hz0n0x.jpg'),
(27, 'Ambes', '5 มก.', 'มีข้อบ่งใช้ คือ ภาวะเจ็บแน่นหน้าอกคงที่ (stable angina) และ Prinzmetal’s angina ขนาดการใช้ยาในผู้ใหญ่เริ่มใช้ยาที่ขนาด 5 มิลลิกรัม วันละครั้ง อาจเพิ่มขนาดเป็น 10 มิลลิกรัม วันละครั้งได้หากจำเป็น ขนาดการใช้ยาในผู้สูงอายุ เริ่มใช้ยาที่ขนาด 2.5 มิลลิกรัม วัน', '-ไม่ให้ใช้ยาในผู้ป่วยที่มีความดันโลหิตต่ำรุนแรง-ไม่ให้ใช้ยาในผู้ป่วยที่มีภาวะช็อก-ไม่ให้ใช้ยาในผู้ป่วยที่มีการอุดกั้นของหัวใจห้องล่างซ้าย (left ventricle) ได้แก่ การเกิด aortic stenosis-ไม่ให้ใช้ยาในผู้ป่วยที่มีภาวะหัวใจล้มเหลว หลังจากการเกิดภาวะหัวใจขาดเลือดแบบเฉียบพลัน-ระวังการใช้ยาในผู้ป่วยที่มีภาวะหัวใจล้มเหลว-ระวังการใช้ยาในผู้ป่วยโรคตับ และโรคไต-ระวังการใช้ยาในผู้ป่วยสูงอายุ สตรีมีครรภ์ และสตรีให้นมบุตร', 'กลไกการออกฤทธิ์ของยาคือ แอมโลดิพีนเป็นยาต้านแคลเซียมในกลุ่มไดไฮโดรไพริดีน (dihydropyridine) มีกลไกยับยั้งการไหลเข้าของแคลเซียมไอออนสู่กล้ามเนื้อหัวใจและกล้ามเนื้อเรียบของหลอดเลือดหัวใจ ทำให้หลอดเลือดเกิดการขยายตัว ยาแอมโลดิพีนยังสามารถลดแรงต้านของหลอดเลือดและลดความดันโลหิตโดยทำให้เกิดการขยายตัวของหลอดเลือดแดงที่ peripheral artery ประสิทธิผลการรักษาในภาวะเจ็บแน่นหน้าอก เนื่องจากยาสามารถลดแรงต้านของหลอดเลือดร่วมกับยับยั้งการเกิดการหดตัวของหลอดเลือดหัวใจ เพิ่มปริมาณออกซิเจนเข้าสู่หัวใจ', 7, 2, 2, 10, '0000-00-00', '0000-00-00', 69.00, 'บรรเทาอาการแน่นหน้าอก', 'https://www.spdrug.com/administrator/product/images/P26082019033108.jpg'),
(28, 'Ambrox Junior', '60 มล.', 'เด็ก6-12ปี1ช้อนชาวันละ2-3ครั้ง เด็ก2-5ปี0.5 ช้อนชาวันละ2-3ครั้ง เด็ก<2ปี0.5ช้อนชาวันละ2ครั้ง', 'ไม่มีข้อห้ามในการใช้ยา แต่มีข้อควรระวัง-ควรระมัดระวังการใช้ยานี้ในผู้ป่วยที่มีแผลในกระเพาะอาหาร-ควรระวังการใช้ยานี้ในผู้ป่วยโรคปอดบวม หรือโรคในระบบทางเดินหายใจ-ควรระวังการใช้ยานี้ในผู้ป่วยที่มีการได้รับการกดภูมิคุ้มกัน เช่นในผู้ป่วยติดเอชไอวี-ควรระวังการใช้ยาในผู้ป่วยโรคตับ โรคไต-ควรระวังการใช้ยาในผู้ป่วยเด็ก-ควรระวังการใช้ยาในสตรีมีครรภ์ และสตรีให้นมบุตร', 'ละลายเสมหะ ที่คั่งค้างอยู่ในทางเดินหายใจให้ถูกขับออกมาง่ายขึ้น ลดอาการไอ', 7, 6, 3, 1, '0000-00-00', '0000-00-00', 69.00, 'ละลายเสมหะ, ลดอาการไอ', 'https://www.spdrug.com/administrator/product/images/P22062018170214.jpg'),
(29, 'Amitriptyline', '25 มก.', 'ควรปรึกษาแพทย์หรือเภสัชกรก่อนใช้ยา', '-ห้ามใช้ยานี้ในผู้ที่มีประวัติเคยแพ้ยา หรือส่วนประกอบของยานี้-ห้ามเด็กอายุต่ำกว่า 12 ปี รับประทานยา Amitriptyline-ผู้ที่มีอาการหัวใจขาดเลือดเฉียบพลันเมื่อไม่นานมานี้ ไม่ควรรับประทานยานี้-ระวังการใช้ยานี้ในผู้ป่วยโรคเส้นเลือดหัวใจตีบ-ระวังการใช้ยานี้ในหญิงมีครรภ์ และหญิงให้นมบุตรเนื่องจากไม่มีข้อมูลยืนยันความปลอดภัย-ระวังการใช้ยานี้ในผู้ป่วยโรคลมชัก ยานี้อาจจำเป็นต้องปรับขนาดในผู้ป่วยโรคตับหรือโรคไต หรือกำลังกินยาบางชนิด หากท่านมีภาวะเหล่านี้ควรแจ้งแพทย์-หลีกเลี่ยงหรืองดเครื่องดื่มที่มีแอลกอฮอล์ในระหว่างการรักษา-ระมัดระวังการขับขี่ยานยนต์ หรือทำงานเกี่ยวกับเครื่องจักรกล หรือทำงานที่เสี่ยงต่อการพลัดตกจากที่สูง', 'ยา amitriptyline ใช้สำหรับรักษาอาการผิดปกติทางจิตใจ อารมณ์ เช่น ภาวะซึมเศร้า (depression) ยานี้จะช่วยให้อารมณ์ดีขึ้นและรู้สึกมีความสุขมากขึ้น, ช่วยคลายความวิตกกังวลและความตึงเครียด, ช่วยให้คุณนอนหลับได้ดีขึ้น, และช่วยให้ร่างกายมีระดับพลังงานมากขึ้น ยา amitriptyline เป็นยาในกลุ่ม tricyclic antidepressants ยาจะออกฤทธิ์โดยไปปรับสมดุลของสารเคมีตามธรรมชาติในสมอง (สารสื่อประสาท เช่น ซีโรโทนิน (serotonin))', 7, 2, 2, 10, '0000-00-00', '0000-00-00', 79.00, 'ยานอนหลับ, ผ่อนคลาย', 'https://2.bp.blogspot.com/-qm-iOo1gbbg/VhNSPb0CskI/AAAAAAAABZc/bShzobFW9AA/s1600/amitrip.jpg'),
(30, 'Amlodipine', '10 มก.', 'รับประทานครั้งละ 1 เม็ด วันละครั้ง', '-ห้ามใช้ยานี้เมื่อเคยแพ้ยานี้ หรือส่วนประกอบของยานี้-ห้ามใช้ยานี้เมื่อความดันเลือดต่ำอย่างรุนแรง-ห้ามใช้ยานี้ในเด็กที่มีอายุต่ำกว่า 6 ปี โดยไม่ได้รับคำแนะนำจากแพทย์-ผู้ที่เป็นโรคหัวใจล้มเหลว โรคกล้ามเนื้อหัวใจหนาโรคลิ้นหัวใจตีบ โรคตับ ควรปรึกษาแพทย์ทุกครั้งก่อนการใช้ยา-หญิงตั้งครรภ์ (pregnancy) ควรระมัดระวังการใช้ยานี้-หญิงให้นมบุตรควรหลีกเลี่ยงการใช้ยานี้-ยาชนิดนี้อาจมีปฏิกิริยากับยาบางตัวเมื่อมีการรับประทานร่วมกัน เช่น ยาไนโตรกลีเซอริน ยาซิมวาสแตติน ยารักษาโรคหัวใจ ยาโรคความดันโลหิตสูง จึงควรปรึกษาแพทย์ก่อนการใช้ยา', 'ยาลดความดัน', 7, 2, 2, 10, '0000-00-00', '0000-00-00', 49.00, 'ยาลดความดัน', 'https://mt-drugstore.bangkoksync.com/images/listings/mt-drugstore-5748c8d4d1.jpg'),
(31, 'Ammeltz Yoko Yoko', '48 มล.', 'ทาบริเวณที่เป็น 2-3 ครั้ง หรือจะใช้ได้บ่อยตามที่ต้องการ', NULL, 'บรรเทาอาการปวดเมื่อยกล้ามเนื้อ คลายกล้ามเนื้อ เคล็ดขัดยอก อาการฟกช้า ตามร่างกาย ใช้ดีมาก ในรายที่ปวดกล้ามเนื้อหลัง ท้ายทอย และไหล่ หรืออาการปวดจากการนั่งนาน ออฟฟิศซินโดรม ไม่เหนียวเหนอะหนะ ไม่เปื้อนเสื้อผ้า', 10, 6, 3, 1, '0000-00-00', '0000-00-00', 99.99, 'ยาคลายกล้ามเนื้อ', 'https://vitamintoyou.net/wp-content/uploads/2019/07/cd328589c78cb72c6078f5e613e28c1f.jpg'),
(32, 'Ammonia', '30 มล.', 'ยาสำหรับสูดดม-สำลี', NULL, 'ใช้ดมแก้ลมวิงเวียน หน้ามืด เป็นยากระตุ้นการหายใจ ', 14, 6, 4, 1, '0000-00-00', '0000-00-00', 30.00, 'ยาแก้วิงเวียนศีรษะ', 'https://inwfile.com/s-cx/94m4lb.jpg'),
(33, 'Amogin Gel', '240 มล.', 'ครั้งละ 1-2 ส่วนวันละ 3-4 ทั้งหมด 1 ชั่วโมงก่อนอาหารและก่อนนอน', NULL, 'ลดกรดในกระเพาะอาหาร บรรเทาอาการจุกเสียด ท้องอืด แน่นท้อง', 7, 6, 4, 1, '0000-00-00', '0000-00-00', 69.00, 'ยาบรรเทาอาการท้องอืด', 'https://d.line-scdn.net/lcp-prod-photo/20210819_69/1629345481608pE98v_PNG/AT8PI33KXJLJ4M0HWNEL5WJSXJKFE3.png'),
(34, 'Amogin Gel', '450 มล.', 'ครั้งละ 1-2 ส่วนวันละ 3-4 ทั้งหมด 1 ชั่วโมงก่อนอาหารและก่อนนอน', NULL, 'ลดกรดในกระเพาะอาหาร บรรเทาอาการจุกเสียด ท้องอืด แน่นท้อง', 7, 6, 4, 1, '0000-00-00', '0000-00-00', 99.99, 'ยาบรรเทาอาการท้องอืด', 'https://obs.line-scdn.net/r/ect/ect/image_165368086005022040319d24320t0fcd51cc'),
(35, 'Amogin tab', '15 มล.', 'รับประทานเมื่อรู้สึกแสบร้อนกลางอกเป็นประจำกรดไหลย้อนอาหารไม่ย่อยเพราะกรดช่วยลดกรดในกระเพาะอาหารลดแก๊ส ท้องอืด ท้องเฟ้', NULL, 'ลดกรดในกระเพาะอาหาร บรรเทาอาการจุกเสียด ท้องอืด แน่นท้อง', 7, 7, 3, 30, '0000-00-00', '0000-00-00', 20.00, 'ยาบรรเทาอาการท้องอืด', 'https://images.app.goo.gl/KCMFw51S2KfwecML7'),
(36, 'Amoksiklav ', '1000 มก.', 'ผู้ใหญ่-เด็กอายุมากกว่า 12 ปี และน้ำหนักมากกว่า 40 กิโลกรัมรับประทานครั้งละ 1 เม็ด วันละ 2 ครั้ง หรือ ทุก 12 ชม', '-ห้ามใช้ยานี้ในผู้ป่วยที่แพ้ยาอะมอกซิซิลลิน หรือแพ้ยากลุ่มเบต้าแลคแทม-ห้ามใช้ยาในผู้ป่วยที่มีประวัติการทำงานของตับผิดปกติที่เกิดจากการใช้ยานี้-ระวังการใช้ยานี้ในผู้ป่วยโรคไข้และต่อมน้ำเหลืองโต-ระวังการใช้ยานี้ในผู้ป่วยโรคไต และโรคตับ-ระวังการใช้ยานี้ในเด็ก สตรีมีครรภ์ และสตรีให้นมบุตร', 'รักษาการติดเชื้อที่หู ติดเชื้อไซนัส ติดเชื้อในลำคอ ติดเชื้อทางเดินปัสสาวะ ติดเชื้อทางทันตกรรม ข้อต่อและกระดูกอักเสบ', 7, 2, 3, 10, '0000-00-00', '0000-00-00', 99.99, 'ยาปฏิชีวนะ ', 'https://mt-drugstore.bangkoksync.com/images/listings/mt-drugstore-d70fdfb695.jpg'),
(37, 'Amoxy', '500 มก.', 'สำหรับผู้ใหญ่จะรับประทานครั้งละ 1 แคปซูล วันละ 3 ครั้ง หลังอาหารเช้า – กลางวัน – เย็น โดยให้ทานติดต่อกัน 5-10 วัน', '-ห้ามใช้ยาที่หมดอายุ-ผู้ป่วยที่มีประวัติแพ้ยาเพนนิซิลินห้ามใช้ยานี้-ห้ามใช้ยานี้เมื่อเคยแพ้ยาในกลุ่มเซฟาโรสปอรินขั้นรุนแรง-ระวังการใช้ยานี้กับผู้ป่วยโรคตับ โรคไต โรคหอบหืด หญิงตั้งครรภ์ และหญิงให้นมบุตร ซึ่งผู้ป่วยต้องได้รับคำแนะนำจากแพทย์และให้แพทย์เป็นผู้สั่งจ่ายยาเท่านั้น', 'ออกฤทธิ์ฆ่าเชื้อแบคทีเรีย', 7, 2, 2, 10, '0000-00-00', '0000-00-00', 20.00, 'ยาปฏิชีวนะ ', 'https://res.cloudinary.com/dk0z4ums3/image/upload/v1637737073/attached_image_th/antibioticpillgreenandbluecolourcapsules.jpg'),
(38, 'AMPIPEN N.L.', '500 มก.', ' 4 ครั้งต่อวัน (ทุกๆ 6 ชั่วโมง) หรือตามที่แพทย์สั่ง รับประทานยาแอมพิซิลลินขณะท้องว่าง (1 ก่อน หรือ 2 ชั่วโมงหลังมื้ออาหาร) ', NULL, 'ใช้รักษาโรคติดเชื้อของ ระบบทางเดินหายใจ กระเพาะอาหารและลำไส้ โรคติดเชื้อของทางเดินปัสสาวะ และอวัยวะสืบพันธุ์ ผิวหนังและเยื่อบุอ่อน', 7, 3, 2, 12, '0000-00-00', '0000-00-00', 50.00, 'ยาปฏิชีวนะ ', 'https://www.medicaya.com/upload/product/img1_23022022-051744.jpeg'),
(39, 'Amta 500', '500 มก.', 'รับประทานครั้งละ 1 แคปซูล สามเวลา ก่อนหรือหลังอาหารก็ได้', NULL, 'รักษาโรคติดเชื้อแบคทีเรียในระบบทางเดินหายใจ ผิวหนัง ทางเดินปัสสาวะ เช่น ทอมซิล คอหอย กล่องเสียงอักเสบ หนองใน', 7, 3, 2, 10, '0000-00-00', '0000-00-00', 40.00, 'ยาปฏิชีวนะ ', NULL),
(40, 'ANAMAI 28`S', '1 มก และ 0.05 มก', 'รับประทานจนครบ 28 เม็ด พอหมดแล้ววันใหม่กินต่อแผงต่อไปทันที', NULL, 'คุมกำเนิด', 7, 2, 2, 28, '0000-00-00', '0000-00-00', 16.00, 'ยาคุมกำเนิด', 'https://d.line-scdn.net/obs/r/ect/ect/image_169796885012100973922dd4673t127119c2/s860p'),
(41, 'ANAPRIL 20 MG', '20 มก.', 'เริ่มต้นที่ 2.5-5 มก วันละครั้ง จนถึง 10-40 มิลลิกรัม หรือตามสั่งของแพทย์', 'ห้ามใช้ในสตีมีครรภ์และให้นมบุตร', 'รักษาโรคความดันโลหิตสูง และภาวะหัวใจล้มเหลว', 7, 2, 2, 10, '0000-00-00', '0000-00-00', 19.00, 'ยารักษาความดันโลหิต', 'https://namyuenhosp.in.th/newphm/admin/postimages/bb8656356df77f65e7354ee0625e1a7e.jpg'),
(42, 'ANAPRIL 5MG', '5 มก.', '1 ครั้ง ต่อวัน', NULL, 'รักษาโรคความดันโลหิตสูง และภาวะหัวใจล้มเหลว', 7, 2, 2, 10, '0000-00-00', '0000-00-00', 19.00, 'ยารักษาความดันโลหิต', 'https://namyuenhosp.in.th/newphm/admin/postimages/bb8656356df77f65e7354ee0625e1a7e.jpg'),
(43, 'ANDROSIL', '20 มก. ', 'มื้อละ 1 เม็ด เมื่อมีอาการหวัด', NULL, 'บรรเทาอาการโรคหวัด เจ็บคอ น้ำมูกไหล', 7, 3, 2, 10, '0000-00-00', '0000-00-00', 65.00, 'แก้ปวด, ปวดหัว, เป็นไข้', 'https://www.doikham.co.th/wp-content/uploads/2021/10/IMG_9856.png'),
(44, 'ANTACIL', '50 มก.', 'รับประทานครั้งละ 1-2 เม็ด เคี้ยวให้ละเอียดก่อนกลืน วันละ 3-4 ครั้ง หลังอาหาร 1-2 ชั่วโมงและก่อนนอน', NULL, 'ลดกรดในกระเพาะอาหาร บรรเทาอาการจุกเสียด ท้องอืด แน่นท้อง', 7, 2, 2, 10, '0000-00-00', '0000-00-00', 12.00, 'ยาลดกรด', 'https://images.app.goo.gl/474iPZus2yp1uiCK9'),
(45, 'ANTACIL GEL', '1000 มล.', 'ทานครั้งละ 1-2 ช้อนชา วันละ 4 ครั้ง', NULL, 'ลดกรดในกระเพาะอาหาร บรรเทาอาการจุกเสียด ท้องอืด แน่นท้อง', 7, 6, 4, 1, '0000-00-00', '0000-00-00', 99.99, 'ยาลดกรด', 'https://images.app.goo.gl/E5XpF6xHFnpzJS8k7'),
(46, 'ANTACIL GEL', '240 มล.', 'ทานครั้้งละ 1-2 ช้อนชา วันละ 4 ครั้ง', '-ห้ามใช้ในผู้ป่วยโรคหัวใจ หรือโรคไต-หากมีอาการผิดปกติควรหยุดใช้ทันที และปรึกษาแพทย์-ไม่ควรรับประทานเป็นเวลานานกว่า 2 สัปดาห์ นอกจากแพทย์สั่ง', 'ลดกรดในกระเพาะอาหาร บรรเทาอาการจุกเสียด ท้องอืด แน่นท้อง', 7, 6, 4, 1, '0000-00-00', '0000-00-00', 49.00, 'ยาลดกรด', 'https://images.app.goo.gl/HKf38HAyp4b6hrr29'),
(47, 'APOLETS', '75 มก.', 'ทานวันละ 1 เม็ด', '-ห้ามใช้กับผู้ที่แพ้ยานี้-ห้ามใช้ยานี้กับผู้ป่วยที่มีภาวะโรคตับระยะรุนแรง-ห้ามใช้ยานี้กับผู้ป่วยด้วยโรคแผลในกระเพาะอาหารที่อยู่ในระยะมีเลือดออก-ห้ามใช้ยานี้กับสตรีที่อยู่ในภาวะให้นมบุตร-ห้ามแบ่งยานี้ให้ผู้อื่นใช้-ห้ามใช้ยาหมดอายุ-ระวังการใช้ยานี้กับผู้ที่มีภาวะสูญเสียเลือดซึ่งเกิดจากบาดแผลหรือจากการผ่าตัด', 'สำหรับป้องกันรักษาโรคหลอดเลือดแดงอุดตันที่ต้องติดตามผลการรักษาโดยแพทย์', 7, 2, 3, 30, '0000-00-00', '0000-00-00', 99.99, '7', 'https://images.app.goo.gl/1KFJ9Edc6fLZ2hGY7'),
(48, 'Apple Cider Vinegar', '1200 มก.', 'ผู้ใหญ่ แนะนำให้เริ่มรับประทานพร้อมอาหารและดื่มน้ำตามมากๆ เพื่อให้ได้ผลดีที่สุด ให้รับประทานครั้งละ 2 แคปซูล วันละ 3 ครั้ง แนะนำให้ปรึกษาผู้เชี่ยวชาญด้านอาหารเสริมหรือเภสัชกรก่อนการใช้  หากท่านกำลังตั้งครรภ์ หรืออยู่ในระหว่างการรักษาพยาบาล', '-แนะนำให้ปรึกษาผู้เชี่ยวชาญด้านอาหารเสริมหรือเภสัชชกรก่อนการใช้หากกำลังตั้งครรภ์หรืออยู่ในระหว่างการรักษาพยาบาล-ผลิตภัณฑ์นี้ประกอบด้วยกรดอะซิติคเข้มข้นอาจทำให้เกิดอาการระคายเคืองหากรู้สึกว่ามีความผิดปกติหรือไม่สบายในช่องท้อง ให้หยุดการไช้ทันทีและไปพบแพทย์-ห้ามแกะแคปซูลออกจากกัน-หากพบซีลภายใต้ฝาเสียหายหรือฉีกขาดให้เลี่ยงการใช้-เก็บให้ห่างจากมือเด็ก', '- แอปเปิ้ลไซเดอร์โพแทสเซียมช่วยในการแบ่งเซลล์ หากขาดแร่ธาตุนี้จะมีผลทำให้ร่างกายมีอาการผิดปกติ เช่น ผมร่วง ผมหงอก ร่างกายเติบโตช้า และแก่เกินวัย เป็นต้น- ช่วยเพิ่มความแข็งแรงให้เซลล์และหลอดเลือดแดง (โพแทสเซียม)- ช่วยชะลอความแก่ คงความหนุ่มสาว- ช่วยแก้อาการอ่อนเพลียของร่างกายหลังออกกำลังกาย- ช่วยทำให้ระบบหายใจทำงานดีขึ้น- ช่วยทำให้ความจำดีขึ้น- ประโยชน์แอปเปิ้ลไซเดอร์ช่วยลดความดันโลหิตและโรคหัวใจ- ช่วยลดระดับคอเลสเตอรอลในเลือดของหนูทดลองได้ แต่สำหรับคนยังไม่มีงานวิจัยที่น่าเชื่อถือ- มีงานวิจัยชี้ว่าน้ำส้มสายชูอาจช่วยกำจัดหรือชะลอการเจริญเติบโตของเซลล์มะเร็ง และยังพบว่าช่วยลดความเสี่ยงของการเกิดโรคมะเร็งหลอดอาหาร แต่มีอีกผลงานวิจัยกลับพบว่ามันอาจจะไปเพิ่มความเสี่ยงของการเป็นมะเร็งในกระเพาะปัสสาวะแทน', 7, 3, 1, 180, '0000-00-00', '0000-00-00', 99.99, 'ผลิตภัณฑ์เสริมอาหาร', 'https://images.app.goo.gl/FuMjNBbnbX5qhf3s5'),
(49, 'Apracur Nc', '300 มก.', 'ผู้ใหญ่ รับประทานวันละ 3-6 เม็ด โดยแบ่งรับประทานเป็น 3 ครั้ง ทั้งนี้แล้วแต่อาการป่วยจะมากหรือน้อย   ส่วนเด็กอายุ 10-14 ปี รับประทานครั้งละ 1 เม็ด วันละ 2-3 ครั้ง ควรรับประทานยานี้โดยกลืนเม็ดยาพร้อมกับน้ำหลังอาหาร', '-ยานี้อาจจะทำให้เกิดอาการง่วงซึม จึงไม่ควรขับขี่ยานยนต์หรือทำงานเกี่ยวกับเครื่องจักรกล-ถ้าใช้ยานี้เกินขนาดที่ระบุไว้ จะทำให้เป็นพิษต่อตับได้และไม่ควรใช้ยานี้ติดต่อกันเกิน 5 วัน-ผู้ที่เป็นโรคตับ โรคไต ควรปรึกษาแพทย์หรือเภสัชกรก่อนใช้ยานี้-ห้ามใช้กับผู้ป่วยโรคความดันโลหิตสูง โรคหัวใจ โรคเบาหวาน หรือโรคของต่อมไทรอยด์ นอกจากแพทย์สั่ง', 'ใช้สำหรับบรรเทาอาการไข้, ไข้หวัดที่มีอาการปวดศีรษะร่วมด้วย และลดน้ำมูกในไข้', 7, 2, 2, 6, '0000-00-00', '0000-00-00', 19.00, 'แก้ปวดหัว, เป็นไข้', 'https://images.app.goo.gl/hN5Ag43GrQvTLpLJA'),
(50, 'Arcoxia', '90 มก.', 'วิธีใช้เพื่อรักษาอาการปวดและอักเสบแบบเฉียบพลัน แนะนำให้เริ่มใช้ที่ขนาดต่ำก่อนคือ 60 mg. ต่อวัน. หากอาการไม่ดีขึ้น ในวันต่อไปอาจเพิ่มขนาดเป็น 90 และ 120 mg. ตามลำดับ ควรกินยาพร้อมอาหาร หรือหลังอาหารทันที ไม่แนะนำให้กินตอนท้องว่าง เมื่อหายปวดควรหยุดใช้ยาทัน', '-ผู้ที่เคยมีประวัติเป็นโรคกระเพาะอาหารหรือลำไส้อักเสบเคยมีเลือดออกในทางเดินอาหาร หรือปัจจุบันกำลังเป็นอยู่ควรระวังการใช้ยานี้ เนื่องจากตัวยามีฤทธิ์เป็นกรดอ่อนๆ จึงมีผลระคายเคืองทางเดินอาหารได้ แม้ว่าการออกฤทธิ์ของ Arcoxia หรือ etoricoxib จะเจาะจงต่อ cox-2 ก็ตาม จึงควรรับประทานหลังอาหารทันที หรือพร้อมอาหารคำสุดท้าย หลีกเลี่ยงการรับประทานตอนท้องว่าง-ผู้ที่มีโรคไตวายเรื้อรัง ระยะปานกลาง หรือระยะรุนแรงเนื่องจากยาไปออกฤทธิ์ยับยั้งเอนไซม์ที่ใช้ในการสร้าง prostaglandins หรือ PG ทำให้มี PG ลดลง โดยปกติ PG จะช่วยให้หลอดเลือดภายในไตขยายตัว เลือดไปเลี้ยงไตและไหลเวียนได้ดี ด้วยเหตุนี้เวลาใช้ยานี้จึงควรระวังผลเสียต่อไต เพราะยาจะทำให้การไหลเวียนเลือดภายในไตลดลง และอาจเกิดภาวะไตเสียหายเฉียบพลันได้ ยิ่งถ้าใช้ขนาดยาสูง ใช้เป็นระยะเวลานาน อายุมาก หรือมีโรคไต ความดัน เบาหวานอยู่ก่อนแล้ว ซึ่งอาจเป็นปัจจัยส่งเสริมให้เกิดผลเสียต่อไตได้ง่ายขึ้น-ผู้ที่เป็นโรคตับขั้นรุนแรง เนื่องจากยานี้ทำให้ค่าเอนไซม์ของตับสูงขึ้น แต่เมื่อหยุดยา ค่าเอนไซม์ของตับก็จะกลับมาอยู่ในระดับปกติ-ผู้ป่วยโรคความดันโลหิตสูงที่ควบคุมไม่ได้ เนื่องจากยาทำให้เกิดการคั่งของเกลือโซเดียมและน้ำในร่างกาย เป็นผลให้ความดันโลหิตสูงขึ้นได้ โดยเฉพาะหากใช้เป็นเวลานาน-ผู้ที่อาการหอบหืดกำเริบ เนื่องจากยานี้มีผลทำให้เกิดการหดเกร็งตัวของหลอดลมมากขึ้น ดังนั้น ไม่ควรใช้ยานี้ในผู้ป่วยที่อาการหอบหืดกำลังกำเริบ-ผู้ที่กำลังใช้ยาต้านการแข็งตัวของเลือด หรือมีภาวะเลือดออกง่าย เนื่องจากยานี้จะยับยั้งการจับกลุ่มกันของเกร็ดเลือด ทำให้เกร็ดเลือดเกาะกลุ่มกันน้อยลง เลือดแข็งตัวได้ยากขึ้น ทำให้เลือดออกง่ายหรือไหลไม่หยุด หากใช้ร่วมกันจะทำให้เกิดเลือดออกในอวัยวะต่างๆเช่น ใต้ผิวหนังเกิดจ้ำเขียว บวม ช้ำ หรือเกิดเลือดออกตามไรฟัน เป็นต้น-หญิงตั้งครรภ์ โดยเฉพาะไตรมาสสุดท้าย ควรหลีกเลี่ยงการใช้ยานี้ เนื่องจากจะเกิดผลเสียต่อไตของทารกในครรภ์ได้-หญิงให้นมบุตร ยังไม่มีผลศึกษาการใช้ในคนกลุ่มนี้มากพอ จึงควรหลีกเลี่ยงไปใช้ยาตัวอื่นก่อน หากจำเป็นต้องใช้ยาควรปรึกษาแพทย์หรือเภสัชชกรก่อนใช้ยา', 'เป็นยาที่มีฤทธิ์ต้านการอักเสบและลดอาการปวดได้', 7, 2, 3, 25, '0000-00-00', '0000-00-00', 99.99, 'ยาแก้ปวด, ลดอาการอักเสบ', 'https://images.app.goo.gl/kCJNjk4ck9GUBsmr8'),
(51, 'Arotika Cool Gel', '100 กรัม', 'ทาลงบนบริเวณผิวหนังถูให้ตัวยาซึมเข้าสู่ผิวหนัง วันละ 2-4 ครั้ง', NULL, 'บรรเทาอาการปวดและอักเสบในโรคกล้ามเนื้อ ข้อและเอ็นอักเสบ', 10, 4, 3, 1, '0000-00-00', '0000-00-00', 99.99, 'ยาแก้ปวด, ลดอาการอักเสบ', 'https://images.app.goo.gl/q1MuPx8DKBhNhCFQ8'),
(52, 'Arotika Cool Gel', '35 กรัม', 'ทาลงบนบริเวณผิวหนังถูให้ตัวยาซึมเข้าสู่ผิวหนัง วันละ 2-4 ครั้ง', NULL, 'บรรเทาอาการปวดและอักเสบในโรคกล้ามเนื้อ ข้อและเอ็นอักเสบ', 10, 4, 3, 1, '0000-00-00', '0000-00-00', 90.00, 'ยาแก้ปวด, ลดอาการอักเสบ', 'https://images.app.goo.gl/XqJkrQh3t21Nwiqq8'),
(53, 'Artrofort Complex', 'Glucosamine sulfate ', 'รับประทานวันละ 2 ซอง เช้า เย็น ก่อนอาหาร 15 นาที', NULL, 'ช่วยเสริมสร้างกระดูกและน้ำเลี้ยงข้อต่อสำหรับกรณีเริ่มต้น เหมาะกับผู้ที่มีอาการปวดเข้าเพียงเล็กน้อย', 15, 7, 3, 30, '0000-00-00', '0000-00-00', 99.99, 'ยาแก้ปวดเข่า', 'https://images.app.goo.gl/UkydANwfQTSRxVn59'),
(54, 'Ascorbic Acid', '50 มก.', 'อมให้ละลายช้าๆ หรือ เคี้ยวก่อนกลืน ครั้งละ 2-5 เม็ด วันละ 1-2 ครั้ง', NULL, 'ช่วยเสริมสร้้างภูมิต้านทานและช่วยให้ผิวพรรณกระจ่างใส', 7, 2, 1, 1000, '0000-00-00', '0000-00-00', 99.99, 'ผลิตภัณฑ์เสริมอาหาร', 'https://images.app.goo.gl/yTYSFWQwnZdS1rAr9'),
(55, 'Asepso Sport', '80 กรัม', 'ใช้ถูผสมกับน้ำเปล่าให้เกิดฟอง ชำระล้างทำความสะอาดร่างกาย', NULL, 'ช่วยชำระล้างแบคทีเรีย ที่เป็นสาเหตุของปัญหาผดผื่นคัน สิว และกลิ่นกาย พร้อมอะลัม และสารสกัดจากใบฝรั่ง ช่วยยับยั้งกลิ่นกาย เหมาะสำหรับผู้ที่ต้องเผชิญอากาศร้อน หรือกิจกรรมที่ก่อให้เกิดเหงื่อและกลิ่นกาย', 16, 8, 3, 1, '0000-00-00', '0000-00-00', 25.00, 'ทำความสะอาดร่างกาย, ลดสิวผิวกาย', 'https://images.app.goo.gl/S34kgxxiowH2Gcfz5'),
(56, 'Astaxanthin THP', '6 มก.', 'รับประทานวันละ 1 แคปซูล พร้อมมื้ออาหารทุกวัน', NULL, 'เสริมสร้างภูมิคุ้มกันโรคอย่างมีประสิทธิภาพ ช่วยป้องกันการทำลายเซลล์ จึงเป็นสารที่มีประโยชน์ต่อสุขภาพร่างกายในการดูเเลสุขภาพของดวงตา และหัวใจ', 7, 3, 3, 30, '0000-00-00', '0000-00-00', 99.99, 'ผลิตภัณฑ์เสริมอาหาร', 'https://images.app.goo.gl/vYSJXfmVCMxkXSq46'),
(57, 'ATK GIGA', '1 ชุด', 'วิธีอ่านผล-ถ้าขึ้น 2 แถบ ที่ C และ T แสดงว่า ติดเชื้อโควิด-19-ถ้าขึ้น 1 แถบ ที่ C แสดงว่า ไม่ติดเชื้อโควิด-19-ถ้าขึ้น 1 แถบ ที่ T แสดงว่า การทดสอบผิดพลาด-ถ้าไม่ขึ้นแถบใดๆ แสดงว่า การทดสอบผิดพลาด-ผลเป็น บวก ให้แจ้งหน่วยบริการใกล้บ้าน และแยกกักตัวโดยเร็ว-ผล', NULL, 'GICA Testsealabs ชุดตรวจหาแอนติเจนของเชื้อโควิด 19 จากตัวอย่างที่เยื่อบุโพรงจมูกด้านหน้า', 17, 9, 3, 1, '0000-00-00', '0000-00-00', 29.00, 'ชุดตรวจโควิด', 'https://api.watsons.co.th/medias/zoom-front-302032.jpg?context=bWFzdGVyfGltYWdlc3w5MTYyNHxpbWFnZS9qcGVnfGFEUTBMMmc0TWk4eE1USTBNRFV4TnpVNU9USTJNaTlYVkVOVVNDMHpNREl3TXpJdFpuSnZiblF1YW5Cbnw0ODY5NWVkNGZjYTczMDMwODAwNmYwMmQ1ZjMzNzRmOTc4Y2E0MmZiZTg4OTM4ZGNlODI1NGEzYTNkZTRkNTVj'),
(58, 'ATK HIP Biotech', '1 ชุด', 'อ่านคำเตือนในเอกสารกำกับเครื่อมือแพทย์ก่อนการใช้งาน', NULL, 'ชุดตรวจโควิด-19 แบบตรวจหาแอนติเจนด้วยตนเอง โดยวิธีตรวจน้ำลาย', 17, 9, 3, 1, '0000-00-00', '0000-00-00', 30.00, 'ชุดตรวจโควิด', 'https://www.exta.co.th/wp-content/uploads/2023/03/547105-00-atk-hip.jpg'),
(59, 'ATK Nasal Swab Singclean', '1 ชุด', 'อ่านคำเตือนในเอกสารกำกับเครื่อมือแพทย์ก่อนการใช้งาน', NULL, 'ชุดตรวจโควิด-19 แบบตรวจหาแอนติเจนด้วยตนเอง โดยวิธีตรวจจมูก', 17, 9, 3, 1, '0000-00-00', '0000-00-00', 39.00, 'ชุดตรวจโควิด', 'https://www.bio-active.co.th/wp-content/uploads/2022/01/Head-Banner_R2-1920x582.jpg'),
(60, 'Atorvastatin', '20 มก.', 'ควรใช้ยาตามคำแนะนำของแพทย์หรือเภสัชกรเท่านั้น เนื่องจากขนาดและระยะ เวลาในการใช้ยานี้ขึ้นกับชนิดและความ รุนแรงของโรควิธีใช้ยา กินยานี้วันละครั้ง เวลาใดก็ได้ โดยให้เป็นเวลาใกล้เคียงกันอย่างสม่ำเสมอกินก่อนหรือหลังอาหารก็ได้', NULL, 'ลดไขมันในเลือด', 7, 2, 2, 10, '0000-00-00', '0000-00-00', 69.00, 'ลดไขมันในเลือด', 'https://medtide.com/wp-content/uploads/2020/08/Atorvastatin-Sandoz-20-mg-10-tablets-%E0%B8%A2%E0%B8%B2%E0%B8%A5%E0%B8%94%E0%B9%84%E0%B8%82%E0%B8%A1%E0%B8%B1%E0%B8%99.png'),
(61, 'Atozin ', '250 มก.', 'ควรใช้ยาตามคำแนะนำของแพทย์หรือเภสัชกรเท่านั้น', NULL, 'ยาปฏิชีวนะใช้ในการรักษาโรคติดเชื้อแบคทีเรีย', 7, 2, 2, 6, '0000-00-00', '0000-00-00', 59.00, 'ยาปฏิชีวนะ ', 'https://www.spdrug.com/administrator/product/images/P06012020150129.jpg'),
(62, 'Aureomycin ', '250 มก.', 'ควรใช้ยาตามคำแนะนำของแพทย์หรือเภสัชกรเท่านั้น', NULL, 'ยาปฏิชีวนะใช้ในการรักษาโรคติดเชื้อแบคทีเรีย', 7, 3, 2, 10, '0000-00-00', '0000-00-00', 99.00, 'ยาปฏิชีวนะ ', 'https://f.ptcdn.info/609/062/000/pnat7ycuaeJWSu2UgYK-o.jpg'),
(63, 'Avafast ', '60 มก.', 'รับประทานปริมาณ 60 มิลลิกรัม วันละ 2 ครั้ง (สูงสุดไม่เกิน 180 มิลลิกรัมต่อวัน)', NULL, '1. ใช้สำหรับบรรเทาอาการที่เกิดจากเยื่อจมูกอักเสบจากภูมิแพ้ ในผู้ใหญ่ และเด็กอายุตั้งแต่ 6 ปีขึ้นไป สามารถรักษาอาการต่างๆ ได้อย่างมีประสิทธิภาพได้แก่ อาการจาม น้ำมูกไหล คันในจมูก/ เพดานปาก/คอ คันในตา น้ำตาไหล ตาแดง2. ใช้สำหรับบรรเทาอาการลมพิษผื่นคันเรื้อรังที่ไม่ทราบสาเหตุ ในผู้ใหญ่ และเด็กอายุตั้งแต่ 6 ปีขึ้นไป', 7, 2, 3, 60, '0000-00-00', '0000-00-00', 65.00, 'ยาแก้แพ้', 'https://obs.line-scdn.net/r/ect/ect/image_16971241899355518596c6b4574t1264364d'),
(64, 'Avamys Nasal Spray', '27.5 MCG', 'โดยปกติเราจะใช้ Avamys วันละ 1 ครั้ง เพราะยาจะค่อนข้างออกฤทธิ์ยาวครอบคลุม 8-24 ชั่วโมงได้เลย โดยขนาดการพ่นยาจะแบ่งเป็นตามอายุดังนี้-เด็กอายุ 12 ปีขึ้นไป – ผู้สูงอายุ ให้พ่นจมูกข้างละ 2 สเปรย์ วันละ 1 ครั้ง เมื่ออาการแพ้ควบคุมได้ดีขึ้น สามารถลดขนาดยาเหลือพ', NULL, 'เราจะใช้อวามิสในการรักษาและควบคุมอาการภูมิแพ้ที่เกิดจากเยื่อบุโพรงจมูกอักเสบ ที่เรียกว่า Allergic rhinitis โดยยาจะไปลดอาการจาม น้ำมูกไหล คันจมูก ระคายเคืองตา ตาแดง รวมถึงยังช่วยลดอาการคัดแน่นจมูก จากการแพ้ ได้อีกด้วย นอกจากนี้ยังสามารถใช้เป็นครั้งคราวในการรักษาภูมิแพ้ตามฤดูกาล (Seasonal allergic rhinitis) ในแต่ละปี การที่อวามิสช่วยควบคุมอาการแพ้ ทำให้ผู้ที่ใช้ลดโอกาสการพัฒนาของโรคภูมิแพ้ไปเป็นไซนัสและหอบหืดได้เป็นอย่างดี', 18, 6, 3, 1, '0000-00-00', '0000-00-00', 99.99, 'ยาแก้แพ้', 'https://5.imimg.com/data5/SELLER/Default/2023/8/331218784/IQ/XX/FF/186116104/avamys2-500x500.jpg'),
(65, 'Ayura Pinklady', '500 มล.', 'รับประทานวันละ 10-30 ml   วันละ 1- 3 ครั้งและดื่มตอนท้องว่าง เพื่อผลที่ชัดเจนควรทานต่อเนื่องทุกวันอย่างน้อย 3 เดือนเขย่าก่อนดื่ม และควรเก็บในตู้เย็นหลังจากเปิดแล้ว สำหรับท่านที่มีแผลในกระเพาะอาหาร แผลในทางเดินอาหาร ควรเจือจางด้วยการผสมน้ำ 1 แก้วต่อเครื่อง', NULL, '1. ช่วยลดการปวดประจำเดือนและทำให้ประจำเดือนมาเป็น ปกติ2. ช่วยลดอาการตกขาว หรือมุตกิตเรื้อรัง ดับกลิ่นภายในช่องคลอดและกลิ่นตัว3. ช่วยดูแลอาการมดลูกต่ำ มดลูกโต หรือปวดหน่วงมดลูกเป็นประจำ4. ช่วยบำรุงหน้าท้องที่เหี่ยวย่น5. ทำให้มดลุกเข้าอู่เร็ว ขับน้ำคาวปลาแทนการอยู่ไฟ6. สตรีวัยทองอารมณ์แจ่มใส เพิ่มน้ำหล่อลื่นอย่างเป็นธรรมชาติ7. ผิวพรรณชุ่มชื้น เพิ่มความฟิตกระชับของกล้ามเนื้อ8. เพิ่มระบบภูมิคุ้มกันของร่างกาย ลดอาการภูมิแพ้ ป้องกันหลอดเลือดแดงตีบ เสริมสร้างโปรตีน บำรุงเส้นผม เล็บ', 7, 6, 4, 1, '0000-00-00', '0000-00-00', 99.00, 'ยาสตรี', 'https://lzd-img-global.slatic.net/g/p/dd794b5e05af6c51d2b5119922152794.jpg_960x960q80.jpg_.webp'),
(66, 'Babini Cool Patch', '8 ชิ้น', 'ฉีกชองด้านบนออก ตัดแบ่งขนาดของแผ่นเจลให้พอดีกับขนาดของบริเวณที่ต้องการติด ติดทิ้งไว้ได้นานถึง 8 ชั่วโมง หรือตามที่ต้องการ', NULL, ' แผ่นเจลลดไข้สำหรับเด็กชนิด Hydrogel ช่วยลดไข้ด้วยวิธีธรรมชาติ ได้ยาวนานกว่า 8 ชั่วโมง  ผลิตจากประเทศ ญี่ปุ่น ใช้งานสะดวก ไม่ต้องแช่เย็น ตัดแบ่งขนาดตามต้องการได้ทันที  ติดแน่น  ไม่หลุดลอกง่าย แต่อ่อนโยนต่อผิวเด็ก  ไม่มีส่วนผสมของแอลกอฮอล์', 19, 5, 3, 6, '0000-00-00', '0000-00-00', 99.99, 'แผ่นแปะลดไข้', 'https://www.provamed.co.th/wp-content/uploads/2022/03/Babini-CoolPatch-02-1-768x838.jpg'),
(67, 'Baby ball  ', '1 ชุด', 'Betadine ', NULL, 'ชุดปั๊มนมเก็บแบบโยก', 20, 9, 3, 1, '0000-00-00', '0000-00-00', 99.99, 'เครื่องปั๊มนม', 'https://down-th.img.susercontent.com/file/5dd699d14e67a6d82ca58c387ed13f41'),
(68, 'ฺฺBacidal Ointment', '15 กรัม', 'ทาบริเวณผิวหนังที่มีการติดเชื้อ วันละ 3 ครั้ง นาน 10 วัน', NULL, 'ใช้รักษาการติดเชื้อของผิวหนัง อันเนื่องมาจากเชื้อที่ไวรับต่อยานี้ได้แก่ Staphylococcus aureus, beta-hemolytic, Streptococcus และ Streptococcus  pyogenes', 10, 4, 3, 1, '0000-00-00', '0000-00-00', 99.99, 'ยารักษาผิวหนังติดเชื้อ', 'https://www.crb.co.th/images/products/gallery/bacidal-570x450.png'),
(69, 'Bactex Ointment 15 G', '15 กรัม', 'ทาบริเวณที่เป็นวันละ 2 ครั้ง เช้า-เย็น', NULL, 'เป็นยาปฏิชีวนะใช้เฉพาะที่ ใช้สำหรับรักษาโรคติดเชื้อแบคทีเรียที่ผิวหนัง เช่น ตุ่มหนองพุพอง ตุ่มหนองที่มีการติดเชื้อลึกลงไปถึงชั้นหนังแท้ การอักเสบของรูขุมขนที่เป็นหนอง ฝี โรคผิวหนังอักเสบ การอักเสบของผิวหนังที่มาจากการแพ้ โรคผิวหนังที่เป็นตุ่มพุพอง และบาดแผลที่มีการติดเชื้อ เช่น แผลเปื่อย แผลไฟไหม้ แผลถูกของมีคมบาด แผลถลอก แผลฉีกขาด และแผลผ่าตัด', 10, 4, 3, 1, '0000-00-00', '0000-00-00', 99.99, 'ยารักษาผิวหนังติดเชื้อ', 'https://www.udl.co.th/wp-content/uploads/2020/12/BACTEX-%E0%B9%81%E0%B8%9A%E0%B8%84%E0%B9%80%E0%B8%97%E0%B9%87%E0%B8%81%E0%B8%8B%E0%B9%8C_%E0%B8%A2%E0%B8%B2%E0%B8%AA%E0%B8%B3%E0%B8%AB%E0%B8%A3%E0%B8%B1%E0%B8%9A%E0%B8%9C%E0%B8%B4%E0%B8%A7%E0%B8%AB%E0%B8%99%E0%B8%B1%E0%B8%87_%E0%B8%A2%E0%B8%B2%E0%B8%82%E0%B8%B5%E0%B9%89%E0%B8%9C%E0%B8%B6%E0%B9%89%E0%B8%87.jpg'),
(70, 'Bactex Ointment 5 G', '5 กรัม', 'ทาบริเวณที่เป็นวันละ 2 ครั้ง เช้า-เย็น', NULL, 'เป็นยาปฏิชีวนะใช้เฉพาะที่ ใช้สำหรับรักษาโรคติดเชื้อแบคทีเรียที่ผิวหนัง เช่น ตุ่มหนองพุพอง ตุ่มหนองที่มีการติดเชื้อลึกลงไปถึงชั้นหนังแท้ การอักเสบของรูขุมขนที่เป็นหนอง ฝี โรคผิวหนังอักเสบ การอักเสบของผิวหนังที่มาจากการแพ้ โรคผิวหนังที่เป็นตุ่มพุพอง และบาดแผลที่มีการติดเชื้อ เช่น แผลเปื่อย แผลไฟไหม้ แผลถูกของมีคมบาด แผลถลอก แผลฉีกขาด และแผลผ่าตัด', 10, 4, 3, 1, '0000-00-00', '0000-00-00', 99.99, 'ยารักษาผิวหนังติดเชื้อ', 'https://f.ptcdn.info/516/009/000/1378783215-2012021413-o.jpg'),
(71, 'Bacticin Ointment', '5 กรัม', 'ทายาบาง ๆ ลงบนผิวหนังบริเวณที่มีการติดเชื้อ 1–3 ครั้ง/วัน', NULL, 'เป็นยาที่ใช้รักษาการติดเชื้อแบคทีเรีย โดยตัวยาจะช่วยยับยั้งการเจริญเติบโตของเชื้อแบคทีเรียในบริเวณที่มีอาการ ในบทความนี้จะกล่าวถึงรูปแบบยาทาผิวหนังเท่านั้น โดยใช้กับผิวหนังที่มีการติดเชื้อไม่รุนแรง อย่างแผลถลอก แผลฉีกขาด หรือแผลไฟไหม้น้ำร้อนลวกขนาดเล็ก', 10, 4, 3, 1, '0000-00-00', '0000-00-00', 99.99, 'ยารักษาผิวหนังติดเชื้อ', 'https://obs.line-scdn.net/r/ect/ect/image_16974708735813698566c6a7157t12698089'),
(72, 'Bactigras ', '1 ชิ้น', 'ใช้ผ้าก๊อซนี้ผิดแผลที่ทำความสะอาดแล้วให้แนบสนิทกับพื้นแผล  ', NULL, '-ผ้าก๊อซปิดแผลแบบฆ่าเชื้อ-ช่วยบรรเทาและปกป้องบาดแผล-ลดความเสี่ยงในการติดเชื้อ-เหมาะสำหรับปกปิดแผล เช่น แผลไฟไหม้ , แผลถลอก-เป็นผ้าก๊อซปิดแผลที่ชุบด้วย Soft Para B.P. และน้ำยาฆ่าเชื้อที่ประกอบด้วย ตัวยา 0.5% Chlorhexdine Acetate (milled) B.P.', 19, 5, 3, 1, '0000-00-00', '0000-00-00', 15.00, 'แผ่นผิดแผล', 'https://image.makewebeasy.net/makeweb/m_1920x0/rank6ZM3Y/WoundCare/Bactigras.jpg'),
(73, 'Bactokil Ointment', '5 กรัม', 'ทาบริเวณผิวหนังที่อักเสบวันละ 3 ครั้ง', NULL, 'ยาใช้ภายนอกชนิดขี้ผึ้ง สำหรับ แผลพุพอง ฝี หนอง แผลเปื่อย ไฟไหม้', 10, 4, 3, 1, '0000-00-00', '0000-00-00', 85.00, 'ยารักษาผิวหนังติดเชื้อ', 'https://www.bloggang.com/data/e/emilia0412/picture/1639464646.jpg'),
(74, 'Bain Syrup', '15 มล.', 'รับประทานวันละ 1 ช้อนโต๊ะ(15 มล.) หลังอาหาร', NULL, 'เสริมภูมิคุ้มกัน สู่พัฒนาการที่สมวัย ฉลาดสดใส แข็งแรง', 7, 6, 3, 1, '0000-00-00', '0000-00-00', 99.99, 'ผลิตภัณฑ์เสริมอาหาร', 'https://down-th.img.susercontent.com/file/f76c8674b07efe595f1efcc01ee5b9cf'),
(75, 'Bakamol 100s', '500 มก.', ' รับประทานครั้งละ 1-2 เม็ด ทุกๆ 4-6 ชั่วโมง', NULL, 'เป็นยาบรรเทาอาการปวด เช่น ปวดศีรษะ ปวดฟัน ลดไข้', 7, 2, 1, 100, '0000-00-00', '0000-00-00', 99.99, 'แก้ไข้, แก้ปวด', 'https://www.bakamol.com/wp-content/uploads/2021/06/bakamol-100pill.jpg'),
(76, 'Bakamol 60 ml', '60 มล.', '-อายุน้อยกว่า 2 เดือน : ขนาดยา ให้ปรึกษาแพทย์-อายุ 2-3 เดือน ที่น้ำหนัก 4-6กก. : กินครั้งละ ครึ่งช้อนชา (หรือ 2.5มล.) วันละ 1 ครั้ง เฉพาะเวลาปวดหรือมีไข้หากจำเป็นต้องกินอีกครั้ง ห่างจากครั้งแรกอย่างน้อย 4 ชม. ถ้าไม่ดีขึ้นให้ปรึกษาแพทย์หรือเภสัชกร-อายุ มาก', NULL, 'ยาน้ำลดไข้ บรรเทาปวด สำหรับเด็ก ไม่มีแอลกอฮอล์ รสตรอเบอรี่ผสมลูกแพร์', 7, 6, 3, 1, '0000-00-00', '0000-00-00', 65.00, 'แก้ไข้สำหรับเด็ก, แก้ปวดสำหรับเด็ก', 'https://healthandcarestore.com/wp-content/uploads/2021/12/26-scaled.jpg'),
(77, 'Banner Fish Oil+Vit B', '25.8 ก.', 'วันละ 1 แคปซูล พร้อมอาหารเช้า', 'เด็กและสตรีมีครรภ์ ไม่ควรรับประทาน, ห้ามใช้ในผู้ที่แพ้ปลาทะเลหรือน้ำมันปลา, ควรระวังในผู้ที่เลือดแข็งตัวช้า หรือผู้ที่ใช้ยาต้านการแข็งตัวของเลือด หรือแอสไพริน', 'Banner Hi-B With Fish Oil แบนเนอร์ ไฮ-บี ฟิชออยล์ [1 ขวด] สีน้ำเงิน ส่งเสริมการทำงานของระบบประสาท ประกอบไปด้วยกรดอะมิโน 18 ชนิด + สารอาหารที่ช่วยให้สมองทำงานได้ดีขึ้นอีก 11 ชนิดรวม 29 ชนิด เหมาะสำหรับคนทำงานและนักศึกษาที่ต้องการอาหารเสริมประสิทธิภาพสมองให้ทำงานได้ดี ช่วยเสริมความจำ ไม่ขี้หลงขี้ลืม รู้สึกสดชื่น ไม่รู้สึกสมองอ่อนล้าง่ายๆ อีกต่อไป', 7, 3, 4, 30, '0000-00-00', '0000-00-00', 99.99, 'ผลิตภัณฑ์เสริมอาหาร', 'https://image.makewebeasy.net/makeweb/m_1920x0/jvt3xrJAB/DrugImg/BANNER_FISH_OIL_VIT_B_30_S_%E0%B8%82%E0%B8%A7%E0%B8%94%E0%B9%81%E0%B8%81%E0%B9%89%E0%B8%A7.png'),
(78, 'Banner Protein + Lecithin', '25.8 ก.', 'วันละ 1 แคปซูล พร้อมอาหารเช้า', 'เด็กและสตรีมีครรภ์ ไม่ควรรับประทาน, ห้ามใช้ในผู้ที่แพ้ปลาทะเลหรือน้ำมันปลา, ควรระวังในผู้ที่เลือดแข็งตัวช้า หรือผู้ที่ใช้ยาต้านการแข็งตัวของเลือด หรือแอสไพริน', 'ซ่อมแซมส่วนที่สึกหรอ คืนร่างกายให้กลับมาสดใส เหมาะสำหรับผู้อ่อนเพลีย พักผ่อนไม่เพียงพอ 1.กรดอะมิโนคือหน่วยที่เล็กที่สุดของโปรตีน ซึ่งเป็นสารอาหารที่สำคัญมากในการสร้างและซ่อมแซมเซลล์ต่างๆ ในร่างกาย เสริมสร้างมวลกล้ามเนื้อ และคงสภาพปกติของกระดูกกรดอะมิโนบางชนิดร่างกายสร้างไม่ได้ต้องทานเข้าไปเท่านั้น 2.ซ่อมแซมส่วนที่สึกหรอ 3.กรดอะมิโนในแบนเนอร์มาจากซอยโปรตีน ย่อยเร็วกว่าให้ร่างกายได้ประโยชน์เร็วกว่าลดอาการอ่อนเพลีย', 7, 3, 4, 30, '0000-00-00', '0000-00-00', 99.99, 'ผลิตภัณฑ์เสริมอาหาร', 'https://mmshop.app/image/cache/catalog/013/P-8850-700x700.jpg'),
(79, 'Banocin Powder', '10 ก.', 'โรยบริเวณแผลวันละ 1-2 ครั้ง', '-', 'ใช้สำหรับโรยแผล แผลพุพอง แผลมีเชื้อ ใช้ทาหรือแต้มที่หัวสิว เพื่อรักษาอาการอักเสบของสิว', 10, 6, 3, 1, '0000-00-00', '0000-00-00', 55.00, 'ยารักษาผิวหนังติดเชื้อ, สิว', 'https://inwfile.com/s-e/mdeatr.jpg'),
(80, 'Bebidol', '120 มล.', '-ทารกแรกเกิด ครั้งละ ½ ช้อนชา-ทารก 1-6 เดือน ครั้งละ 1 ช้อนชา-ทารก ½ -1 ขวบ ครั้ง 2 ช้อนชา-ทารก 2 ขวบขึ้นไป ครั้งละ 2-3 ช้อนชา', '-', 'บรรเทาอาการท้องอืด ท้องเฟ้อ กระเพาะมีกรดมาก สำหรับทารก ไม่มี แอลกอฮอล์และน้ำตาล', 7, 6, 3, 1, '0000-00-00', '0000-00-00', 49.00, 'บรรเทาอาการท้องอืด, ลดกรด', 'https://th-test-11.slatic.net/p/e4239cea7c7bcafad32e3279b4861776.jpg'),
(81, 'Befer 100s', '100 เม็ด', 'ผู้ใหญ่: ใช้ป้องกัน รับประทานครั้งละ 1 เม็ด วันละ 3 - 4 เวลา  เด็ก: รับประทานครั้งละ 1 เม็ด วันละ 1 - 2 เวลา', '-', '-ใช้บำรุงโลหิต-บำรุงร่างกาย-ลดการเหนื่อย อ่อนเพลีย-ในผู้ป่วยที่ฟื้นจากไข้หลังผ่าตัด-สตรีที่มีครรภ์และหลังคลอดบุตร', 7, 2, 1, 100, '0000-00-00', '0000-00-00', 99.99, 'ผลิตภัณฑ์เสริมอาหาร', 'https://down-th.img.susercontent.com/file/8441155b068059362d56c83b1c98a568'),
(82, 'Belcid Suspension', '240 มล.', 'รับประทานก่อนอาหารครึ่งชั่วโมง หรือหลังอาหาร 1 ชั่วโมง หรือเมื่อมีอาการผู้ใหญ่: รับประทานครั้งละ 1-4 ช้อนชาเด็กอายุ 6-12 ปี : รับประทานครั้งละ 1-2 ช้อนชาเด็กอายุ 3-6 ปี: รับประทานครั้งละ ½-1 ช้อนชา', '-', ' เป็นยาลดกรดและเคลือบแผลในกระเพาะอาหาร บรรเทาอาการปวดท้อง เนื่องจากมีกรดมากในกระเพาะอาหาร แก้ท้องอืด จุกเสียด แน่นท้อง', 7, 6, 4, 1, '0000-00-00', '0000-00-00', 40.00, 'บรรเทาอาการท้องอืด, ลดกรด', 'https://image.makewebeasy.net/makeweb/m_1920x0/jvt3xrJAB/DefaultData/PhotoRoom_25641120_214529.png'),
(83, 'Belcid Forte', '240 มล.', 'ครั้งละ 1 ช้อนโต๊ะ วันละ 3-4ครั้ง', '-', 'ช่วยลดกรดในกระเพาะอาหาร ขับลมเคลือบแผลในกระเพาะอาหารหรือลำไส้ บรรเทาอาการ อาหารไม่ย่อย ท้องอืด ท้องเฝ้อ จุกเสียดแน่น ได้ภายใน', 7, 6, 4, 1, '0000-00-00', '0000-00-00', 40.00, 'บรรเทาอาการท้องอืด, ลดกรด', 'https://biopharmshop.com/wp-content/uploads/2019/10/Belcid_1.png'),
(84, 'Benda 500 MG รสมะนาว', '500 มก.', 'รับประทานครั้งละ 1 เม็ด เพียงครั้งเดียว เคี้ยวก่อนกลืน', '-ห้ามใช้ในเด็กอายุต่ำกว่า 2 ปี-ไม่ควรใช้ในสตรีมีครรภ์ในระยะ 3 เดือนแรก และผู้เป็นโรคตับ', 'ถ่ายพยาธิ์เส้นด้าย ตัวกลม', 7, 2, 3, 1, '0000-00-00', '0000-00-00', 25.00, 'ยาถ่ายพยาธิ', 'https://www.pharmacare-plus.com/uploads/images/16856813555478.jpg'),
(85, 'Benda Susp 30 ML', '30 มล.', 'เด็ก 2 ขวบขึ้นไป 1ช้อนชาวันละ2ครั้ง เช้า เย็น ติดต่อกัน 3 วัน', '-ห้ามใช้ในเด็กอายุต่ำกว่า 2 ปี-ไม่ควรใช้ในสตรีมีครรภ์ในระยะ 3 เดือนแรก และผู้เป็นโรคตับ', 'ถ่ายพยาธิ เข็มหมุด เส้นด้าย ไส้เดือน ปากขอ แส้ม้า', 7, 6, 3, 1, '0000-00-00', '0000-00-00', 40.00, 'ยาถ่ายพยาธิ', 'https://www.shopping-d.com/cdn/shop/products/BendaSuspensionMixedFruitFlavourAbroad-spectrumAnthelminticSize30ml_800x800.png?v=1610683237'),
(86, 'Benzac Ac Gel 2.5%', '15 กรัม', 'ใช้ทาก่อนล้างหน้า 10 – 15 นาที บริเวณที่ต้องการ', 'Benzac ควรทาหลีกเลี่ยงบริเวณรอบดวงตา, ปาก และร่องจมูก เพราะเป็นบริเวณที่ผิวค่อนข้างมีความบอบบาง อาจก่อให้เกิดการระคายเคืองได้ และนอกจากนี้ Benzac (เบคแซค) อาจจะก่อให้เกิดผลข้างเคียงอื่น ๆ ได้ เช่น อาจทำให้ผิวแสบในช่วงแรกที่เริ่มใช้ หรืออาจทำให้ผิวหน้าแห้งตึง หน้าแดงเป็นบางจุดและผิวลอกในบางราย ถ้าหากใช้ Benzac (เบคแซค) แล้วเกิดผื่นคัน หน้าไหม้ หรือหน้าลอกอย่างรุนแรง ควรหยุดยาและพบแพทย์ผิวหนังทันที', 'ช่วยให้หัวสิวออกจากตุ่มสิวและฆ่าเชื้อแบคทีเรีย ซึ่งเป็นสาเหตุของสิว', 10, 4, 3, 1, '0000-00-00', '0000-00-00', 99.99, 'รักษาสิว', 'https://obs.line-scdn.net/r/ect/ect/image_1677500646772409348b57a330t1138c7d6'),
(87, 'Benzac Ac Gel 5%', '15 กรัม', 'ใช้ทาก่อนล้างหน้า 10 – 15 นาที บริเวณที่ต้องการ', 'Benzac ควรทาหลีกเลี่ยงบริเวณรอบดวงตา, ปาก และร่องจมูก เพราะเป็นบริเวณที่ผิวค่อนข้างมีความบอบบาง อาจก่อให้เกิดการระคายเคืองได้ และนอกจากนี้ Benzac (เบคแซค) อาจจะก่อให้เกิดผลข้างเคียงอื่น ๆ ได้ เช่น อาจทำให้ผิวแสบในช่วงแรกที่เริ่มใช้ หรืออาจทำให้ผิวหน้าแห้งตึง หน้าแดงเป็นบางจุดและผิวลอกในบางราย ถ้าหากใช้ Benzac (เบคแซค) แล้วเกิดผื่นคัน หน้าไหม้ หรือหน้าลอกอย่างรุนแรง ควรหยุดยาและพบแพทย์ผิวหนังทันที', 'ใช้เพื่อรักษาสิว ฆ่าเชื้อแบคทีเรียอันเป็นสาเหตุของสิวทำให้หัวสิวหลุดออกจากตุ่มสิว ช่วยลดความมันบนใบหน้าละลายสิวอุดตัน สิวเสี้ยน อ่อนโยนเหมาะสำหรับคนที่แพ้แอลกอฮอล์', 10, 4, 3, 1, '0000-00-00', '0000-00-00', 99.99, 'รักษาสิว', 'https://image.makewebeasy.net/makeweb/m_1920x0/sn9fFdFIs/AAA2019/74674664b80542da6f56b5304b60dd83.jpg?v=202311151122'),
(88, 'Bepanthen First Aid', '30 กรัม', 'ล้างแผลเป็นหรือบริเวณมีอาการอักเสบให้ทั่ว แล้วทาบริเวณที่มีอาการวันละครั้งหรือหลายครั้ง จนกระทั่งแผลหาย โดยอาจจะปิดแผลไว้ แต่ไม่จำเป็นต้องปิดแผลก็ได้', '-ห้ามใช้บีแพนเธน เฟิร์สเอดครีม ในผู้ป่วยที่แพ้ยาหรือส่วนประกอบตัวใดตัวหนึ่งของยา และไม่ใช้ในกรณีที่บาดแผลรุนแรง แผลลึก หรือแผลที่มีการสัมผัส--เชื้อมาก ซึ่งแผลเหล่านี้ต้องการการดูแลรักษาโดยแพทย์-ห้ามใช้กับเยื้อแก้วหูที่ทะลุ-ระวังไม่ให้ บีแพนเธน เฟิร์สเอด ครีม เข้าตา ช่องหู หรือทาในบริเวณเนื้อเยื่อบุเมือก-ปรึกษาแพทย์และเภสัขกรในกรณีที่มีโรคหรืออาการป่วยอื่นๆ ร่วมด้วย-แพ้ยาหรือสารเคมีใด ๆ-มีการรับประทานหรือทายาอื่น ๆ อยู่ด้วย (รวมทั้งยานอกใบสั่งแพทย์ด้วย)-ไม่ควรใช้ บีแพนเธน เฟิร์สเอด ครีม กับผิวหนังที่อักเสบจากการระคายเคืองที่ไม่น่าจะเกิดการติดเชื้อ เช่น แพ้แสงแดด ในกรณีนี้ ควรใช้ บีแพนเธน ออยเมนต์ แทน-หากการติดเชื้อยังคงอยู่หรืออาการแย่ลงควรปรึกษาแพทย์', '-ฆ่าเชื้อแบคทีเรีย เนื่องจากคลอร์เฮกซิดีนออกฤทธิ์ทำลายเยื้อหุ้มเซลล์ของเชื้อแบคทีเรีย จึงช่วยทำลายเชื้อที่บริเวณบาดแผล-สมานแผลที่ผิวหนัง เนื่องจากเด็กซ์แพนธีนอล หรือโปรวิตามินบี 5 จะซึมเข้าสู่ผิวหนังไปช่วยเร่งกระบวนการสมานแผลตามธรรมชาติ', 10, 4, 3, 1, '0000-00-00', '0000-00-00', 99.99, 'ฆ่าเชื้อแบคทีเรีย, สมานแผลที่ผิวหนัง ', 'https://www.bepanthen.co.th/sites/g/files/vrxlpx30131/files/2023-10/BP-FA-30g-NEW-pack-2022_BOX%2BTUBE.png?imwidth=2048'),
(89, 'Bepanthen Ointment', '30 กรัม', 'ใช้ครีมที่จะช่วยปกป้องพร้อมกับการบำรุงผิวใต้ผ้าอ้อม โดยสามารถทาบีแพนเธนบางๆ ที่บริเวณก้นลูกน้อย หลังทำความสะอาดและซับให้แห้ง แล้วทาทุกครั้งก่อนเปลี่ยนผ้าอ้อม เพื่อการปกป้องและบำรุงผิว', '-ห้ามใช้หากแพ้ส่วนผสมของผลิตภัณฑ์-เป็นยาใช้เฉพาะภายนอกร่างกายเท่านั้น', '-ช่วยปกป้องดูแลผิวใต้ผ้าอ้อม-ดูแลหัวนมคุณแม่ที่ให้นมบุตร-ช่วยดูแลผิวแห้งและผิวแพ้ง่าย-ช่วยดูแลผิวแตก ลอก จากแสงแดด และสาเหตุอื่นๆ', 10, 4, 3, 1, '0000-00-00', '0000-00-00', 99.99, 'ต่อต้านการอักเสบของผิว, ให้ความชุ่มชื้นผิว', 'https://www.bepanthen.co.th/sites/g/files/vrxlpx30131/files/2023-10/Bepanthen-Ointment-10g-EN.png?imwidth=2048'),
(90, 'Bepanthen Sensiderm Cream', '20 กรัม', '-บีแพนเธน เซนซิเดิร์ม ปราศจากสเตียรอยด์ สารกันเสีย สีและน้ำหอม  ใช้ทาบริเวณผิวที่มีอาการผื่นคันและผิวแดง อักเสบได้ตามต้องการ-สามารถใช้ได้ในระหว่างตั้งครรภ์และให้นมบุตร-สามารถใช้ได้ในเด็กตั้งแต่ 1 เดือนขึ้นไป มีข้อมูลทางการแพทย์ในด้านประสิทธิภาพและความปลอด', 'ไม่ควรใช้ในบริเวณที่มีแผลเปิด', 'ครีมบรรเทาอาการคันและแดง บีแพนเธน เซนซิเดิร์ม ครีม เป็นผลิตภัณฑ์นำเข้าจากประเทศเยอรมนี ช่วยบรรเทาอาการคันและแดง เหมาะสำหรับผู้ที่มีผิวที่ไม่ได้เกิดจากการติดเชื้อ หรือผิวอักเสบที่ไม่ได้เกิดจากการติดเชื้อ ผิวแพ้ง่าย เพราะปราศจากสเตียรอยด์ น้ำหอม และสารกันเสีย พร้อมให้ความชุ่มชื้นเพื่อช่วยบรรเทาอาการผิวผื่นคัน ที่เกิดจากผิวแห้งมีผื่นแพ้ ผื่นผิวหนังอักเสบ และอาการแพ้ที่ผิวหนัง', 10, 4, 3, 1, '0000-00-00', '0000-00-00', 99.99, 'ให้ความชุ่มชื้นผิวหนัง,ผื่นอาการคันแดง', 'https://www.bepanthen.co.th/sites/g/files/vrxlpx30131/files/2023-10/Bepanthen-SD-20g.png?imwidth=2048'),
(91, 'Berclomin', '100 มก.', 'รับประทานครั้งละ 1 เม็ด วันละ3ครั้ง ก่อนอาหารเช้า กลางวัน เย็น', '-หลีกเลี่ยงการใช้ยา Dicyclomine หากผู้ป่วยมีความผิดปกติในการปัสสาวะ ลำไส้อุดตัน ท้องผูกรุนแรง ลำไส้อักเสบรุนแรงหรือเป็นแผล กรดไหลย้อน ภาวะทางหัวใจที่รุนแรง ภาวะมีเลือดออก โรคต้อหิน และโรคกล้ามเนื้ออ่อนแรง-ให้หยุดใช้ยาและแจ้งให้แพทย์ทราบทันทีหากเกิดผลข้างเคียงจากการใช้ยาที่รุนแรง เช่น สับสน ประสาทหลอน มีความคิดหรือพฤติกรรมที่ผิดปกติ หัวใจเต้นเร็วหรือเต้นผิดปกติ ปัสสาวะน้อยกว่าปกติหรือไม่ปัสสาวะเลย เป็นต้น-ผู้ที่ตั้งครรภ์และกำลังวางแผนมีบุตร ควรปรึกษาแพทย์ถึงข้อดีและข้อเสียของยาก่อนใช้ และต้องใช้ยานี้เมื่อจำเป็นเท่านั้น                                         -ห้ามใช้ยา Dicyclomine กับทารกอายุต่ำกว่า 6 เดือน และห้ามให้นมบุตรในระหว่างที่ใช้ยานี้ เพราะยาสามารถซึมผ่านสู่น้ำนมมารดา และอาจทำให้ทารกเกิดความผิดปกติในการหายใจหรือเกิดผลข้างเคียงอื่น ๆ       ', 'ยาบรรเทาอาการปวดเกร็งในช่องท้อง', 7, 2, 2, 10, '0000-00-00', '0000-00-00', 99.00, 'ยาแก้ปวดท้อง', 'https://medimyanmargroup.com/wp-content/uploads/2021/03/Berclomin-Tab.jpg');
INSERT INTO `drug_information` (`id`, `name`, `size`, `use_medicine`, `contraindications`, `properties`, `drug_type_id`, `category_id`, `package_id`, `quantity`, `production_date`, `expiration_date`, `price`, `keyword`, `link_images`) VALUES
(92, 'Berclomine Syrup', '60 มล.', 'รับประทานครั้งละ 1 ช้อนชาวันละ 3 ครั้ง', 'ห้ามใช้ยา Dicyclomine กับทารกอายุต่ำกว่า 6 เดือน และห้ามให้นมบุตรในระหว่างที่ใช้ยานี้ เพราะยาสามารถซึมผ่านสู่น้ำนมมารดา และอาจทำให้ทารกเกิดความผิดปกติในการหายใจหรือเกิดผลข้างเคียงอื่น ๆ       ', 'ปวดเกร็ง จุกเสียด แน่นท้องจากแก๊ชในกระเพาะ ขับลมในเด็กและทารก', 7, 6, 3, 1, '0000-00-00', '0000-00-00', 79.00, 'ยาแก้ปวดท้องสำหรับเด็ก', 'https://www.spdrug.com/administrator/product/images/P24102023113227.jpg'),
(93, 'Berocca Performance', '15 เม็ด', 'ครั้งละ 1 เม็ดวันละครั้งหลังอาหารเช้า หรือมื้ออื่นๆ โดยละลายเม็ดฟู่ในน้ำ 1 แก้ว', '-', '-บำรุงร่างกาย และ ระบบประสาท-ช่วยกระตุ้นการทำงานของวิตามินต่างๆ-เหมาะสำหรับคนที่ทำงานหนัก พักผ่อนน้อย และเครียด', 7, 2, 5, 15, '0000-00-00', '0000-00-00', 99.99, 'ผลิตภัณฑ์อาหารเสริม', 'https://www.wwhealthyplus.com/wp-content/uploads/2020/04/berocca-adj-img.jpg'),
(94, 'Berodual Inh 200D', '10 มล.', '1. ถือเครื่องช่วยหายใจตั้งตรงระหว่างนิ้วมือและนิ้วหัวแม่มือโดยให้นิ้วหัวแม่มืออยู่บนฐาน ถอดฝาครอบปากเป่า (ฝาปิด) ออกแล้วเขย่าเครื่องช่วยหายใจ 3-4 ครั้งก่อนใช้งาน2.หายใจออกเท่าที่รู้สึกสบาย อย่าหายใจเข้าไปในเครื่องช่วยหายใจ3. ถือเครื่องช่วยหายใจด้วยวิธีใดว', 'ห้ามใช้หากคุณมีอาการแพ้ยานี้หรือส่วนประกอบของยานี้ ยานี้อาจทำให้ปากแห้ง เสียงแหบ ปวดศีรษะ', 'สำหรับอาการหอบหืดและหลอดลมอักเสบ', 11, 6, 3, 1, '0000-00-00', '0000-00-00', 99.99, 'ขยายหลอดลม, หอบหืด', 'http://www.pharmbma.com/images/medicines/sp/22_berodual.jpg'),
(95, 'Bestatin', '10 มก.', '-เด็กอายุ 10-17 ปี เริ่มต้นที่ 10 มิลลิกรัมวันละครั้ง ขนาดยาแนะนำ 10-40 มิลลิกรัมต่อวันหรือตามแพทย์สั่ง-ผู้ใหญ่ เริ่มต้นที่ 40 มิลลิกรัมวันละครั้ง หรือ 80 มิลลิกรัมต่อวัน โดยแบ่งให้ 20 มิลลิกรัม เช้าและกลางวัน 40 มิลลิกรัม เย็นหรือใช้ตามแพทย์สั่ง ', 'ห้ามใช้กับผู้ป่วยที่แพ้ยานี้ ห้ามใช้ในหญิงตั้งครรภ์เด็ดขาด ไม่ควรใช้ในหญิงที่กำลังให้นมบุตร และห้ามใช้กับผู้ป่วยโรคเกี่ยวกับตับและไต นอกจากนี้การทานยาชนิดดังกล่าวควรได้รับการปรึกษาจากแพทย์เริ่มต้นจากให้แพทย์ประเมินปริมาณไขมันในเลือดก่อน เพื่อให้แพทย์กำหนดปริมาณการใช้ยาที่เหมาะสมแต่โดยทั่วไปยาชนิดนี้ไม่ควรทานเกิน 40 มิลลิกรัมต่อวัน', 'ยาลดไขมันในเลือด', 7, 2, 2, 10, '0000-00-00', '0000-00-00', NULL, 'ลดไขมันในเลือด', 'https://vinmec-prod.s3.amazonaws.com/images/20220609_145938_984328_thuoc-Bestatin_10.max-1800x1800.jpg'),
(96, 'Betadine 30cc', '30 มล.', 'ใช้ทาโดยไม่ต้องเจือจาง สำหรับแผลน้ำร้อน ไฟลวก ใช้ผ้าก๊อซชุบเบตาดีน โซลูชั่น ปิดบริเวณบาดแผลวันละหลายๆครั้ง', 'ยาใช้ภายนอก ห้ามรับประทาน', 'เบตาดีนสามารถฆ่าเชื้อโรคได้ทั่วไป เช่น เชื้อไวรัส เชื้อรา เชื้อแบคทีเรีย มีฤทธิ์อยู่นาน ไม่ทำให้เกิดอาการแสบระคายเคืองและไม่เกาะติดผิวหนัง ล้างออกได้ง่ายด้วยน้ำธรรมดา', 10, 6, 3, 1, '0000-00-00', '0000-00-00', 55.00, 'ฆ่าเชื้ื้อโรค, ทำความสะอาดแผล', 'https://i.ebayimg.com/images/g/uOAAAOSwEuhZ1FLa/s-l1600.jpg'),
(97, 'Betadine Gargle', '30 มล.', '1. หยดเบตาดีน® การ์เกิล 1-2 ซีซี ลงถ้วยผสม2. เติมน้ำสะอาดลงถ้วยผสม จนครบ 30 ซีซี3. อมกลั้วคอ 30 วินาที แล้วบ้วนทิ้ง วันละ 2-3 ครั้ง4. เก็บถ้วยผสม โดยครอบลงบนขวด', '-ห้ามรับประทาน-ระมัดระวังอย่าให้เข้าตา-ปิดฝาให้สนิททุกครั้งหลังใช้งาน-ควรเก็บในที่อุณหภูมิต่ำกว่า 30 องศาเซลเซียส', 'สามารถใช้น้ำยาเบตาดีนกลั้วคอเพื่อดูแลอาการภายในช่องปากได้ เช่น-คออักเสบ-ทอนซิลอักเสบ -แผลในปาก-เหงือกอักเสบ-เยื่อบุเมือกในปากอักเสบฆ่าเชื้อจุลินทรีย์เพื่อช่วยระงับกลิ่นปาก-ป้องกันการติดเชื้อที่บริเวณแผลในปาก เช่น แผลเนื่องจากการถอนฟัน และการผ่าตัดในช่องปาก', 21, 6, 3, 1, '0000-00-00', '0000-00-00', 99.99, 'ฆ่าเชื้อในช่องปาก, ทอนซิลอักเสบ ', 'https://inwfile.com/s-co/6j8pxl.jpg'),
(98, 'Betadine Throat Spray', '12 มล.', 'พ่นปากและลำคอ', '-', 'ฆ่าเชื้อจูลินทรีย์ลดอาการอักเสบบริเวณปากและคำคอ', 22, 6, 3, 1, '0000-00-00', '0000-00-00', 99.99, 'ฆ่าเชื้อในช่องปาก, ลดอาการอักเสบบริเวณช่องปากและลำคอ', 'https://www.wwhealthyplus.com/wp-content/uploads/2021/05/betadine-throat-spray.jpg'),
(99, 'Betadine พลาสเตอร์เจล', '8 กรัม', 'ทำความสะอาดบาดแผลให้สะอาดแล้วทาเจลล์ทาแผลบริเวณบาดแผลหนา 1-3 mm รอให้เจลล์แห้ง จะเกิดแผ่นฟิล์มเคลือบบาดแผล', 'ห้ามรับประทาน', 'แผ่นฟิล์ม polyurethane จะก่อตัวเคลือบบริเวณบาดแผล ภายหลังการทาเจลบริเวณบาดแผล ซึ่งช่วยป้องกันแผลจากเชื้อโรคและสิ่ง สกปรกภายนอก อีกทั้งยังช่วยกันน้ำได้ ส่วนประกอบ Polyurethane, Alcohol, Ethyl Acetate', NULL, 6, 3, 1, '0000-00-00', '0000-00-00', 99.99, 'รักษาบาดแผล', 'https://www.fascino.co.th/fasue-img/600/744/resize/img_hq/271608_1.jpg'),
(100, 'Beta Dipo Cream', '5 กรัม', '-ทายาบางๆ บริเวณที่มีอาการแพ้ อาการอักเสบ และ มีอาการคัน วันละ 1-2 ครั้ง เช้า เย็น-สำหรับผู้ที่ผิวแพ้อักเสบไม่มาก อาจใช้เป็นยาทาแก้แพ้ Clara lotion กับ Systral cream ได้', '-ห้ามให้ยาสัมผัสโดนเนื้อเยื่อบริเวณปาก จมูก และดวงตา-ห้ามรับประทาน', '-ช่วยบรรเทาอาการคันของผิวอักเสบจากภูมิแพ้ เช่น Atopic dermatitis , Eczema-รักษาผื่นแพ้ผิวหนังที่ไม่ได้เกิดจากการติดเชื้อ เช่น ผื่นแพ้สัมผัส แพ้สารเคมี-ลดการอักเสบของผิวหนังที่เกิดจากการโดนความร้อน-ลดการคัน บวมแดง จากแมลงสัตว์กัดต่อยต่างๆ', 10, 4, 3, 1, '0000-00-00', '0000-00-00', 50.00, 'ต่อต้านการอักเสบของผิว, อาการคัน', 'https://sp-ao.shortpixel.ai/client/to_auto,q_glossy,ret_img/https://www.hanideal.com/wp-content/uploads/2020/06/37.png'),
(101, 'ิBetathis', '12 มก.', 'ให้รับประทานยา Betahistine พร้อมน้ำเปล่า และควรรับประทานยาพร้อมมื้ออาหาร เพื่อลดผลข้างเคียงของยาที่อาจทำให้คลื่นไส้ ท้องอืด หรือแน่นท้อง แต่การรับประทานยาพร้อมมื้ออาหารอาจทำให้การดูดซึมยาช้าลงได้เช่นกัน', '-ก่อนใช้ยานี้ ควรแจ้งให้แพทย์ทราบหากมีโรคประจำตัวหรือประวัติการเจ็บป่วยด้วยภาวะต่าง ๆ โดยเฉพาะโรคภูมิแพ้ โรคหืด แผลในกระเพาะอาหาร และเนื้องอกที่ต่อมหมวกไต เพราะตัวยาอาจไม่เหมาะสมกับการรักษาผู้ที่มีโรคหรือภาวะดังกล่าว โดยมักใช้รักษาในกรณีจำเป็นเท่านั้น                                                                                                               -ควรแจ้งให้แพทย์ทราบ หากมีประวัติแพ้ยาชนิดนี้ หรือกำลังใช้ยาชนิดอื่น ๆ อยู่ ทั้งยาที่สั่งโดยแพทย์ ยาที่ซื้อใช้เอง รวมถึงยาจากการรักษาโดยแพทย์ทางเลือก เช่น ยาสมุนไพร เป็นต้น                                                                                                                                                                                                                                                           -หญิงตั้งครรภ์หรือกำลังให้นมบุตรควรปรึกษาแพทย์ก่อนใช้ยา เพื่อหลีกเลี่ยงผลกระทบต่อสุขภาพมารดาและทารก เพราะแพทย์จะพิจารณาใช้ยานี้ในกรณีที่จำเป็นเท่านั้น', 'ยาบรรเทาและป้องกันอาการเวียนศีรษะจากน้ำในหูไม่เท่ากันหรือโรคเมเนียส์ เชื่อกันว่ายามีกลไกการทำงานที่ช่วยเพิ่มการไหลเวียนโลหิตบริเวณหูชั้นใน ซึ่งจะช่วยลดจำนวนของเหลวภายในหูชั้นใน และป้องกันอาการป่วยจากน้ำในหูไม่เท่ากัน เช่น อาการเวียนศีรษะ', 7, 2, 3, 2, '0000-00-00', '0000-00-00', 99.99, 'ยาบรรเทาอาการวิงเวียนศรีษะ', 'https://scontent.fbkk31-1.fna.fbcdn.net/v/t1.18169-9/12308490_721212488022312_5278280277974075943_n.png?stp=dst-png_p320x320&_nc_cat=111&ccb=1-7&_nc_sid=abdf32&_nc_ohc=uqq7iCyfz2cAX-RJ0Cl&_nc_ht=scontent.fbkk31-1.fna&oh=00_AfBJi_wZ6RqYF-zkkgaLWyj79qnpE7Cwxg7pfmFOIna-zA&oe=6584F490'),
(102, 'Betalol', '10 มก.', 'ผู้ใหญ่: รับประทาน ขนาด 60 มิลลิกรัมต่อวัน แบ่งใช้ 3 ครั้ง เป็นเวลา 3 วัน ร่วมกับยาแอลฟ่าบล็อกเกอร์สำหรับเนื้องอกที่ไม่สามารถผ่าตัดได้ ใช้ขนาด 30 มิลลิกรัม ต่อวันเด็ก: รับประทาน ขนาด 0.25-0.5 มิลลิกรัมต่อกิโลกรัม วันละ 3-4 ครั้ง', '-ไม่ควรใช้ยานี้หากเป็นโรคหืด มีจังหวะการเต้นของหัวใจเต้นช้ากว่าปกติ หรือมีภาวะทางหัวใจที่รุนแรง เช่น กลุ่มอาการซิคไซนัส (Sick Sinus Syndrome) หรือเกิดภาวะ Atrioventricular Block หรือ AV Block                                                                                                                                                                                                           -ไม่ควรใช้ยาน้ำแบบรับประทาน (Hemangeol) ในเด็กเล็กที่มีน้ำหนักตัวน้อยกว่า 2 กิโลกรัม                                                                                                                                                                                                                                                             -ควรแจ้งประวัติการแพ้ยาและอาการแพ้อื่น ๆ กับแพทย์ก่อนการใช้ยา เพราะส่วนผสมบางตัวในยาอาจทำให้ผู้ป่วยมีอาการแพ้', 'ใช้รักษาความดันโลหิตสูง อาการเจ็บหน้าอก อาการสั่น ภาวะหัวใจเต้นผิดจังหวะ และใช้รักษาภาวะที่เกี่ยวกับหัวใจและระบบไหลเวียนโลหิตอื่น ๆ นอกจากนั้นยังนำมาใช้ในการป้องกันและรักษากล้ามเนื้อหัวใจขาดเลือด และนำมาใช้เพื่อลดความรุนแรงและความถี่ของอาการปวดไมเกรน', 7, 2, 3, 2, '0000-00-00', '0000-00-00', 45.00, 'ยารักษาความดันโลหิต', 'http://www.pharmbma.com/images/propranolol-10-mg_betalol.jpg'),
(103, 'Betamethasone cream', '15 กรัม', 'ยาทาชนิด Betamethasone Dipropionate ในรูปแบบขี้ผึ้ง ครีม เจล หรือโลชั่น ปริมาณ 0.05 เปอร์เซ็นต์ ทาบริเวณที่ติดเชื้อวันละ 1-2 ครั้ง เป็นเวลาสูงสุด 2 สัปดาห์                                                                                                    ', '-ผู้ที่แพ้ยาหรือส่วนประกอบใด ๆ ในยา Betamethasone รวมถึงแพ้อาหาร อาหารเสริม หรือยาชนิดอื่นที่ใกล้เคียงกัน ควรแจ้งให้แพทย์ทราบก่อนใช้ยา                                                                                               -หากกำลังจะตั้งครรภ์ควรปรึกษาแพทย์ก่อน                                                                                                                                                                                                           -ยา Betamethasone อาจเกิดปฏิกิริยาขึ้นเมื่อใช้ร่วมกับยาชนิดอื่น ๆ จึงควรแจ้งให้แพทย์ทราบถึงยา วิตามิน อาหารเสริม และผลิตภัณฑ์สมุนไพรที่กำลังใช้อยู่', 'เป็นยาในกลุ่มคอร์ติโคสเตียรอยด์ มีฤทธิ์รักษาภาวะต่าง ๆ จากการอักเสบ เช่น อาการแพ้ โรคสะเก็ดเงิน และผื่นผิวหนัง', 10, 4, 3, 1, '0000-00-00', '0000-00-00', 17.00, 'ยาทารักษาผิวหนัง', 'http://www.pharmbma.com/images/645200.jpg'),
(104, 'Betamethasone-N', '5 กรัม', 'ทายาครีมเบทาเมทาโซนวาเลอเรตบาง ๆ บริเวณผิวหนังที่มี รอยโรค หลีกเลี่ยงการทายาบริเวณใบหน้า ข้อพับ และขาหนีบ และไม่ควรใช้ยานานกว่า 2 สัปดาห์ ไม่ใช้วัสดุใด ๆ ปิดทับบริเวณที่ทายา', 'ผู้ที่แพ้ยาหรือส่วนประกอบใด ๆ ในยา Betamethasone รวมถึงแพ้อาหาร อาหารเสริม หรือยาชนิดอื่นที่ใกล้เคียงกัน ควรแจ้งให้แพทย์ทราบก่อนใช้ยา', 'เป็นยาในกลุ่มคอร์ติโคสเตียรอยด์ มีฤทธิ์รักษาภาวะต่าง ๆ จากการอักเสบ เช่น อาการแพ้ โรคสะเก็ดเงิน และผื่นผิวหนัง', 10, 4, 3, 1, '0000-00-00', '0000-00-00', 17.00, 'ยาทารักษาผิวหนัง', 'https://osi.co.th/wp-content/uploads/2022/11/Betameth-N.jpg'),
(105, 'Betaplas H dot PATCH', '12 ชิ้น', 'แปะบริเวณที่มีการเกิดสิวเอกเสบ', NULL, 'ลดการอักเสบของสิว', 19, 5, 3, 12, '0000-00-00', '0000-00-00', 65.00, 'แผ่นแปะรักษาสิว', 'https://work.phartech.co.th/assets/img/products/PT0003045/PT0003045-02110031216381.jpg'),
(106, 'Bethasone cream', '15 กรัม', 'ทาบางๆ บนบริเวณอักเสบ วันละ 2-3 ครั้ง หรือตามแพทย์สั่ง', '-ผู้ที่แพ้ยาหรือส่วนประกอบใด ๆ ในยา Betamethasone รวมถึงแพ้อาหาร อาหารเสริม หรือยาชนิดอื่นที่ใกล้เคียงกัน ควรแจ้งให้แพทย์ทราบก่อนใช้ยา -หากกำลังจะตั้งครรภ์ควรปรึกษาแพทย์ก่อน -ยา Betamethasone อาจเกิดปฏิกิริยาขึ้นเมื่อใช้ร่วมกับยาชนิดอื่น ๆ จึงควรแจ้งให้แพทย์ทราบถึงยา วิตามิน อาหารเสริม และผลิตภัณฑ์สมุนไพรที่กำลังใช้อยู่', 'เป็นยาในกลุ่มคอร์ติโคสเตียรอยด์ มีฤทธิ์รักษาภาวะต่าง ๆ จากการอักเสบ เช่น อาการแพ้ โรคสะเก็ดเงิน และผื่นผิวหนัง', 10, 4, 3, 1, '0000-00-00', '0000-00-00', 65.00, 'ยาทารักษาผิวหนัง', 'https://d.line-scdn.net/obs/r/ect/ect/image_16973833384089548646c6a9949t12682a9a/s430p'),
(107, 'Bethasone cream', '5 กรัม', 'ทาบางๆ บนบริเวณอักเสบ วันละ 2-3 ครั้ง หรือตามแพทย์สั่ง', '-ผู้ที่แพ้ยาหรือส่วนประกอบใด ๆ ในยา Betamethasone รวมถึงแพ้อาหาร อาหารเสริม หรือยาชนิดอื่นที่ใกล้เคียงกัน ควรแจ้งให้แพทย์ทราบก่อนใช้ยา -หากกำลังจะตั้งครรภ์ควรปรึกษาแพทย์ก่อน -ยา Betamethasone อาจเกิดปฏิกิริยาขึ้นเมื่อใช้ร่วมกับยาชนิดอื่น ๆ จึงควรแจ้งให้แพทย์ทราบถึงยา วิตามิน อาหารเสริม และผลิตภัณฑ์สมุนไพรที่กำลังใช้อยู่', 'เป็นยาในกลุ่มคอร์ติโคสเตียรอยด์ มีฤทธิ์รักษาภาวะต่าง ๆ จากการอักเสบ เช่น อาการแพ้ โรคสะเก็ดเงิน และผื่นผิวหนัง', 10, 4, 3, 1, '0000-00-00', '0000-00-00', 35.00, 'ยาทารักษาผิวหนัง', 'https://d.line-scdn.net/obs/r/ect/ect/image_16973833384089548646c6a9949t12682a9a/s430p'),
(108, 'Betosalic oint ', '15 กรัม', 'ทาบางๆ บนบริเวณอักเสบ วันละ 2-3 ครั้ง หรือตามแพทย์สั่ง', 'ห้ามใช้เป็นยารับประทาน', 'ยาแก้แพ้ผื่นคัน ผิวหนังอักเสบเรื้อรัง ผสมกับกรดอ่อน เพื่อลอกผิวที่แข็ง หนา', 10, 4, 3, 1, '0000-00-00', '0000-00-00', 99.99, 'ยาทารักษาผิวหนัง', 'https://www.joysonpl.com/wp-content/uploads/2021/03/betosalic-1-1.jpg'),
(109, 'Bilaxten', '20 มก.', 'ปริมาณการใช้ยา Bilastine ในเด็กที่มีอายุ 12 ขึ้นไปและผู้ใหญ่ สำหรับบรรเทาอาการจากโรคภูมิแพ้จมูก โรคภูมิแพ้ขึ้นตา หรือโรคลมพิษ คือ 20 มิลลิกรัม 1 ครั้ง/วัน', 'ผู้ป่วยบางรายอาจมีอาการง่วงซึมหรือมีปฏิกิริยาตอบสนองช้าลง หากมีอาการดังกล่าวควรหลีกเลี่ยงการขับขี่ยานพาหนะ ใช้เครื่องจักรหรือทำกิจกรรมที่ต้องตื่นตัวอยู่ตลอดเวลาในช่วงที่รับประทานยา และหารกกำลังจะตั้งครรภ์ควรปรึกษาแพทย์ก่อนใช้ยา                                                                                                                                                       ', 'รักษาโรคจมูกอักเสบชนิดแพ้ โรคภูมิแพ้ขึ้นตา ภูมิแพ้ผิวหนัง ไข้ละอองฟางหรือลมพิษ', 7, 11, 3, 2, '0000-00-00', '0000-00-00', 99.99, 'ยาบรรเทาอาการแพ้', 'https://d.line-scdn.net/lcp-prod-photo/20200826_10/1598413587986hiAJN_JPEG/344S9MS6IQWULTAXJ8KTE2EL8QN71B.jpg?type=f640'),
(110, 'Bilberry', '2,500 มก', 'รับประทานวันละ 1 เม็ด', NULL, 'ช่วยบำรุงจอประสาทตา เพิ่มสมรรถภาพในการมองเห็นในที่มืด เพิ่มสมรรถนะการมองเห็นภาพให้คมชัดขึ้น ลดความเสี่ยงของการตาบอด', 7, 2, 1, 60, '0000-00-00', '0000-00-00', 99.99, 'ผลิตภัณฑ์อาหารเสริม', 'https://res.cloudinary.com/trueshopping/image/upload/f_webp,q_auto/v1658819414/product/producr-master/xahxwlarhplzbehy9wm8.jpg'),
(111, 'Biloba', '60 มก', 'รับประทานวันละ 1 แคปซูล พร้อมมื้ื้ออาหาร', NULL, 'ควบคุมน้ำตาลในเลือด · ควบคุมไขมันในเลือด · ดูแลหลอดเลือดและหัวใจ · กระดูกและข้อต่อ · กระดูก · ข้อต่อ · ต้านการอักเสบ · เพิ่มประสิทธิภาพออกกำลังกาย · สร้างกล้ามเนื้อ · ฟื้นฟูกล้ามเนื้อ', 7, 12, 3, 8, '0000-00-00', '0000-00-00', 99.99, 'ผลิตภัณฑ์อาหารเสริม', 'https://lzd-img-global.slatic.net/g/p/db0d5843900c99e41bc2979801900ea0.jpg_720x720q80.jpg'),
(112, 'Biocalm', '50 มก.', 'ขนาดการใช้ในผู้ใหญ่ รับประทานหลังมื้ออาหารครั้งละ 1-3 เม็ด วันละ 3 ครั้ง', 'อาจก่อให้ความการตึงของกล้ามเนื้อบริเวณศีรษะ และอาการที่พบได้น้อยคือ ง่วง วิงเวียนศีรษะ ปวดท้อง  และอาการของการแพ้ยาคือ ความดันต่ำ ผื่นคัน หน้าแดง ถ้ามีอาการเหล่านี้ควรไปพบแพทย์', 'คลายกล้ามเนื้อ', 7, 2, 3, 1, '0000-00-00', '0000-00-00', 15.00, 'ยาคลายกล้ามเนื้้อ', 'http://pharmbma.com/images/medicines/nsaid-bone-joint/0%20Biocalm%20_tolperisone_.png'),
(113, 'Bioflor', '250 มก.', 'ครั้งละ 1 เม็ด หรือ 1 ซอง วันละ 2 ครั้ง โดยห้ามรับประทานร่วมกับน้ำร้อนเนื่องจากจะทำให้จุลินทรีย์ตายได้', NULL, 'ช่วยปรับสมดุลเชื้อในทางเดินอาหารทำให้การขับถ่ายเป็นไปอย่างปกติ ถูกนำมาใช้ในการรักษาโรคท้องเสีย', 7, 7, 3, 10, '0000-00-00', '0000-00-00', 99.99, 'ยาบรรเทาอาการท้องเสีย', 'https://moombhesaj.com/wp-content/uploads/2023/07/bioflor250mg.jpg'),
(114, 'Bioflor', '250 มก.', 'ครั้งละ 1 เม็ด หรือ 1 ซอง วันละ 2 ครั้ง โดยห้ามรับประทานร่วมกับน้ำร้อนเนื่องจากจะทำให้จุลินทรีย์ตายได้', NULL, 'ช่วยปรับสมดุลเชื้อในทางเดินอาหารทำให้การขับถ่ายเป็นไปอย่างปกติ ถูกนำมาใช้ในการรักษาโรคท้องเสีย', 7, 2, 2, 10, '0000-00-00', '0000-00-00', 60.00, 'ยาบรรเทาอาการท้องเสีย', 'https://moombhesaj.com/wp-content/uploads/2023/07/bioflor250mg.jpg'),
(115, 'Bioline Tetrahydrocaannabinol (THC)', '1 ชิ้น', 'หยดปัสสาวะจำนวน 4 หยดลงในหลุม S แล้วรออ่านผล', NULL, 'เป็นชุดตรวจหาสารเสพติดกัญชา ในปัสสาวะด้วยเทคนิคอิมมุโนโครมาโทรกราฟี โดยอาศัยหลักการเกิดปฏิกริยาการแย่งจับ', 23, 9, 3, 1, '0000-00-00', '0000-00-00', 99.99, 'ชุดตรวจหาสารเสพติดกัญชา', 'https://laz-img-sg.alicdn.com/p/d100e0b86eafc201bd17df9cb7fca019.jpg'),
(116, 'biopharm gummy', '24 ก.', 'รับประทานครั้งละ 1 เม็ด วันละไม่เกิน 8 เม็ด', NULL, 'เสริมแคลเซียม ที่ช่วยส่งเสริมให้กระดูกและฟันที่แข็งแรง', 7, 7, 3, 12, '0000-00-00', '0000-00-00', 36.00, 'ผลิตภัณฑ์อาหารเสริม', 'https://th-test-11.slatic.net/p/a1edac041503b31248b2b0ca8f79e7e8.jpg'),
(117, 'Bioplus LCH extra plus', NULL, 'รับประทานวันละ 1-2 เม็ด ก่อนนอน', NULL, 'ช่วยเพิ่มอัตราการเผาผลาญไขมันให้กลายเป็นพลังงาน และกระตุ้นให้ร่างกายใช้พลังงานอย่างรวดเร็', 7, 2, 3, 30, '0000-00-00', '0000-00-00', 99.99, 'ผลิตภัณฑ์อาหารเสริม', 'https://www.thaimarketshare.com/pictures/L-C-H-E-Etra-plus.jpg'),
(118, 'ิBiotin H+', '10,000 มคก.', 'รับประทานวันละ 1-2 เม็ด ก่อนนอน', NULL, 'ดูแลสุขภาพเส้นผม ให้ผมแข็งแรง สลวย เงางาม และลดอาการหลุดร่วง มีวิตามินซีและอี ที่มีส่วนช่วยในกระบวนการต่อต้านอนุมูลอิสระ พร้อมด้วยสารสกัดจากวัตถุดิบธรรมชาติ', 7, 2, 1, 60, '0000-00-00', '0000-00-00', 99.99, 'ผลิตภัณฑ์อาหารเสริม', ' https://s2.konvy.com/static/team/2022/0513/16524325626475.jpg'),
(119, 'BIO-VIT C (เบอร์รี่)', '750 มก.  ', 'รับประทานวิตามินซีวันละ 1 เม็ด', NULL, 'ผลิตภัณฑ์ ไบโอ-ซี วิตามิน เป็นผลิตภัณฑ์เสริมวิตามินซี แบบเม็ดเคลือบฟิล์ม มีวิตามินซี 750 มิลลิกรัม เป็นวิตามินซีที่ไม่เป็นกรดในรูปแบบ แคลเซียม แอสคอร์เบท(calcium ascorbate) ซึ่งเป็นผลิตภัณฑ์เสริมอาหารคุณภาพสูง ไบโอ-ซี วิตามิน สามารถรับประทานพร้อมอาหาร หรือตอนท้องก็ได้', 7, 2, 1, 30, '0000-00-00', '0000-00-00', 99.99, 'ผลิตภัณฑ์อาหารเสริม', 'https://lzd-img-global.slatic.net/g/p/e3b293eac4e670a5c1495cceaa8b7897.jpg_960x960q80.jpg_.webp'),
(120, 'BIO-VIT C (แอปเปิ้ล)', '750 มก.  ', 'รับประทานวิตามินซีวันละ 1 เม็ด', NULL, 'ผลิตภัณฑ์ ไบโอ-ซี วิตามิน เป็นผลิตภัณฑ์เสริมวิตามินซี แบบเม็ดเคลือบฟิล์ม มีวิตามินซี 750 มิลลิกรัม เป็นวิตามินซีที่ไม่เป็นกรดในรูปแบบ แคลเซียม แอสคอร์เบท(calcium ascorbate) ซึ่งเป็นผลิตภัณฑ์เสริมอาหารคุณภาพสูง ไบโอ-ซี วิตามิน สามารถรับประทานพร้อมอาหาร หรือตอนท้องก็ได้', 7, 2, 1, 30, '0000-00-00', '0000-00-00', 99.99, 'ผลิตภัณฑ์อาหารเสริม', 'https://th-test-11.slatic.net/p/52821eb50397aa3a4fd823f0064bec9c.jpg'),
(121, 'BIO-VIT C (ส้ม)', '750 มก.  ', 'รับประทานวิตามินซีวันละ 1 เม็ด', NULL, 'ผลิตภัณฑ์ ไบโอ-ซี วิตามิน เป็นผลิตภัณฑ์เสริมวิตามินซี แบบเม็ดเคลือบฟิล์ม มีวิตามินซี 750 มิลลิกรัม เป็นวิตามินซีที่ไม่เป็นกรดในรูปแบบ แคลเซียม แอสคอร์เบท(calcium ascorbate) ซึ่งเป็นผลิตภัณฑ์เสริมอาหารคุณภาพสูง ไบโอ-ซี วิตามิน สามารถรับประทานพร้อมอาหาร หรือตอนท้องก็ได้', 7, 2, 1, 30, '0000-00-00', '0000-00-00', 99.99, 'ผลิตภัณฑ์อาหารเสริม', 'https://lzd-img-global.slatic.net/g/p/5c19ef2eb81a0d557338c8d3c9362212.jpg_960x960q80.jpg_.webp'),
(122, 'BIO-VIT C (สัปปะรด)', '750 มก.  ', 'รับประทานวิตามินซีวันละ 1 เม็ด', NULL, 'ผลิตภัณฑ์ ไบโอ-ซี วิตามิน เป็นผลิตภัณฑ์เสริมวิตามินซี แบบเม็ดเคลือบฟิล์ม มีวิตามินซี 750 มิลลิกรัม เป็นวิตามินซีที่ไม่เป็นกรดในรูปแบบ แคลเซียม แอสคอร์เบท(calcium ascorbate) ซึ่งเป็นผลิตภัณฑ์เสริมอาหารคุณภาพสูง ไบโอ-ซี วิตามิน สามารถรับประทานพร้อมอาหาร หรือตอนท้องก็ได้', 7, 2, 1, 30, '0000-00-00', '0000-00-00', 99.99, 'ผลิตภัณฑ์อาหารเสริม', 'https://lzd-img-global.slatic.net/g/p/8f305243407b763007a20094a4877865.jpg_720x720q80.jpg'),
(123, 'biozole', '150 มก.', 'รับประทานวันละ 1 เม็ด ตอนไหนก็ได้', 'หลีกเลี่ยงใช้ยากับผู้สูงอายุ เด็ก และสตรีมีครรภ์ หรือสตรีให้นมบุตร', 'รักษาเชื่อราในช่องคลอดหรือ รักษาอาการคันในช่องคลอด', 7, 2, 3, 1, '0000-00-00', '0000-00-00', 99.99, 'ยารักษาเชื้อรา', 'https://www.bestdrug.org/biozole-150mg_l.jpg'),
(124, 'bisacodyl', '5 มก.', 'รับประทานวันละ 1-2 เม็ด ', 'ห้ามใช้ยาเมื่อ มีภาวะขาดน้ำรุนแรง ปวดท้องรุนแรง คลื่นไส้อาเจียนรุนแรง เพิ่งได้รับการผ่าตัดลำไส้หรือ ไส้ติ่งอักเสบเฉียบพลัน', 'บรรเทาอาการท้องผูก กระตุ้นการบีบตัวของลำไส้', 7, 2, 1, 1000, '0000-00-00', '0000-00-00', 99.99, 'ยาระบาย', 'https://www.spdrug.com/administrator/product/images/P14092020204323.jpg'),
(125, 'bisolvan', '8 มก.', 'เด็กอายุ 6-12 ปี รับประทานครั้งละ 1/2 เม็ด วันละ 3 ครั้ง และถ้าอายุมากกว่า 12 รับประทานครั้งละ 1 เม็ด 3ครั้ง', '1.ควรระวังการใช้ยานี้ในผู้ที่มีประวัติเป็นโรคกระเพาะอาหารและลำไส้ เนื่องจากยามีฤทธิ์ระคายเคืองกระเพาะอาหารและลำไส้2.ควรระวังการใช้ยานี้ในผู้ที่มีประวัติเป็นโรคหืด เนื่องจากยาอาจก่อให้เกิดภาวะหลอดลมตีบ3.การใช้ยานี้ในเด็กอายุต่ำกว่า 6 ปี หญิงตั้งครรภ์ หญิงให้นมบุตร และในผู้สูงอายุ ควรอยู่ภายใต้คำแนะนำของแพทย์', 'ยารักษาโรคในระบบทางเดินหายใจอันเนื่องมาจากการมีเสมหะมากและทำให้หายใจไม่สะดวกและมีอาการไอตามมา (ตัวยาจะช่วยลดความเหนียวหนืดของเสมหะลง จึงช่วยในการกำจัดเสมหะออกไปได้ง่าย)', 7, 2, 2, 20, '0000-00-00', '0000-00-00', 46.00, 'ยาละลายเสมหะ', 'https://3auntiesthaimarket.com/cdn/shop/products/P-428-700x700_800x.jpg?v=1671990783'),
(126, 'bisolvan', '8 มก.', 'สำหรับเด็ก รับประทานครั้งละ 2.5 มิลลิลิตร (½ ช้อนชา) วันละ 3 ครั้ง ส่วนในเด็กอายุต่ำกว่า 2 ปี ให้รับประทานครั้งละ 1.25 มิลลิลิตร (¼ ช้อนชา) วันละ 3 ครั้ง', '1.ควรระวังการใช้ยานี้ในผู้ที่มีประวัติเป็นโรคกระเพาะอาหารและลำไส้ เนื่องจากยามีฤทธิ์ระคายเคืองกระเพาะอาหารและลำไส้2.ควรระวังการใช้ยานี้ในผู้ที่มีประวัติเป็นโรคหืด เนื่องจากยาอาจก่อให้เกิดภาวะหลอดลมตีบ3.การใช้ยานี้ในเด็กอายุต่ำกว่า 6 ปี หญิงตั้งครรภ์ หญิงให้นมบุตร และในผู้สูงอายุ ควรอยู่ภายใต้คำแนะนำของแพทย์', 'ยารักษาโรคในระบบทางเดินหายใจอันเนื่องมาจากการมีเสมหะมากและทำให้หายใจไม่สะดวกและมีอาการไอตามมา (ตัวยาจะช่วยลดความเหนียวหนืดของเสมหะลง จึงช่วยในการกำจัดเสมหะออกไปได้ง่าย)', 7, 13, 4, 60, '0000-00-00', '0000-00-00', 99.00, 'ยาละลายเสมหะ', 'https://obs.line-scdn.net/r/ect/ect/image_1697390368884502252b5795642t12684610'),
(127, 'BM BIO CACEROLAR PLUS', '1500 มก.', 'รับประทานวันละ 1 เม็ด ทุกวัน', NULL, 'วิตามินอี และซีลีเนียม มีส่วนช่วยในการปกป้องเซลล์จากอนุมูลอิสระ วิตามินซี มีส่วนช่วยในการสร้างคอลลาเจน เพื่อการทำงานตามปกติของผิวหนัง', 7, 2, 1, 40, '0000-00-00', '0000-00-00', 99.99, 'ผลิตภัณฑ์อาหารเสริม', 'https://lzd-img-global.slatic.net/g/p/c73b8c92898beb530802b9d89cf1d22f.jpg_720x720q80.jpg'),
(128, 'boost optimum', '800 ก.', 'ดื่มเสริมมื้ออาหาร 2แก้วต่อวัน  ผสมน้ำ 210 มล. (อุณหภูมิไม่เกิน 45 องศาเซลเซียล) นิวเทรน ออปติมัม 7 ช้อน 55 กรัม จะได้นิวเทรน ออปติมัมพร้อมดื่มปริมาณ 250 มล.', NULL, 'มีส่วนประกอบของโปรตีนเวย์ โปรตีนคุณภาพดี มีจุลินทรีย์ แล็กโทบาซิลลัส พาราคาเซอิ และมีใยอาหาร เพิ่มกากใยในระบบทางเดินอาหาร ช่วยกระตุ้นการขับถ่าย มีวิตามินอี ช่วยในกระบวนการต่อต้านอนุมูลอิสระ', 7, 14, 6, 800, '0000-00-00', '0000-00-00', 99.99, 'ผลิตภัณฑ์อาหารเสริม', 'https://www.nestlehealthscience-th.com/sites/default/files/2022-05/BOOSTOptimum800g_newrevised_0.png'),
(129, 'bosnum ', '180 มก.', 'ผู้ใหญ่และเด็กอายุมากกว่า 12 ปีให้ขนาด 60 มิลิกรัมวันละ 2 ครั้ง หรือขนาด 180 มก วันละครั้ง  ผู้ป่วยที่ไตไม่ดีให้ 60 มิลิกรัมวันละครั้ง   เด็กอายุ 6-11 ปีให้ใช้ขนาด 30 มิลิกรัมวันละ 2 ครั้ง', 'ห้ามใช้ในผู้ป่วยเคยแพ้ยานี้  อาการของแพ้ชนิดรุนแรงได้แก่ หายใจลำบาก บวมใบหน้า ลิมฝีปาก หายใจเสียงดังหวีด', 'บรรเทาอาการของโรคภูมิแพ้ Seasonal allergic rhinitis เช่นคัดจมูก จาม น้ำมูกไหล คันจมูก คันตา', 7, 2, 2, 10, '0000-00-00', '0000-00-00', 82.00, 'ยาแก้แพ้', 'https://www.spdrug.com/administrator/product/images/P06032023100810.jpg'),
(130, 'Bromhexine', '8 มก.', 'ผู้ใหญ่-รับประทานยาในปริมาณ 8 มิลลิกรัม วันละ 3 ครั้ง หากอาการไม่ดีขึ้นหลังรับประทานครบ 7 วัน อาจเพิ่มปริมาณได้ถึง 16 มิลลิกรัม วันละ 3 ครั้งและเด็ก-อายุ 2-5 ปี รับประทานยาครั้งละ 2 มิลลิกรัม วันละ 3 ครั้ง หรือครั้งละ 4 มิลลิกรัม วันละ 2 ครั้ง รวมรับประทา', 'ผลข้างเคียง - หลังการรับประทานยาอาจทำให้ผู้ป่วยเกิดความผิดปกติขึ้นได้ในบางราย เช่น ปวดท้อง ท้องอืด ท้องเสีย คลื่นไส้ อาเจียน เหงื่อออกมาก เวียนศีรษะ', 'ช่วยละลายเสมหะในระบบทางเดินหายใจ บรรเทาอาการไอจากโรคหวัด ไอมีเสมหะ', 7, 6, 3, 1, '0000-00-00', '0000-00-00', 40.00, 'ยาละลายเสมหะ', 'https://medthai.com/wp-content/uploads/2016/09/%E0%B9%84%E0%B8%9A%E0%B9%82%E0%B8%8B%E0%B8%A5%E0%B8%A7%E0%B8%AD%E0%B8%99.jpg'),
(131, 'Bromso Elixir', '8 มก.', 'รับประทาน 1 ช้อนชา 3 เวลา', '-ควรหลีกเลี่ยงการใช้ยานี้ในสตรีมีครรภ์ และกำลังให้นมบุตร-ควรระมัดระวังใช้ยานี้ในผู้ป่วยที่มีแผลในกระเพาะอาหารโดยเฉพาะชนิดเม็ด-การรับประทานยานี้ร่วมกับยาปฏิชีวนะ เช่น amoxicillin, cefuroxime, erythromycin, doxycycline จะทำให้ระดับยาปฏิชีวนะในเนื้อเยื่อปอดเพิ่มขึ้นได้-ระวังการใช้ยาในผู้ที่มีประวัติเป็นโรคกระเพาะอาหาร - ลำไส้ ด้วยยามีฤทธิ์ระคายเคืองกระเพาะอาหาร - ลำไส้-ระวังการใช้ยาในผู้ที่มีประวัติเป็นโรคหืด ด้วยยาอาจก่อให้เกิดภาวะหลอดลมตีบ-ระวังการใช้ยากับผู้ที่มีภาวะตับ - ไตผิดปกติ', 'บรรเทาอาการไอ หวัด ฆ่าเชื้อแบคทีเรียนในลำคอ', 7, 6, 3, 1, '0000-00-00', '0000-00-00', 50.00, 'แก้ไข้หวัด', 'https://www.petz.world/wp-content/uploads/2023/07/414679.jpeg.webp'),
(132, 'Bronal Syrup', '60 มล.', '-ผู้ใหญ่และเด็กอายุมากกว่า 12 ปี : รับประทานครั้งละ 10 มล. วันละ 3 ครั้ง-เด็กอายุมากกว่า 2 ปี : ขนาดยาทานครั้งละ 0.16 มก./น้ำหนักตัว 1 กก. วันละ 3 ครั้งขนาดยาทานที่ใช้ทั้งหมดเท่ากับ 3 มก./น้ำหนักตัว 1 กก./วัน', '-เด็กอายุน้อยกว่าหรือเท่ากับ 2 ปี: ไม่มีการศึกษาการใช้ยาในผู้ป่วยกลุ่มนี้ จึงไม่ควรใช้ยาในผู้ป่วยกลุ่มนี้-สตรีมีครรภ์: ไม่ควรใช้ยาในผู้ป่วยกลุ่มนี้-สตรีให้นมบุตร: ไม่ควรใช้ยาในผู้ป่วยกลุ่มนี้-ผู้ป่วยที่มีภาวะการทำงานของตับบกพร่อง: ห้ามใช้ยานี้-ผู้ป่วยที่มีภาวะการทำงานของไตบกพร่อง: ควรระมัดระวังการใช้ยาในผู้ป่วยกลุ่มนี้', 'บรรเทาอาการไอ', 7, 6, 3, 1, '0000-00-00', '0000-00-00', 99.99, 'แก้ไอ', 'https://i.ytimg.com/vi/zdP3j-5Fbxc/sddefault.jpg'),
(133, 'Bronpect-D', NULL, 'ครั้งละ 1 เม็ด วันละ 3 ครั้ง', NULL, 'บรรเทาอาการไอ เนื่องจากการระคายคอ บรรเทาอาการไอ และขับเสมหะที่เกิดร่วมกับหวัด และหลอดลมอักเสบ', NULL, NULL, NULL, NULL, '0000-00-00', '0000-00-00', NULL, NULL, NULL),
(134, 'HEHEHE', '10,000 กรัม', '', '', 'บรรเทาอาการท้องผูก ขับลม', 0, 0, 0, 9910, '0000-00-00', '0000-00-00', 99.99, 'แก้ท้องผูก', '');

-- --------------------------------------------------------

--
-- Table structure for table `drug_type`
--

CREATE TABLE `drug_type` (
  `id` int(11) NOT NULL,
  `name` varchar(255) NOT NULL
) ENGINE=InnoDB DEFAULT CHARSET=utf8mb4 COLLATE=utf8mb4_general_ci;

--
-- Dumping data for table `drug_type`
--

INSERT INTO `drug_type` (`id`, `name`) VALUES
(7, 'ยารับประทาน'),
(8, 'ครีมทาผิวหนัง'),
(9, 'วัสดุอุปกรณ์ทำแผล'),
(10, 'ยาทาผิวหนัง'),
(11, 'ยาสูดพ่นเข้าทางปาก'),
(12, 'ใช้ทำความสะอาดเชื้อโรคภายนอก'),
(13, 'ยาหยอดตา'),
(14, 'ยาสำหรับสูดดม'),
(15, 'ยารับประทานชงผสมกับน้ำ'),
(16, 'สบู่'),
(17, 'ATK'),
(18, 'ยาพ่นจมูก'),
(19, 'แผ่นแปะผิวหนัง'),
(20, 'เครื่องปั๊มนม'),
(21, 'ยาสำหรับฉีดพ่นช่องปากและลำคอ'),
(22, 'ยาสำหรับฉีดพ่นช่องปาก'),
(23, 'THC'),
(24, 'xxx');

-- --------------------------------------------------------

--
-- Table structure for table `order_drug`
--

CREATE TABLE `order_drug` (
  `id` char(10) NOT NULL DEFAULT uuid(),
  `customer_id` int(11) NOT NULL,
  `total` decimal(10,2) NOT NULL,
  `status` enum('S','OD','C','WP') NOT NULL,
  `order_date` date NOT NULL,
  `order_update` datetime NOT NULL DEFAULT current_timestamp()
) ENGINE=InnoDB DEFAULT CHARSET=utf8mb4 COLLATE=utf8mb4_general_ci;

--
-- Dumping data for table `order_drug`
--

INSERT INTO `order_drug` (`id`, `customer_id`, `total`, `status`, `order_date`, `order_update`) VALUES
('b807eb20-8', 1, 9999.00, 'C', '2023-12-03', '2023-12-03 01:06:29'),
('d25bf165-9', 9, 8855.00, 'WP', '2023-12-11', '2023-12-11 19:35:52');

-- --------------------------------------------------------

--
-- Table structure for table `order_drug_detail`
--

CREATE TABLE `order_drug_detail` (
  `id` int(11) NOT NULL,
  `order_id` char(10) NOT NULL,
  `drug_info_id` int(11) NOT NULL,
  `quantity` int(11) NOT NULL,
  `value` decimal(10,2) NOT NULL,
  `total` decimal(10,2) NOT NULL,
  `order_date` date DEFAULT NULL,
  `order_update` datetime NOT NULL DEFAULT current_timestamp()
) ENGINE=InnoDB DEFAULT CHARSET=utf8mb4 COLLATE=utf8mb4_general_ci;

--
-- Dumping data for table `order_drug_detail`
--

INSERT INTO `order_drug_detail` (`id`, `order_id`, `drug_info_id`, `quantity`, `value`, `total`, `order_date`, `order_update`) VALUES
(1, 'b807eb20-8', 133, 2, 500.00, 9000.00, '2023-12-03', '2023-12-10 18:35:16'),
(3, 'b807eb20-8', 55, 1, 50.00, 100.00, '2023-12-03', '2023-12-10 18:35:16'),
(4, 'b807eb20-8', 2, 2, 99.99, 199.98, '2023-12-10', '2023-12-10 19:07:11'),
(5, 'b807eb20-8', 3, 2, 50.99, 101.01, '2023-12-10', '2023-12-10 19:07:11');

-- --------------------------------------------------------

--
-- Table structure for table `package`
--

CREATE TABLE `package` (
  `id` int(11) NOT NULL,
  `name` varchar(255) NOT NULL
) ENGINE=InnoDB DEFAULT CHARSET=utf8mb4 COLLATE=utf8mb4_general_ci;

--
-- Dumping data for table `package`
--

INSERT INTO `package` (`id`, `name`) VALUES
(1, 'กระปุก'),
(2, 'แผง'),
(3, 'กล่อง'),
(4, 'ขวด'),
(5, 'หลอด'),
(6, 'กระป๋อง');

-- --------------------------------------------------------

--
-- Table structure for table `users`
--

CREATE TABLE `users` (
  `id` char(36) NOT NULL DEFAULT uuid(),
  `name` varchar(255) NOT NULL,
  `mobileNumber` varchar(10) NOT NULL,
  `email` varchar(100) NOT NULL,
  `passwd` varchar(255) NOT NULL,
  `isAdmin` int(1) NOT NULL
) ENGINE=InnoDB DEFAULT CHARSET=utf8mb4 COLLATE=utf8mb4_general_ci;

--
-- Dumping data for table `users`
--

INSERT INTO `users` (`id`, `name`, `mobileNumber`, `email`, `passwd`, `isAdmin`) VALUES
('12600044-972e-11ee-a5c0-38f3ab9049a5', 'user naja', '0978887798', 'user@gmail.com', '$2y$10$u2uW7tYLEvHr7ToitUtV0.wZMlAgNQzUiUFUK3gH9.ymRRNQpYxHW', 0),
('a09cb3ee-913d-11ee-88e4-38f3ab9049a5', 'sfdsfsdf', 'sdfsdfdsfd', 'sdfsdfdsfsdfsdf', 'sdfdsfsdfdsf', 0),
('b807eb20-8b5c-11ee-843a-38f3ab9049a5', 'admin naja', '0978887799', 'Admin@gamil.com', '$2y$10$UOcZOErcWCsTnTfT2QnRo.PVZv7ErMHhypt5H0htFE3CA8xk0Jrxe', 1),
('bba2121d-83de-11ee-823b-38f3ab9049a5', 'John', '0978885566', 'Pokz@gamil.com', '$2y$10$5ES.3KNSInIBex7Sdv4pRu1wHCRbhmfukl8lCmz/6fX9pcr5bTBNW', 0);

-- --------------------------------------------------------

--
-- Table structure for table `user_customer`
--

CREATE TABLE `user_customer` (
  `uc_id` char(36) NOT NULL DEFAULT uuid(),
  `user_id` char(36) NOT NULL,
  `customer_id` int(11) NOT NULL,
  `status` enum('N','Y') NOT NULL DEFAULT 'N'
) ENGINE=InnoDB DEFAULT CHARSET=utf8mb4 COLLATE=utf8mb4_general_ci;

--
-- Dumping data for table `user_customer`
--

INSERT INTO `user_customer` (`uc_id`, `user_id`, `customer_id`, `status`) VALUES
('8d7a7110-8baa-11ee-b489-38f3ab9049a5', 'b807eb20-8b5c-11ee-843a-38f3ab9049a5', 5, 'N'),
('5fe99718-9726-11ee-a5c0-38f3ab9049a5', 'b807eb20-8b5c-11ee-843a-38f3ab9049a5', 6, 'N'),
('6e3400cb-9727-11ee-a5c0-38f3ab9049a5', 'b807eb20-8b5c-11ee-843a-38f3ab9049a5', 7, 'Y'),
('6c78ef26-972e-11ee-a5c0-38f3ab9049a5', '12600044-972e-11ee-a5c0-38f3ab9049a5', 8, 'Y'),
('82505ad8-972e-11ee-a5c0-38f3ab9049a5', '12600044-972e-11ee-a5c0-38f3ab9049a5', 9, 'N'),
('cb806c44-9749-11ee-a5c0-38f3ab9049a5', '12600044-972e-11ee-a5c0-38f3ab9049a5', 10, 'N');

--
-- Indexes for dumped tables
--

--
-- Indexes for table `category`
--
ALTER TABLE `category`
  ADD PRIMARY KEY (`id`);

--
-- Indexes for table `customer`
--
ALTER TABLE `customer`
  ADD PRIMARY KEY (`customer_id`);

--
-- Indexes for table `drug_information`
--
ALTER TABLE `drug_information`
  ADD PRIMARY KEY (`id`);

--
-- Indexes for table `drug_type`
--
ALTER TABLE `drug_type`
  ADD PRIMARY KEY (`id`);

--
-- Indexes for table `order_drug`
--
ALTER TABLE `order_drug`
  ADD PRIMARY KEY (`id`),
  ADD KEY `customer_id` (`customer_id`);

--
-- Indexes for table `order_drug_detail`
--
ALTER TABLE `order_drug_detail`
  ADD PRIMARY KEY (`id`);

--
-- Indexes for table `package`
--
ALTER TABLE `package`
  ADD PRIMARY KEY (`id`);

--
-- Indexes for table `users`
--
ALTER TABLE `users`
  ADD PRIMARY KEY (`id`);

--
-- Indexes for table `user_customer`
--
ALTER TABLE `user_customer`
  ADD KEY `user_id` (`user_id`,`customer_id`);

--
-- AUTO_INCREMENT for dumped tables
--

--
-- AUTO_INCREMENT for table `category`
--
ALTER TABLE `category`
  MODIFY `id` int(11) NOT NULL AUTO_INCREMENT, AUTO_INCREMENT=17;

--
-- AUTO_INCREMENT for table `customer`
--
ALTER TABLE `customer`
  MODIFY `customer_id` int(11) NOT NULL AUTO_INCREMENT, AUTO_INCREMENT=11;

--
-- AUTO_INCREMENT for table `drug_information`
--
ALTER TABLE `drug_information`
  MODIFY `id` int(11) NOT NULL AUTO_INCREMENT, AUTO_INCREMENT=137;

--
-- AUTO_INCREMENT for table `drug_type`
--
ALTER TABLE `drug_type`
  MODIFY `id` int(11) NOT NULL AUTO_INCREMENT, AUTO_INCREMENT=25;

--
-- AUTO_INCREMENT for table `order_drug_detail`
--
ALTER TABLE `order_drug_detail`
  MODIFY `id` int(11) NOT NULL AUTO_INCREMENT, AUTO_INCREMENT=6;

--
-- AUTO_INCREMENT for table `package`
--
ALTER TABLE `package`
  MODIFY `id` int(11) NOT NULL AUTO_INCREMENT, AUTO_INCREMENT=7;
COMMIT;

/*!40101 SET CHARACTER_SET_CLIENT=@OLD_CHARACTER_SET_CLIENT */;
/*!40101 SET CHARACTER_SET_RESULTS=@OLD_CHARACTER_SET_RESULTS */;
/*!40101 SET COLLATION_CONNECTION=@OLD_COLLATION_CONNECTION */;
