-- phpMyAdmin SQL Dump
-- version 5.2.0
-- https://www.phpmyadmin.net/
--
-- Host: localhost
-- Generation Time: Dec 20, 2023 at 05:36 PM
-- Server version: 10.6.9-MariaDB
-- PHP Version: 7.4.33

SET SQL_MODE = "NO_AUTO_VALUE_ON_ZERO";
START TRANSACTION;
SET time_zone = "+00:00";


/*!40101 SET @OLD_CHARACTER_SET_CLIENT=@@CHARACTER_SET_CLIENT */;
/*!40101 SET @OLD_CHARACTER_SET_RESULTS=@@CHARACTER_SET_RESULTS */;
/*!40101 SET @OLD_COLLATION_CONNECTION=@@COLLATION_CONNECTION */;
/*!40101 SET NAMES utf8mb4 */;

--
-- Database: `wakeupco_pharmacy_db`
--

-- --------------------------------------------------------

--
-- Table structure for table `category`
--

CREATE TABLE `category` (
  `id` int(11) NOT NULL,
  `name` varchar(255) NOT NULL
) ENGINE=InnoDB DEFAULT CHARSET=utf8mb4;

--
-- Dumping data for table `category`
--

INSERT INTO `category` (`id`, `name`) VALUES
(2, 'เม็ด'),
(3, 'แคปซูล'),
(4, 'หลอด'),
(5, 'ชิ้น'),
(6, 'ขวด'),
(7, 'ซอง'),
(8, 'ก้อน'),
(9, 'ชุด'),
(10, 'แผง'),
(11, '10 เม็ด/แผง'),
(12, '4 เม็ด/แผง'),
(13, 'มล.'),
(14, 'กรัม'),
(16, 'มิลลิกรัม'),
(17, 'ม้วน'),
(18, 'กระปุก'),
(19, 'คู่'),
(20, 'ก้าน'),
(21, 'ตลับ'),
(22, 'กล่อง'),
(23, 'แท่ง');

-- --------------------------------------------------------

--
-- Table structure for table `customer`
--

CREATE TABLE `customer` (
  `customer_id` int(11) NOT NULL,
  `f_name` varchar(255) NOT NULL,
  `l_name` varchar(255) NOT NULL,
  `address` text NOT NULL,
  `phone_number` varchar(15) NOT NULL,
  `email` varchar(50) NOT NULL,
  `discount` decimal(2,2) NOT NULL,
  `status` varchar(50) NOT NULL
) ENGINE=InnoDB DEFAULT CHARSET=utf8mb4;

--
-- Dumping data for table `customer`
--

INSERT INTO `customer` (`customer_id`, `f_name`, `l_name`, `address`, `phone_number`, `email`, `discount`, `status`) VALUES
(1, 'ทดสอบ', 'ลูกค้า', '17/4 หมู่ 5 ถนนบำรุงราษฎร์ ตำบลพิบูลสงคราม อำเภอเมือง กรุงเทพมหานคร 10400', '0989997788', 'test@gmail.com', '0.00', 'Active'),
(2, 'ทดสอบ', 'ลูกค้า2', '8 อาคาร ทรู ทาวเวอร์ ถนนรัชดาภิเษก แขวงห้วยขวาง เขตห้วยขวาง กรุงเทพฯ 10310', '0989997788', 'test@gmail.com', '0.99', 'Active'),
(3, 'ทดสอบ', 'ลูกค้า3', '899 ห้อง E101 ชั้น 1 เดอะซีซันส์มอลล์ ถนนพหลโยธิน สามเสนใน พญาไท กรุงเทพมหานคร 10400', '0989995589', 'test3@gmail.com', '0.99', 'Active'),
(4, 'ทดสอบ', 'ลูกค้า4', '552 ห้อง S10 ชั้น 9 เดอะซีซันส์มอลล์ ถนนพหลโยธิน สามเสนใน พญาไท กรุงเทพมหานคร 10400', '0989995522', 'test4@gmail.com', '0.99', 'Active'),
(5, 'ทดสอบ', 'ลูกค้า5', '784 ห้อง S10 ชั้น 9 เดอะซีซันส์มอลล์ ถนนพหลโยธิน สามเสนใน พญาไท กรุงเทพมหานคร 10400', '0989995522', 'test5@gmail.com', '0.89', 'Active'),
(6, 'ทดสอบ66', 'ลูกค้า56', '879 ห้อง S10 ชั้น 9 เดอะซีซันส์มอลล์ ถนนพหลโยธิน สามเสนใน พญาไท กรุงเทพมหานคร 10400', '0988895522', 'test6@gmail.com', '0.99', 'Active'),
(7, 'ทดสอบ77', 'ลูกค้า57', '889 ห้อง S10 ชั้น 9 เดอะซีซันส์มอลล์ ถนนพหลโยธิน สามเสนใน พญาไท กรุงเทพมหานคร 10400', '0988895522', 'test7@gmail.com', '0.99', 'Active'),
(8, 'ยูเซอร์01', 'ลูกค้า01', '001 ห้อง S10 ชั้น 1 เดอะซีซันส์มอลล์ ถนนพหลโยธิน สามเสนใน พญาไท กรุงเทพมหานคร 10400', '0911111111', 'user01@gmail.com', '0.00', 'Active'),
(9, 'ยูเซอร์02', 'ลูกค้า02', '002 ห้อง S12 ชั้น 1 เดอะซีซันส์มอลล์ ถนนพหลโยธิน สามเสนใน พญาไท กรุงเทพมหานคร 10400', '0922222222', 'user02@gmail.com', '0.00', 'Active'),
(10, 'ยูเซอร์03', 'ลูกค้า03', '003 ห้อง S10 ชั้น 3 เดอะซีซันส์มอลล์ ถนนพหลโยธิน สามเสนใน พญาไท กรุงเทพมหานคร 10400', '093333333', 'user01@gmail.com', '0.99', 'Active'),
(11, 'ทดสอบ', 'ระบบ', '003 ห้อง S10 ชั้น 3 เดอะซีซันส์มอลล์ ถนนพหลโยธิน สามเสนใน พญาไท กรุงเทพมหานคร 10400', '0912341232', 'test@gmail.com', '0.99', 'Active'),
(12, 'ทดสอบ2', 'ระบบ2', '003 ห้อง S10 ชั้น 3 เดอะซีซันส์มอลล์ ถนนพหลโยธิน สามเสนใน พญาไท กรุงเทพมหานคร 10400', '0912341232', 'test@gmail.com', '0.99', 'Active'),
(13, 'ยูเซอร์03', 'ลูกค้า03', '003 ห้อง S10 ชั้น 3 เดอะซีซันส์มอลล์ ถนนพหลโยธิน สามเสนใน พญาไท กรุงเทพมหานคร 10400', '093333333', 'user01@gmail.com', '0.99', 'Active'),
(14, 'ทดสอบจ้า', 'อิอิ', '3482/27 Somdejchaophraya Klong San Khlong San Bangkok 10600', '0912341232', 'test@gmail.com', '0.00', 'Active'),
(15, 'ทดสอบจ้า', 'อิอิ', '3482/27 Somdejchaophraya Klong San Khlong San', '0912341232', 'test@gmail.com', '0.00', 'Active'),
(16, 'ยูเซอร์04', 'ลูกค้า04', '004 ห้อง S10 ชั้น 4 เดอะซีซันส์มอลล์ ถนนพหลโยธิน สามเสนใน พญาไท กรุงเทพมหานคร 10400', '0944444444', 'user04@gmail.com', '0.99', 'Active'),
(17, 'xx', 'xxx', 'xxx xxxx xxxxx xxxxxxx', '0922111122', 'xxx@gmail.com', '0.00', 'Active'),
(18, 'abc', 'acb', 'axb asd zxclask', '0922111122', 'xxx@gmail.com', '0.00', 'Active'),
(19, 'ทดสอบ', 'ระบบ', '123 sfsdf xcvxcv asdasdasdasd 12323', '0912341232', 'test@gmail.com', '0.00', 'Active'),
(20, 'ยูเซอร์04', 'ลูกค้า04', '004 ห้อง S10 ชั้น 4 เดอะซีซันส์มอลล์ ถนนพหลโยธิน สามเสนใน พญาไท กรุงเทพมหานคร 10400', '0944444444', 'user04@gmail.com', '0.99', 'Active'),
(21, 'ยูเซอร์03', 'ลูกค้า03', '003 ห้อง S10 ชั้น 3 เดอะซีซันส์มอลล์ ถนนพหลโยธิน สามเสนใน พญาไท กรุงเทพมหานคร 10400', '093333333', 'user01@gmail.com', '0.99', 'Active');

-- --------------------------------------------------------

--
-- Table structure for table `drug_information`
--

CREATE TABLE `drug_information` (
  `id` int(11) NOT NULL,
  `name` varchar(255) DEFAULT NULL,
  `size` varchar(20) DEFAULT NULL,
  `use_medicine` varchar(255) DEFAULT NULL,
  `contraindications` text DEFAULT NULL,
  `properties` text DEFAULT NULL,
  `drug_type_id` int(11) DEFAULT NULL,
  `category_id` int(11) DEFAULT NULL,
  `package_id` int(11) DEFAULT NULL,
  `quantity` int(5) DEFAULT NULL,
  `production_date` date DEFAULT NULL,
  `expiration_date` date DEFAULT NULL,
  `price` decimal(4,2) DEFAULT NULL,
  `keyword` varchar(120) DEFAULT NULL,
  `link_images` text DEFAULT NULL
) ENGINE=InnoDB DEFAULT CHARSET=utf8mb4;

--
-- Dumping data for table `drug_information`
--

INSERT INTO `drug_information` (`id`, `name`, `size`, `use_medicine`, `contraindications`, `properties`, `drug_type_id`, `category_id`, `package_id`, `quantity`, `production_date`, `expiration_date`, `price`, `keyword`, `link_images`) VALUES
(1, 'ยาแก้ไข้ซาร่า', '500 มก.', 'รับประทานทุก 4-6 ชั่วโมง เมื่อมีอาการ ไม่ควรรับประทานเกินวันละ 4 ครั้ง ผู้ใหญ่ รับประทานครั้งละ 1-2 เม็ด', '-', 'ซาร่าคือยาบรรเทาอาการปวดลดไข้ มีตัวยาสำคัญคือ พาราเซตามอล (Paracetamol)', 7, 2, 1, 100, '2019-01-20', '2022-01-21', '99.99', 'แก้ปวด, ปวดหัว, เป็นไข้', 'https://punsuk.com/3063-6765-thickbox_default/sara-paracetamol-500-100-.jpg'),
(2, 'ยาแก้ไข้ซาร่า', '500 มก.', 'รับประทานทุก 4-6 ชั่วโมง เมื่อมีอาการ ไม่ควรรับประทานเกินวันละ 4 ครั้ง ผู้ใหญ่ รับประทานครั้งละ 1-2 เม็ด', '', 'ซาร่าคือยาบรรเทาอาการปวดลดไข้ มีตัวยาสำคัญคือ พาราเซตามอล (Paracetamol)', 7, 2, 1, 100, '0000-00-00', '0000-00-00', '99.99', 'แก้ปวด, ปวดหัว, เป็นไข้', 'https://punsuk.com/3063-6765-thickbox_default/sara-paracetamol-500-100-.jpg'),
(3, 'Bronpect-D', NULL, 'ครั้งละ 1 เม็ด วันละ 3 ครั้ง', NULL, 'บรรเทาอาการไอ เนื่องจากการระคายคอ บรรเทาอาการไอ และขับเสมหะที่เกิดร่วมกับหวัด และหลอดลมอักเสบ', NULL, NULL, NULL, NULL, '0000-00-00', '0000-00-00', NULL, NULL, NULL),
(4, 'ยาแก้ไข้ซาร่า', '500 มก.', 'รับประทานทุก 4-6 ชั่วโมง เมื่อมีอาการ ไม่ควรรับประทานเกินวันละ 4 ครั้ง ผู้ใหญ่ รับประทานครั้งละ 1-2 เม็ด', NULL, 'ซาร่าคือยาบรรเทาอาการปวดลดไข้ มีตัวยาสำคัญคือ พาราเซตามอล (Paracetamol)', 7, 2, 1, 100, '0000-00-00', '0000-00-00', '99.99', 'แก้ปวด, ปวดหัว, เป็นไข้', 'https://punsuk.com/3063-6765-thickbox_default/sara-paracetamol-500-100-.jpg'),
(5, '123 ยาระบาย 10`S', '180 กรัม', 'รับประทานวันละ 1 แคปซูล 1 ครั้ง ก่อนนอน, ธาตุหนัก 2 แคปซูล ก่อนนอน', NULL, 'บรรเทาอาการท้องผูก ขับลม', 7, 3, 2, 10, '0000-00-00', '0000-00-00', '60.00', 'แก้ท้องผูก', NULL),
(6, '3M Cavilon', '28 กรัม', 'ทำความสะอาดผิวหนัง ซับให้แห้ง แล้วบีบ คาวิลอน ดูราเบิล แบริเออร์ ครีม บนมือเพียงเล็กน้อย ทาเกลี่ยให้ทั่วบริเวณที่สัมผัสสิ่งขับถ่ายจนกระทั่งครีมแห้ง ทาครีมซ้ำวันละครั้ง สำหรับการขับถ่ายไม่เกิน 3 ครั้งต่อวัน ทาครีมซ้ำทุก 8 ชั่วโมง สำหรับการขับถ่ายมากกว่า 3 ', '-ห้ามใช้กับแผลที่มีการติดเชื้อ', 'ครีมเข้มข้น มีค่า pH ที่เป็นกลาง ให้ความชุ่มชื้นและปกป้องผิวหนังจากสิ่งระคายเคืองได้ โดยไม่ต้องทาครีมซ้ำหากภายใน 24 ชั่วโมงมีการขับถ่ายไม่ถึง 3 ครั้ง ใช้ทาป้องกันผิวหนังถูกทำลายจากการกลั้นสิ่งขับถ่ายไม่ได้และผิวที่แห้งมาก', 8, 4, 3, 1, '0000-00-00', '0000-00-00', '99.99', 'ให้ความชุ่มชื้นผิวหนัง', 'https://www.fascino.co.th/fasue-img/600/744/resize/img_hq/307368_1.jpg'),
(7, '3M NEXCARE Opticlude Eye Patch', NULL, '1.ทำความสะอาดผิวรอบดวงตาด้วยสำลีชุบน้ำสะอาดแล้วซับให้แห้ง2.ลอกกระดาษรองกาวออกหลับตาแล้วปิดแผ่นอ๊อฟติคลูคโดยหันด้านเรียวไปทางดั้งจมูกลูบปิดให้แนบสนิท3.เปลี่ยนแผ่นเมื่อต้องการหยอดตาหรือป้ายตาใหม่ หรือตามคำแนะนำของแพทย์', NULL, 'ปิดตาเพื่อป้องกันเชื้อโรคและสิ่งสกปรกเข้าตา', 9, 5, 3, 20, '0000-00-00', '0000-00-00', '99.00', 'แผ่นปิดตา', 'https://lzd-img-global.slatic.net/g/p/90d027cc096e787fb5db7932e2cfe2aa.jpg_960x960q80.jpg_.webp'),
(8, 'Acerola cherry 1200 mg 30`S', '1200 มก.', 'รับประทานครั้งละ 1 เม็ด วันละ 1 ครั้ง', '-โรคไตเสื่อม,G6PD,ผู้ที่มีภาวะเม็ดเลือดแดงแตกง่าย ห้ามรับประทาน-เด็กอายุต่ำกว่า 11 ปี ,หญิงตั้งครรภ์และให้นมบุตร ไม่ควรรับประทาน', '1.ต้านสารอนุมูลอิสระป้องกันไม่ให้อนุมูลอิสระทำลายเซลล์ทั้งภายในและภายนอก2.มีส่วนในการสร้าง เส้นใยคอลลาเจน3.สารในอะเซโลร่าเชอรร์ช่วยยับยั้งสารไนโตรซามีนที่อยู่ในเนื้อสัตว์', 7, 2, 1, 30, '0000-00-00', '0000-00-00', '99.99', 'ผลิตภัณฑ์เสริมอาหาร', 'https://warinyapharmacy.com/wp-content/uploads/2021/08/image_1528811378914117711.jpg'),
(9, 'ACEROLA CHERRY PLUS(6x5`s) THP', '1000 มก.', 'รับประทานวันละ 1 แคปซูล พร้อมมื้ออาหารทุกวัน', NULL, 'ช่วยส่งเสริมการทำงานของคอลลาเจน กลูตาไธโอน ', 7, 3, 3, 30, '0000-00-00', '0000-00-00', '99.99', 'ผลิตภัณฑ์เสริมอาหาร', 'https://th-test-11.slatic.net/p/bc06284c71adabafdbd626b4c40f27b4.png'),
(10, 'Vitara Acnetin-A 0.025%', '10 กรัม', 'ใช้ในปริมาณเท่าเม็ดถั่วเขียวทาครีมบางๆ ให้ทั่วบริเวณที่เป็นและคลึงเบาๆ วันละ 1 ครั้ง ก่อนนอน', '-ผู้ที่แพ้กรดไวตามินเอ หรือส่วนประกอบของยานี้-หลีกเลี่ยงการใช้ยานี้ในสตรีมีครรภ์ (pregnancy) และระยะให้นมบุตร', 'รักษาสิว ควบคุมความมันบนใบหน้า ทรีตท์เม้นท์ สำหรับผู้มีปัญหาสิว และผิวหน้ามัน สำหรับรักษาสิว รักษาสิวอุดตัน และช่วยลดลอยเหี่ยวย่นควบคุมความมัน จุดด่างดำหรือผิวที่ไม่เรียบเนียนบนใบหน้าที่เกิดจากการทำลายของแสงแดด', 10, 4, 3, 1, '0000-00-00', '0000-00-00', '95.00', 'รักษาสิว', 'https://berichthailand.com/images/product/other/Acnetin-A_0025__10g_800x800.jpg'),
(11, 'Vitara Acnetin-A 0.05%', '10 กรัม', 'ใช้ในปริมาณเท่าเม็ดถั่วเขียวทาครีมบางๆ ให้ทั่วบริเวณที่เป็นและคลึงเบาๆ วันละ 1 ครั้ง ก่อนนอน', '-หลีกเลี่ยงการใช้ในบริเวณเนื้อเยื่ออ่อน เช่น รอบดวงตา ริมฝีปาก-ห้ามใช้ยานี้ในสตรีมีครรภ์ (pregnancy) และระยะให้นมบุตร-หลีกเลี่ยงการใช้ร่วมกับสารที่กระตุ้นการหลุดลอกของผิวชั้นนอก เช่น benzoeyl peroxide, salicylic acid', 'รักษาสิว ควบคุมความมันบนใบหน้า ทรีตท์เม้นท์ สำหรับผู้มีปัญหาสิว และผิวหน้ามัน สำหรับรักษาสิว รักษาสิวอุดตัน และช่วยลดลอยเหี่ยวย่นควบคุมความมัน จุดด่างดำหรือผิวที่ไม่เรียบเนียนบนใบหน้าที่เกิดจากการทำลายของแสงแดด', 10, 4, 3, 1, '0000-00-00', '0000-00-00', '95.00', 'รักษาสิว', 'https://www.cosmenet.in.th/upload/iblock/f7c/vitara_acnetin_a600x600.jpg'),
(12, 'Aerobidol Inhaler', NULL, 'ยานี้ใช้เฉพาะสูดพ่นทางปากเท่านั้น', '-ห้ามใช้ในผู้ที่แพ้ยา ipratropium bromide,fenoterol hydrobromide หรือยาที่มีลักษณะใกล้เคียงกับยา atropine หรือส่วนประกอบอื่นในยา-ห้ามใช้ในผู้ป่วยโรคกล้ามเนื้อหัวใจอุดตันและหัวใจเต้นเร็วผิดจังหวะ', 'แอโรบิดอล อินฮาเลอร์ เป็นยาขยายหลอดลม ที่ใช้ป้องกันและรักษาอาการที่เกิดจากการหดเกร็งของหลอดลม ในโรคหอบหืดและโรคปอดอุดกั้นเรื้อรัง รวมทั้งโรคหลอดลมอักเสบเรื้อรังและถุงลมโป่งพอง', 11, 6, 3, 1, '0000-00-00', '0000-00-00', '99.99', 'ยาขยายหลอดลม', 'https://mimsshst.blob.core.windows.net/drug-resources/TH/packshot/Aerobidol6001PPS0.JPG'),
(13, 'Aeronide INH 200D', '200 mcg', 'ถือหลอดพ่นยาแนวตั้ง เปิดฝาครอบแล้วเขย่า 3-4 ครั้ง หายใจออกทางปาก ใช้ริมฝีปากอม แล้วหายใจเข้าช้าๆพร้อมกับที่พ่นยา ', '-ห้ามใช้ในผู้ที่แพ้ยา budesonide หรือส่วนประกอบอื่นในยา-ห้ามใช้ยานี้เป็นหลักในการรักษาภาวะหอบหืดที่เกิดต่อเนื่อง (status asthmaticus) หรือภาวะฉุกเฉินของโรคหอบหืดกำเริบซึ่งต้องการรักษาแบบฉุกเฉินในโรงพยาบาล', 'ใช้รักษาโรคหอบหืดแบบต่อเนื่อง โดยใช้เพื่อป้องกันภาวะหอบหืด', 11, 6, 3, 1, '0000-00-00', '0000-00-00', '99.99', 'ยาขยายหลอดลม', 'http://www.pharmbma.com/images/medicines/sp/20_Aeronide.jpg'),
(14, 'Aerotamol inhaler', '100 mcg', 'ถือหลอดพ่นยาแนวตั้ง เปิดฝาครอบแล้วเขย่า 3-4 ครั้ง หายใจออกทางปาก ใช้ริมฝีปากอม แล้วหายใจเข้าช้าๆพร้อมกับที่พ่นยา ', '-ห้ามใช้ยานี้ในผู้ที่แพ้ salbutamol,สารเอมีนที่กระตุ้นระบบประสาทอัตโนมัติซิมพาเธติค,ก๊าซที่ใช้เพื่อให้เกิดความดันหรือส่วนประกอบอื่นๆในยา พบอาการแพ้ คือ ลมพิษ หลอดเลือดบวม และผื่นผิวหนังหลังใช้ยา salbutamol sulphate-ไทรอยด์ทำงานมากผิดปกติ (Hyperthyroidism)-หัวใจเต้นเร็วผิดจังหวะ (Tachyarrhythmia)', 'รักษาอาการหลอดลมหดตัวในโรคหอบหืด, หลอดลมอักเสบเรื้อรัง ', 11, 6, 3, 1, '0000-00-00', '0000-00-00', '99.99', 'ยาขยายหลอดลม', 'https://mimsshst.blob.core.windows.net/drug-resources/TH/packshot/Aerobidol6001PPS0.JPG'),
(15, 'Afloxan', '150 มก.', 'รับประทานครั้งแรก 3-4 แคปซูลต่อวัน โดยแบ่ง 2 ขนาดเป็นเวลา ≥ 2 สัปดาห์ อาจเพิ่มได้ถึง 6 แคปซูลต่อวัน โดยแบ่ง 3 ครั้งในกรณีที่รุนแรง การดูแลรักษา: รับประทานวันละ 2-3 ฝา โดยแบ่งรับประทาน 2 ครั้ง', NULL, 'บรรเทาอาการความผิดปกติของข้อต่อที่เจ็บปวด', 7, 2, 3, 10, '0000-00-00', '0000-00-00', '99.99', 'ยาแก้ปวด', 'https://cdn.sehat.com.pk/product_images/r/478/Afloxan__72208_zoom.jpg'),
(16, 'Air-x ', '120 มก.', 'รับประทานโดยเคี้ยวก่อนรับประทานอาหาร 1 – 2 เม็ดวันละ 3 - 4 อีกครั้งหลังรับประทานอาหารก่อนนอน', NULL, 'ลดแรงตึงผิวของแก๊สระบบควบคุมอาหารในส่วนที่เป็นฟองแก๊สถูกถูกขับออกจากทางเดินอาหาร', 7, 2, 2, 10, '0000-00-00', '0000-00-00', '20.00', 'ยาลดกรด', 'https://th-test-11.slatic.net/p/db0f764fd2ff1183e7b515a89233c6b6.jpg'),
(17, 'Air-x (มิ้นท์,ส้ม,มะนาว)', '80  มก.', 'รับประทานโดยเคี้ยวก่อนรับประทานอาหาร 1 – 2 เม็ดวันละ 3 - 4 อีกครั้งหลังรับประทานอาหารก่อนนอน', NULL, 'ลดแรงตึงผิวของแก๊สระบบควบคุมอาหารในส่วนที่เป็นฟองแก๊สถูกถูกขับออกจากทางเดินอาหาร', 7, 2, 2, 10, '0000-00-00', '0000-00-00', '30.00', 'ยาแก้ท้องอืด', 'https://cf.shopee.co.th/file/th-11134207-7qul5-ljpaswe8s3l21b'),
(18, 'Air-x drop', '15 มก.', 'มากกว่านี้ 1 ขวบขึ้นไป : ขึ้นอยู่กับ 0.3 มล.มากกว่า 2 ขวบ : ขึ้นอยู่กับ 0.6 มล.รับประทานวันละ 4 ครั้งหลังอาหารเช้า เย็น และก่อนนอน', NULL, 'ลดแรงตึงผิวของแก๊สระบบควบคุมอาหารในส่วนที่เป็นฟองแก๊สถูกถูกขับออกจากทางเดินอาหาร', 7, 6, 3, 1, '0000-00-00', '0000-00-00', '50.00', 'ยาแก้ท้องอืด', 'https://down-th.img.susercontent.com/file/02731a3c2f11b2b992cdc86c189bb1b4'),
(19, 'Aknederm-BP 5%', '10 กรัม', 'ก่อนทา ควรล้างเครื่องสำอางออกก่อน ใช้ทาก่อนล้างหน้า 2 เวลา เช้า-เย็น ช่วงแรกที่ใช้ทาทิ้งไว้ 5 นาทีก่อน ถ้าไม่รู้สึกแสบหน้าสามารถเพิ่มเวลาเป็น 10-15 นาทีได้ เมื่อได้เวลาให้ล้างหน้าด้วยโฟมล้างหน้าหรือล้างหน้าตามปกติที่เราเคยทำ ก่อนทา AkneDerm BP 2.5 ควรล้าง', '-ควรเริ่มทาเป็นระยะเวลาสั้นๆแล้วล้างออก จากนั้นค่อยๆเพิ่มเวลาทายาให้นานขึ้น-ไม่ควรใช้ร่วมกับ retinoic acid ถ้าใช้ร่วมกับ retinoic acid ควรทาคนละเวลา-อาจทำให้เกิด allergic contact dermatitis ได้ โดยพบได้ไม่มาก-อาจทำให้เป็นรอยด่างชั่วคราวได้ในบริเวณที่ทายา-ถ้าทาบริเวณลำตัวควรระวัง เพราะยาจะกัดสีเสื้อผ้าทำให้ด่างได้', 'ช่วยลดสิวเสี้ยน สิวอุดตัน ช่วยลดสิวเสี้ยน สิวอุดตันช่วยลดและป้องกันการเกิดสิว เนื้อผลิตภัณฑ์ เป็นเจลค่อนข้างเหลว ขุ่น', 10, 4, 3, 1, '0000-00-00', '0000-00-00', '75.00', 'ยาแต้มสิว', 'https://brdermthailand.com/images/virtuemart/product/AkneDerm-BP%205_%2010g_800x800.jpg'),
(20, 'Alben', '200 มก.', 'แนะนำให้รับประทานทุก 6 เดือนหรืออย่างน้อยปีละ 1 ครั้งยาน้ำ 1 ขวด 10 มล.มีตัวยาอัลเบนดาโซล 400 มก.ใช้สำหรับเด็กอายุ 2 ปีขึ้นไป รับประทานครั้งละ 10 มล. ก่อนนอน', '-ยานี้เป็นยาที่สั่งจ่ายโดยแพทย์เท่านั้น ห้ามแบ่งให้ผู้อื่นรับประทานโดยไม่ได้รับคำแนะนำจากแพทย์-ผู้ที่แพ้ยาอัลเบนดาโซลหรือส่วนผสมภายในยารวมถึงยาชนิดอื่นที่คล้ายกัน เช่น มีเบนดาโซล (Mebendazole) ไม่ควรใช้ยานี้-ห้ามใช้ยานี้เมื่อเคยแพ้ยานี้ หรือส่วนประกอบของยานี้ หรือยาอื่นในกลุ่มเบนซิมิดาโซล-ผู้ที่มีประวัติการชัก ควรระวังเมื่อใช้ยานี้-ผู้ที่เป็นโรคตับ ควรระวังเมื่อใช้ยานี้-หญิงมีครรภ์ ควรระวังการใช้ยานี้-หญิงให้นมบุตร ควรหลีกเลี่ยงการใช้ยานี้-ไม่ควรใช้ยานี้ร่วมกับยา อาหาร สมุนไพร หรือผลิตภัณฑ์เสริมอาหารบางชนิด เพราะอาจมีผลกับการรักษาหรือเกิดอันตรายได้ เช่น คาร์บามาเซพีน ฟีโนบาร์บิทอล และเฟนีโทอิน แต่ถ้าหากไม่แน่ใจว่าใช้ยาเหล่านี้อยู่ให้ปรึกษาแพทย์หรือเภสัชกร', 'ยาถ่ายพยาธิตัวกลม Albendazoleสำหรับกำจัดและขับถ่ายพยาธิตัวกลมทุกชนิด', 7, 6, 3, 1, '0000-00-00', '0000-00-00', '35.00', 'ยาถ่ายพยาธิ', 'https://www.spdrug.com/administrator/product/images/P19062018182840.jpg'),
(21, 'Albemed', '200 มก.', 'สำหรับผู้ใหญ่ และเด็กอายุเกิน 2 ปี1.พยาธิเข็มหมุดหรือพยาธิเส้นด้าย พยาธิแส้ม้า พยาธิปากขอ พยาธิไส้เดือน รับประทานครั้งเดียว 2 เม็ด พร้อมอาหาร2 พยาธิตัวตืด พยาธิสตรองจิลอยดีส์ รับประทาน 2 เม็ด พร้อมอาหาร ติดต่อกัน 3 วัน3.พยาธิใบไม้ในตับ รับประทานวันละ 2 คร', NULL, NULL, 7, 2, 3, 6, '0000-00-00', '0000-00-00', '49.00', 'ยาถ่ายพยาธิ', 'https://medthai.com/wp-content/uploads/2016/09/%E0%B8%AD%E0%B8%B1%E0%B8%A5%E0%B8%9A%E0%B8%B5%E0%B9%80%E0%B8%A1%E0%B8%94.jpg'),
(22, 'Alcohol 7Stars', '450 มล.', 'ใช้ล้างมือหรือบาดแผล เพื่อทำความสะอาดและฆ่าเชื้อโรค ใช้ล้างเครื่องมือเพื่อฆ่าเชื้อโรค', NULL, 'สำหรับฆ่าเชื้อโรค', 12, 6, 4, 1, '0000-00-00', '0000-00-00', '99.00', 'แอลกอฮอล์', 'https://inwfile.com/s-cs/n0e2ty.jpg'),
(23, 'Alcohol Gel Alsoff', '450 มล.', 'ใช้สำหรับทำความสะอาดมือ', NULL, 'สำหรับฆ่าเชื้อโรค', 12, 6, 4, 1, '0000-00-00', '0000-00-00', '99.99', 'แอลกอฮอล์', 'https://www.bec-vet.com/media_file/product_gallery/2345/01.jpg?1593414435'),
(24, 'ALEREST', '10 มก.', 'เด็กอายุ 6–12 ปี รับประทานครั้งละ 5 มิลลิกรัม วันละ 2 ครั้งเด็กอายุ 12 ปีขึ้นไป และผู้ใหญ่ รับประทานวันละ 10 มิลลิกรัม วันละ 1 ครั้ง หากอาการแพ้ไม่รุนแรง แพทย์อาจแนะนำให้แบ่งรับประทานยาครั้งละ 5 มิลลิกรัม วันละ 1–2 ครั้ง', '-ห้ามใช้ยานี้ในผู้ที่มีประวัติเคยแพ้ยาหรือส่วนประกอบของยานี้ หรือเคยมีประวัติแพ้ยาไฮดรอกซิซีน (Hydroxyzine)-ระวังการใช้ยานี้ในหญิงให้นมบุตร เนื่องจากไม่มีข้อมูลยืนยันความปลอดภัย-กินยานี้แล้วอาจง่วงซึมควรหลีกเลี่ยงการขับขี่ยานพาหนะหรือทำงานกับเครื่องจักรกลที่อาจเกิดอุบัติเหตุได้ง่าย', 'รักษาอาการแพ้ ได้แก่ อาการคันตาจากการแพ้ ภูมิแพ้เยื่อบุโพรงจมูกอักเสบจากสารก่อการแพ้ ผื่นคัน อาการแพ้ในระบบทางเดินหายใจส่วนบน', 7, 2, 2, 10, '0000-00-00', '0000-00-00', '30.00', 'ยาแก้แพ้', 'https://www.spdrug.com/administrator/product/images/P18022023123900.jpg'),
(25, 'Alinamin EX Plus', '60 เม็ด', 'อายุ 15 ปีขึ้นไปรับประทานยาครั้งละ 1 เม็ด วันละ 1 ครั้งหลังอาหารทันที ห้ามใช้ในผู้ที่มีอายุต่ำกว่า 15 ปี', '-ห้ามใช้ในผู้ที่มีอายุต่ำกว่า 15 ปี-ห้ามใช้ในผู้ที่แพ้ยาหรือส่วนประกอบเหล่านี้-ผู้ป่วยที่อยู่ภายใต้การดูแลของแพทย์ควรปรึกษา ขอแนะนำจากแพทย์หรือเภสัชกรก่อนเริ่มใช้ยา-หยุดใช้ยาทันทีหากมีอาการผื่นคันที่บริเวณผิวหนัง คลื่นไส้ อาเจียน ปากอักเสบ อึดอัดไม่สบายท้อง พร้อมแจ้งให้แพทย์หรือเภสัชกรทราบ', '1.เสริมวิตามินบี 1 วิตามินบี 6 และวิตามินบี 12 ในผู้ที่ร่างกายอ่อนเพลีย2.เสริมวิตามินบี 1 วิตามินบี 6 และวิตามินบี 12 เพื่อฟื้นฟูสมรรถภาพทางกายระหว่างการเจ็บป่วยหรือพักฟื้น3.เสริมวิตามินบี 1 วิตามินบี 6 และวิตามินบี 12 ในสตรีมีครรภ์และสตรีที่ให้นมบุตร4.บรรเทาอาการต่างๆ ที่อาจเกิดขึ้นเนื่องจากการขาดวิตามินบี 1 เช่น ปลายประสาทอักเสบ (Peripheral neuritis), อาการชาตามปลายมือปลายเท้า (Numbness of the extremities)', 7, 2, 1, 60, '0000-00-00', '0000-00-00', '99.99', 'ผลิตภัณฑ์เสริมอาหาร', 'https://www.pronatureclub.com/uploads/978/shop/201903/201903-19-101932_uJ-0.jpg'),
(26, 'Allergis', '5 มล.', 'หยอดตาครั้งละ 1-2 หยด วันละ 4-6 ครั้ง', NULL, 'บรรเทาอาการระคายเคือง แสบตา คันลูกนัยน์ตาจากการแพ้', 13, 6, 3, 1, '0000-00-00', '0000-00-00', '90.00', 'บรรเทาอาการระคายเคืองตา', 'https://inwfile.com/s-e/hz0n0x.jpg'),
(27, 'Ambes', '5 มก.', 'มีข้อบ่งใช้ คือ ภาวะเจ็บแน่นหน้าอกคงที่ (stable angina) และ Prinzmetal’s angina ขนาดการใช้ยาในผู้ใหญ่เริ่มใช้ยาที่ขนาด 5 มิลลิกรัม วันละครั้ง อาจเพิ่มขนาดเป็น 10 มิลลิกรัม วันละครั้งได้หากจำเป็น ขนาดการใช้ยาในผู้สูงอายุ เริ่มใช้ยาที่ขนาด 2.5 มิลลิกรัม วัน', '-ไม่ให้ใช้ยาในผู้ป่วยที่มีความดันโลหิตต่ำรุนแรง-ไม่ให้ใช้ยาในผู้ป่วยที่มีภาวะช็อก-ไม่ให้ใช้ยาในผู้ป่วยที่มีการอุดกั้นของหัวใจห้องล่างซ้าย (left ventricle) ได้แก่ การเกิด aortic stenosis-ไม่ให้ใช้ยาในผู้ป่วยที่มีภาวะหัวใจล้มเหลว หลังจากการเกิดภาวะหัวใจขาดเลือดแบบเฉียบพลัน-ระวังการใช้ยาในผู้ป่วยที่มีภาวะหัวใจล้มเหลว-ระวังการใช้ยาในผู้ป่วยโรคตับ และโรคไต-ระวังการใช้ยาในผู้ป่วยสูงอายุ สตรีมีครรภ์ และสตรีให้นมบุตร', 'กลไกการออกฤทธิ์ของยาคือ แอมโลดิพีนเป็นยาต้านแคลเซียมในกลุ่มไดไฮโดรไพริดีน (dihydropyridine) มีกลไกยับยั้งการไหลเข้าของแคลเซียมไอออนสู่กล้ามเนื้อหัวใจและกล้ามเนื้อเรียบของหลอดเลือดหัวใจ ทำให้หลอดเลือดเกิดการขยายตัว ยาแอมโลดิพีนยังสามารถลดแรงต้านของหลอดเลือดและลดความดันโลหิตโดยทำให้เกิดการขยายตัวของหลอดเลือดแดงที่ peripheral artery ประสิทธิผลการรักษาในภาวะเจ็บแน่นหน้าอก เนื่องจากยาสามารถลดแรงต้านของหลอดเลือดร่วมกับยับยั้งการเกิดการหดตัวของหลอดเลือดหัวใจ เพิ่มปริมาณออกซิเจนเข้าสู่หัวใจ', 7, 2, 2, 10, '0000-00-00', '0000-00-00', '69.00', 'บรรเทาอาการแน่นหน้าอก', 'https://www.spdrug.com/administrator/product/images/P26082019033108.jpg'),
(28, 'Ambrox Junior', '60 มล.', 'เด็ก6-12ปี1ช้อนชาวันละ2-3ครั้ง เด็ก2-5ปี0.5 ช้อนชาวันละ2-3ครั้ง เด็ก<2ปี0.5ช้อนชาวันละ2ครั้ง', 'ไม่มีข้อห้ามในการใช้ยา แต่มีข้อควรระวัง-ควรระมัดระวังการใช้ยานี้ในผู้ป่วยที่มีแผลในกระเพาะอาหาร-ควรระวังการใช้ยานี้ในผู้ป่วยโรคปอดบวม หรือโรคในระบบทางเดินหายใจ-ควรระวังการใช้ยานี้ในผู้ป่วยที่มีการได้รับการกดภูมิคุ้มกัน เช่นในผู้ป่วยติดเอชไอวี-ควรระวังการใช้ยาในผู้ป่วยโรคตับ โรคไต-ควรระวังการใช้ยาในผู้ป่วยเด็ก-ควรระวังการใช้ยาในสตรีมีครรภ์ และสตรีให้นมบุตร', 'ละลายเสมหะ ที่คั่งค้างอยู่ในทางเดินหายใจให้ถูกขับออกมาง่ายขึ้น ลดอาการไอ', 7, 6, 3, 1, '0000-00-00', '0000-00-00', '69.00', 'ละลายเสมหะ, ลดอาการไอ', 'https://www.spdrug.com/administrator/product/images/P22062018170214.jpg'),
(29, 'Amitriptyline', '25 มก.', 'ควรปรึกษาแพทย์หรือเภสัชกรก่อนใช้ยา', '-ห้ามใช้ยานี้ในผู้ที่มีประวัติเคยแพ้ยา หรือส่วนประกอบของยานี้-ห้ามเด็กอายุต่ำกว่า 12 ปี รับประทานยา Amitriptyline-ผู้ที่มีอาการหัวใจขาดเลือดเฉียบพลันเมื่อไม่นานมานี้ ไม่ควรรับประทานยานี้-ระวังการใช้ยานี้ในผู้ป่วยโรคเส้นเลือดหัวใจตีบ-ระวังการใช้ยานี้ในหญิงมีครรภ์ และหญิงให้นมบุตรเนื่องจากไม่มีข้อมูลยืนยันความปลอดภัย-ระวังการใช้ยานี้ในผู้ป่วยโรคลมชัก ยานี้อาจจำเป็นต้องปรับขนาดในผู้ป่วยโรคตับหรือโรคไต หรือกำลังกินยาบางชนิด หากท่านมีภาวะเหล่านี้ควรแจ้งแพทย์-หลีกเลี่ยงหรืองดเครื่องดื่มที่มีแอลกอฮอล์ในระหว่างการรักษา-ระมัดระวังการขับขี่ยานยนต์ หรือทำงานเกี่ยวกับเครื่องจักรกล หรือทำงานที่เสี่ยงต่อการพลัดตกจากที่สูง', 'ยา amitriptyline ใช้สำหรับรักษาอาการผิดปกติทางจิตใจ อารมณ์ เช่น ภาวะซึมเศร้า (depression) ยานี้จะช่วยให้อารมณ์ดีขึ้นและรู้สึกมีความสุขมากขึ้น, ช่วยคลายความวิตกกังวลและความตึงเครียด, ช่วยให้คุณนอนหลับได้ดีขึ้น, และช่วยให้ร่างกายมีระดับพลังงานมากขึ้น ยา amitriptyline เป็นยาในกลุ่ม tricyclic antidepressants ยาจะออกฤทธิ์โดยไปปรับสมดุลของสารเคมีตามธรรมชาติในสมอง (สารสื่อประสาท เช่น ซีโรโทนิน (serotonin))', 7, 2, 2, 10, '0000-00-00', '0000-00-00', '79.00', 'ยานอนหลับ, ผ่อนคลาย', 'https://2.bp.blogspot.com/-qm-iOo1gbbg/VhNSPb0CskI/AAAAAAAABZc/bShzobFW9AA/s1600/amitrip.jpg'),
(30, 'Amlodipine', '10 มก.', 'รับประทานครั้งละ 1 เม็ด วันละครั้ง', '-ห้ามใช้ยานี้เมื่อเคยแพ้ยานี้ หรือส่วนประกอบของยานี้-ห้ามใช้ยานี้เมื่อความดันเลือดต่ำอย่างรุนแรง-ห้ามใช้ยานี้ในเด็กที่มีอายุต่ำกว่า 6 ปี โดยไม่ได้รับคำแนะนำจากแพทย์-ผู้ที่เป็นโรคหัวใจล้มเหลว โรคกล้ามเนื้อหัวใจหนาโรคลิ้นหัวใจตีบ โรคตับ ควรปรึกษาแพทย์ทุกครั้งก่อนการใช้ยา-หญิงตั้งครรภ์ (pregnancy) ควรระมัดระวังการใช้ยานี้-หญิงให้นมบุตรควรหลีกเลี่ยงการใช้ยานี้-ยาชนิดนี้อาจมีปฏิกิริยากับยาบางตัวเมื่อมีการรับประทานร่วมกัน เช่น ยาไนโตรกลีเซอริน ยาซิมวาสแตติน ยารักษาโรคหัวใจ ยาโรคความดันโลหิตสูง จึงควรปรึกษาแพทย์ก่อนการใช้ยา', 'ยาลดความดัน', 7, 2, 2, 10, '0000-00-00', '0000-00-00', '49.00', 'ยาลดความดัน', 'https://mt-drugstore.bangkoksync.com/images/listings/mt-drugstore-5748c8d4d1.jpg'),
(31, 'Ammeltz Yoko Yoko', '48 มล.', 'ทาบริเวณที่เป็น 2-3 ครั้ง หรือจะใช้ได้บ่อยตามที่ต้องการ', NULL, 'บรรเทาอาการปวดเมื่อยกล้ามเนื้อ คลายกล้ามเนื้อ เคล็ดขัดยอก อาการฟกช้า ตามร่างกาย ใช้ดีมาก ในรายที่ปวดกล้ามเนื้อหลัง ท้ายทอย และไหล่ หรืออาการปวดจากการนั่งนาน ออฟฟิศซินโดรม ไม่เหนียวเหนอะหนะ ไม่เปื้อนเสื้อผ้า', 10, 6, 3, 1, '0000-00-00', '0000-00-00', '99.99', 'ยาคลายกล้ามเนื้อ', 'https://vitamintoyou.net/wp-content/uploads/2019/07/cd328589c78cb72c6078f5e613e28c1f.jpg'),
(32, 'Ammonia', '30 มล.', 'ยาสำหรับสูดดม-สำลี', NULL, 'ใช้ดมแก้ลมวิงเวียน หน้ามืด เป็นยากระตุ้นการหายใจ ', 14, 6, 4, 1, '0000-00-00', '0000-00-00', '30.00', 'ยาแก้วิงเวียนศีรษะ', 'https://inwfile.com/s-cx/94m4lb.jpg'),
(33, 'Amogin Gel', '240 มล.', 'ครั้งละ 1-2 ส่วนวันละ 3-4 ทั้งหมด 1 ชั่วโมงก่อนอาหารและก่อนนอน', NULL, 'ลดกรดในกระเพาะอาหาร บรรเทาอาการจุกเสียด ท้องอืด แน่นท้อง', 7, 6, 4, 1, '0000-00-00', '0000-00-00', '69.00', 'ยาบรรเทาอาการท้องอืด', 'https://d.line-scdn.net/lcp-prod-photo/20210819_69/1629345481608pE98v_PNG/AT8PI33KXJLJ4M0HWNEL5WJSXJKFE3.png'),
(34, 'Amogin Gel', '450 มล.', 'ครั้งละ 1-2 ส่วนวันละ 3-4 ทั้งหมด 1 ชั่วโมงก่อนอาหารและก่อนนอน', NULL, 'ลดกรดในกระเพาะอาหาร บรรเทาอาการจุกเสียด ท้องอืด แน่นท้อง', 7, 6, 4, 1, '0000-00-00', '0000-00-00', '99.99', 'ยาบรรเทาอาการท้องอืด', 'https://obs.line-scdn.net/r/ect/ect/image_165368086005022040319d24320t0fcd51cc'),
(35, 'Amogin tab', '15 มล.', 'รับประทานเมื่อรู้สึกแสบร้อนกลางอกเป็นประจำกรดไหลย้อนอาหารไม่ย่อยเพราะกรดช่วยลดกรดในกระเพาะอาหารลดแก๊ส ท้องอืด ท้องเฟ้', NULL, 'ลดกรดในกระเพาะอาหาร บรรเทาอาการจุกเสียด ท้องอืด แน่นท้อง', 7, 7, 3, 30, '0000-00-00', '0000-00-00', '20.00', 'ยาบรรเทาอาการท้องอืด', 'https://images.app.goo.gl/KCMFw51S2KfwecML7'),
(36, 'Amoksiklav ', '1000 มก.', 'ผู้ใหญ่-เด็กอายุมากกว่า 12 ปี และน้ำหนักมากกว่า 40 กิโลกรัมรับประทานครั้งละ 1 เม็ด วันละ 2 ครั้ง หรือ ทุก 12 ชม', '-ห้ามใช้ยานี้ในผู้ป่วยที่แพ้ยาอะมอกซิซิลลิน หรือแพ้ยากลุ่มเบต้าแลคแทม-ห้ามใช้ยาในผู้ป่วยที่มีประวัติการทำงานของตับผิดปกติที่เกิดจากการใช้ยานี้-ระวังการใช้ยานี้ในผู้ป่วยโรคไข้และต่อมน้ำเหลืองโต-ระวังการใช้ยานี้ในผู้ป่วยโรคไต และโรคตับ-ระวังการใช้ยานี้ในเด็ก สตรีมีครรภ์ และสตรีให้นมบุตร', 'รักษาการติดเชื้อที่หู ติดเชื้อไซนัส ติดเชื้อในลำคอ ติดเชื้อทางเดินปัสสาวะ ติดเชื้อทางทันตกรรม ข้อต่อและกระดูกอักเสบ', 7, 2, 3, 10, '0000-00-00', '0000-00-00', '99.99', 'ยาปฏิชีวนะ ', 'https://mt-drugstore.bangkoksync.com/images/listings/mt-drugstore-d70fdfb695.jpg'),
(37, 'Amoxy', '500 มก.', 'สำหรับผู้ใหญ่จะรับประทานครั้งละ 1 แคปซูล วันละ 3 ครั้ง หลังอาหารเช้า – กลางวัน – เย็น โดยให้ทานติดต่อกัน 5-10 วัน', '-ห้ามใช้ยาที่หมดอายุ-ผู้ป่วยที่มีประวัติแพ้ยาเพนนิซิลินห้ามใช้ยานี้-ห้ามใช้ยานี้เมื่อเคยแพ้ยาในกลุ่มเซฟาโรสปอรินขั้นรุนแรง-ระวังการใช้ยานี้กับผู้ป่วยโรคตับ โรคไต โรคหอบหืด หญิงตั้งครรภ์ และหญิงให้นมบุตร ซึ่งผู้ป่วยต้องได้รับคำแนะนำจากแพทย์และให้แพทย์เป็นผู้สั่งจ่ายยาเท่านั้น', 'ออกฤทธิ์ฆ่าเชื้อแบคทีเรีย', 7, 2, 2, 10, '0000-00-00', '0000-00-00', '20.00', 'ยาปฏิชีวนะ ', 'https://res.cloudinary.com/dk0z4ums3/image/upload/v1637737073/attached_image_th/antibioticpillgreenandbluecolourcapsules.jpg'),
(38, 'AMPIPEN N.L.', '500 มก.', ' 4 ครั้งต่อวัน (ทุกๆ 6 ชั่วโมง) หรือตามที่แพทย์สั่ง รับประทานยาแอมพิซิลลินขณะท้องว่าง (1 ก่อน หรือ 2 ชั่วโมงหลังมื้ออาหาร) ', NULL, 'ใช้รักษาโรคติดเชื้อของ ระบบทางเดินหายใจ กระเพาะอาหารและลำไส้ โรคติดเชื้อของทางเดินปัสสาวะ และอวัยวะสืบพันธุ์ ผิวหนังและเยื่อบุอ่อน', 7, 3, 2, 12, '0000-00-00', '0000-00-00', '50.00', 'ยาปฏิชีวนะ ', 'https://www.medicaya.com/upload/product/img1_23022022-051744.jpeg'),
(39, 'Amta 500', '500 มก.', 'รับประทานครั้งละ 1 แคปซูล สามเวลา ก่อนหรือหลังอาหารก็ได้', NULL, 'รักษาโรคติดเชื้อแบคทีเรียในระบบทางเดินหายใจ ผิวหนัง ทางเดินปัสสาวะ เช่น ทอมซิล คอหอย กล่องเสียงอักเสบ หนองใน', 7, 3, 2, 10, '0000-00-00', '0000-00-00', '40.00', 'ยาปฏิชีวนะ ', NULL),
(40, 'ANAMAI 28`S', '1 มก และ 0.05 มก', 'รับประทานจนครบ 28 เม็ด พอหมดแล้ววันใหม่กินต่อแผงต่อไปทันที', NULL, 'คุมกำเนิด', 7, 2, 2, 28, '0000-00-00', '0000-00-00', '16.00', 'ยาคุมกำเนิด', 'https://d.line-scdn.net/obs/r/ect/ect/image_169796885012100973922dd4673t127119c2/s860p'),
(41, 'ANAPRIL 20 MG', '20 มก.', 'เริ่มต้นที่ 2.5-5 มก วันละครั้ง จนถึง 10-40 มิลลิกรัม หรือตามสั่งของแพทย์', 'ห้ามใช้ในสตีมีครรภ์และให้นมบุตร', 'รักษาโรคความดันโลหิตสูง และภาวะหัวใจล้มเหลว', 7, 2, 2, 10, '0000-00-00', '0000-00-00', '19.00', 'ยารักษาความดันโลหิต', 'https://namyuenhosp.in.th/newphm/admin/postimages/bb8656356df77f65e7354ee0625e1a7e.jpg'),
(42, 'ANAPRIL 5MG', '5 มก.', '1 ครั้ง ต่อวัน', NULL, 'รักษาโรคความดันโลหิตสูง และภาวะหัวใจล้มเหลว', 7, 2, 2, 10, '0000-00-00', '0000-00-00', '19.00', 'ยารักษาความดันโลหิต', 'https://namyuenhosp.in.th/newphm/admin/postimages/bb8656356df77f65e7354ee0625e1a7e.jpg'),
(43, 'ANDROSIL', '20 มก. ', 'มื้อละ 1 เม็ด เมื่อมีอาการหวัด', NULL, 'บรรเทาอาการโรคหวัด เจ็บคอ น้ำมูกไหล', 7, 3, 2, 10, '0000-00-00', '0000-00-00', '65.00', 'แก้ปวด, ปวดหัว, เป็นไข้', 'https://www.doikham.co.th/wp-content/uploads/2021/10/IMG_9856.png'),
(44, 'ANTACIL', '50 มก.', 'รับประทานครั้งละ 1-2 เม็ด เคี้ยวให้ละเอียดก่อนกลืน วันละ 3-4 ครั้ง หลังอาหาร 1-2 ชั่วโมงและก่อนนอน', NULL, 'ลดกรดในกระเพาะอาหาร บรรเทาอาการจุกเสียด ท้องอืด แน่นท้อง', 7, 2, 2, 10, '0000-00-00', '0000-00-00', '12.00', 'ยาลดกรด', 'https://images.app.goo.gl/474iPZus2yp1uiCK9'),
(45, 'ANTACIL GEL', '1000 มล.', 'ทานครั้งละ 1-2 ช้อนชา วันละ 4 ครั้ง', NULL, 'ลดกรดในกระเพาะอาหาร บรรเทาอาการจุกเสียด ท้องอืด แน่นท้อง', 7, 6, 4, 1, '0000-00-00', '0000-00-00', '99.99', 'ยาลดกรด', 'https://images.app.goo.gl/E5XpF6xHFnpzJS8k7'),
(46, 'ANTACIL GEL', '240 มล.', 'ทานครั้้งละ 1-2 ช้อนชา วันละ 4 ครั้ง', '-ห้ามใช้ในผู้ป่วยโรคหัวใจ หรือโรคไต-หากมีอาการผิดปกติควรหยุดใช้ทันที และปรึกษาแพทย์-ไม่ควรรับประทานเป็นเวลานานกว่า 2 สัปดาห์ นอกจากแพทย์สั่ง', 'ลดกรดในกระเพาะอาหาร บรรเทาอาการจุกเสียด ท้องอืด แน่นท้อง', 7, 6, 4, 1, '0000-00-00', '0000-00-00', '49.00', 'ยาลดกรด', 'https://images.app.goo.gl/HKf38HAyp4b6hrr29'),
(47, 'APOLETS', '75 มก.', 'ทานวันละ 1 เม็ด', '-ห้ามใช้กับผู้ที่แพ้ยานี้-ห้ามใช้ยานี้กับผู้ป่วยที่มีภาวะโรคตับระยะรุนแรง-ห้ามใช้ยานี้กับผู้ป่วยด้วยโรคแผลในกระเพาะอาหารที่อยู่ในระยะมีเลือดออก-ห้ามใช้ยานี้กับสตรีที่อยู่ในภาวะให้นมบุตร-ห้ามแบ่งยานี้ให้ผู้อื่นใช้-ห้ามใช้ยาหมดอายุ-ระวังการใช้ยานี้กับผู้ที่มีภาวะสูญเสียเลือดซึ่งเกิดจากบาดแผลหรือจากการผ่าตัด', 'สำหรับป้องกันรักษาโรคหลอดเลือดแดงอุดตันที่ต้องติดตามผลการรักษาโดยแพทย์', 7, 2, 3, 30, '0000-00-00', '0000-00-00', '99.99', '7', 'https://images.app.goo.gl/1KFJ9Edc6fLZ2hGY7'),
(48, 'Apple Cider Vinegar', '1200 มก.', 'ผู้ใหญ่ แนะนำให้เริ่มรับประทานพร้อมอาหารและดื่มน้ำตามมากๆ เพื่อให้ได้ผลดีที่สุด ให้รับประทานครั้งละ 2 แคปซูล วันละ 3 ครั้ง แนะนำให้ปรึกษาผู้เชี่ยวชาญด้านอาหารเสริมหรือเภสัชกรก่อนการใช้  หากท่านกำลังตั้งครรภ์ หรืออยู่ในระหว่างการรักษาพยาบาล', '-แนะนำให้ปรึกษาผู้เชี่ยวชาญด้านอาหารเสริมหรือเภสัชชกรก่อนการใช้หากกำลังตั้งครรภ์หรืออยู่ในระหว่างการรักษาพยาบาล-ผลิตภัณฑ์นี้ประกอบด้วยกรดอะซิติคเข้มข้นอาจทำให้เกิดอาการระคายเคืองหากรู้สึกว่ามีความผิดปกติหรือไม่สบายในช่องท้อง ให้หยุดการไช้ทันทีและไปพบแพทย์-ห้ามแกะแคปซูลออกจากกัน-หากพบซีลภายใต้ฝาเสียหายหรือฉีกขาดให้เลี่ยงการใช้-เก็บให้ห่างจากมือเด็ก', '- แอปเปิ้ลไซเดอร์โพแทสเซียมช่วยในการแบ่งเซลล์ หากขาดแร่ธาตุนี้จะมีผลทำให้ร่างกายมีอาการผิดปกติ เช่น ผมร่วง ผมหงอก ร่างกายเติบโตช้า และแก่เกินวัย เป็นต้น- ช่วยเพิ่มความแข็งแรงให้เซลล์และหลอดเลือดแดง (โพแทสเซียม)- ช่วยชะลอความแก่ คงความหนุ่มสาว- ช่วยแก้อาการอ่อนเพลียของร่างกายหลังออกกำลังกาย- ช่วยทำให้ระบบหายใจทำงานดีขึ้น- ช่วยทำให้ความจำดีขึ้น- ประโยชน์แอปเปิ้ลไซเดอร์ช่วยลดความดันโลหิตและโรคหัวใจ- ช่วยลดระดับคอเลสเตอรอลในเลือดของหนูทดลองได้ แต่สำหรับคนยังไม่มีงานวิจัยที่น่าเชื่อถือ- มีงานวิจัยชี้ว่าน้ำส้มสายชูอาจช่วยกำจัดหรือชะลอการเจริญเติบโตของเซลล์มะเร็ง และยังพบว่าช่วยลดความเสี่ยงของการเกิดโรคมะเร็งหลอดอาหาร แต่มีอีกผลงานวิจัยกลับพบว่ามันอาจจะไปเพิ่มความเสี่ยงของการเป็นมะเร็งในกระเพาะปัสสาวะแทน', 7, 3, 1, 180, '0000-00-00', '0000-00-00', '99.99', 'ผลิตภัณฑ์เสริมอาหาร', 'https://images.app.goo.gl/FuMjNBbnbX5qhf3s5'),
(49, 'Apracur Nc', '300 มก.', 'ผู้ใหญ่ รับประทานวันละ 3-6 เม็ด โดยแบ่งรับประทานเป็น 3 ครั้ง ทั้งนี้แล้วแต่อาการป่วยจะมากหรือน้อย   ส่วนเด็กอายุ 10-14 ปี รับประทานครั้งละ 1 เม็ด วันละ 2-3 ครั้ง ควรรับประทานยานี้โดยกลืนเม็ดยาพร้อมกับน้ำหลังอาหาร', '-ยานี้อาจจะทำให้เกิดอาการง่วงซึม จึงไม่ควรขับขี่ยานยนต์หรือทำงานเกี่ยวกับเครื่องจักรกล-ถ้าใช้ยานี้เกินขนาดที่ระบุไว้ จะทำให้เป็นพิษต่อตับได้และไม่ควรใช้ยานี้ติดต่อกันเกิน 5 วัน-ผู้ที่เป็นโรคตับ โรคไต ควรปรึกษาแพทย์หรือเภสัชกรก่อนใช้ยานี้-ห้ามใช้กับผู้ป่วยโรคความดันโลหิตสูง โรคหัวใจ โรคเบาหวาน หรือโรคของต่อมไทรอยด์ นอกจากแพทย์สั่ง', 'ใช้สำหรับบรรเทาอาการไข้, ไข้หวัดที่มีอาการปวดศีรษะร่วมด้วย และลดน้ำมูกในไข้', 7, 2, 2, 6, '0000-00-00', '0000-00-00', '19.00', 'แก้ปวดหัว, เป็นไข้', 'https://images.app.goo.gl/hN5Ag43GrQvTLpLJA'),
(50, 'Arcoxia', '90 มก.', 'วิธีใช้เพื่อรักษาอาการปวดและอักเสบแบบเฉียบพลัน แนะนำให้เริ่มใช้ที่ขนาดต่ำก่อนคือ 60 mg. ต่อวัน. หากอาการไม่ดีขึ้น ในวันต่อไปอาจเพิ่มขนาดเป็น 90 และ 120 mg. ตามลำดับ ควรกินยาพร้อมอาหาร หรือหลังอาหารทันที ไม่แนะนำให้กินตอนท้องว่าง เมื่อหายปวดควรหยุดใช้ยาทัน', '-ผู้ที่เคยมีประวัติเป็นโรคกระเพาะอาหารหรือลำไส้อักเสบเคยมีเลือดออกในทางเดินอาหาร หรือปัจจุบันกำลังเป็นอยู่ควรระวังการใช้ยานี้ เนื่องจากตัวยามีฤทธิ์เป็นกรดอ่อนๆ จึงมีผลระคายเคืองทางเดินอาหารได้ แม้ว่าการออกฤทธิ์ของ Arcoxia หรือ etoricoxib จะเจาะจงต่อ cox-2 ก็ตาม จึงควรรับประทานหลังอาหารทันที หรือพร้อมอาหารคำสุดท้าย หลีกเลี่ยงการรับประทานตอนท้องว่าง-ผู้ที่มีโรคไตวายเรื้อรัง ระยะปานกลาง หรือระยะรุนแรงเนื่องจากยาไปออกฤทธิ์ยับยั้งเอนไซม์ที่ใช้ในการสร้าง prostaglandins หรือ PG ทำให้มี PG ลดลง โดยปกติ PG จะช่วยให้หลอดเลือดภายในไตขยายตัว เลือดไปเลี้ยงไตและไหลเวียนได้ดี ด้วยเหตุนี้เวลาใช้ยานี้จึงควรระวังผลเสียต่อไต เพราะยาจะทำให้การไหลเวียนเลือดภายในไตลดลง และอาจเกิดภาวะไตเสียหายเฉียบพลันได้ ยิ่งถ้าใช้ขนาดยาสูง ใช้เป็นระยะเวลานาน อายุมาก หรือมีโรคไต ความดัน เบาหวานอยู่ก่อนแล้ว ซึ่งอาจเป็นปัจจัยส่งเสริมให้เกิดผลเสียต่อไตได้ง่ายขึ้น-ผู้ที่เป็นโรคตับขั้นรุนแรง เนื่องจากยานี้ทำให้ค่าเอนไซม์ของตับสูงขึ้น แต่เมื่อหยุดยา ค่าเอนไซม์ของตับก็จะกลับมาอยู่ในระดับปกติ-ผู้ป่วยโรคความดันโลหิตสูงที่ควบคุมไม่ได้ เนื่องจากยาทำให้เกิดการคั่งของเกลือโซเดียมและน้ำในร่างกาย เป็นผลให้ความดันโลหิตสูงขึ้นได้ โดยเฉพาะหากใช้เป็นเวลานาน-ผู้ที่อาการหอบหืดกำเริบ เนื่องจากยานี้มีผลทำให้เกิดการหดเกร็งตัวของหลอดลมมากขึ้น ดังนั้น ไม่ควรใช้ยานี้ในผู้ป่วยที่อาการหอบหืดกำลังกำเริบ-ผู้ที่กำลังใช้ยาต้านการแข็งตัวของเลือด หรือมีภาวะเลือดออกง่าย เนื่องจากยานี้จะยับยั้งการจับกลุ่มกันของเกร็ดเลือด ทำให้เกร็ดเลือดเกาะกลุ่มกันน้อยลง เลือดแข็งตัวได้ยากขึ้น ทำให้เลือดออกง่ายหรือไหลไม่หยุด หากใช้ร่วมกันจะทำให้เกิดเลือดออกในอวัยวะต่างๆเช่น ใต้ผิวหนังเกิดจ้ำเขียว บวม ช้ำ หรือเกิดเลือดออกตามไรฟัน เป็นต้น-หญิงตั้งครรภ์ โดยเฉพาะไตรมาสสุดท้าย ควรหลีกเลี่ยงการใช้ยานี้ เนื่องจากจะเกิดผลเสียต่อไตของทารกในครรภ์ได้-หญิงให้นมบุตร ยังไม่มีผลศึกษาการใช้ในคนกลุ่มนี้มากพอ จึงควรหลีกเลี่ยงไปใช้ยาตัวอื่นก่อน หากจำเป็นต้องใช้ยาควรปรึกษาแพทย์หรือเภสัชชกรก่อนใช้ยา', 'เป็นยาที่มีฤทธิ์ต้านการอักเสบและลดอาการปวดได้', 7, 2, 3, 25, '0000-00-00', '0000-00-00', '99.99', 'ยาแก้ปวด, ลดอาการอักเสบ', 'https://images.app.goo.gl/kCJNjk4ck9GUBsmr8'),
(51, 'Arotika Cool Gel', '100 กรัม', 'ทาลงบนบริเวณผิวหนังถูให้ตัวยาซึมเข้าสู่ผิวหนัง วันละ 2-4 ครั้ง', NULL, 'บรรเทาอาการปวดและอักเสบในโรคกล้ามเนื้อ ข้อและเอ็นอักเสบ', 10, 4, 3, 1, '0000-00-00', '0000-00-00', '99.99', 'ยาแก้ปวด, ลดอาการอักเสบ', 'https://images.app.goo.gl/q1MuPx8DKBhNhCFQ8'),
(52, 'Arotika Cool Gel', '35 กรัม', 'ทาลงบนบริเวณผิวหนังถูให้ตัวยาซึมเข้าสู่ผิวหนัง วันละ 2-4 ครั้ง', NULL, 'บรรเทาอาการปวดและอักเสบในโรคกล้ามเนื้อ ข้อและเอ็นอักเสบ', 10, 4, 3, 1, '0000-00-00', '0000-00-00', '90.00', 'ยาแก้ปวด, ลดอาการอักเสบ', 'https://images.app.goo.gl/XqJkrQh3t21Nwiqq8'),
(53, 'Artrofort Complex', 'Glucosamine sulfate ', 'รับประทานวันละ 2 ซอง เช้า เย็น ก่อนอาหาร 15 นาที', NULL, 'ช่วยเสริมสร้างกระดูกและน้ำเลี้ยงข้อต่อสำหรับกรณีเริ่มต้น เหมาะกับผู้ที่มีอาการปวดเข้าเพียงเล็กน้อย', 15, 7, 3, 30, '0000-00-00', '0000-00-00', '99.99', 'ยาแก้ปวดเข่า', 'https://images.app.goo.gl/UkydANwfQTSRxVn59'),
(54, 'Ascorbic Acid', '50 มก.', 'อมให้ละลายช้าๆ หรือ เคี้ยวก่อนกลืน ครั้งละ 2-5 เม็ด วันละ 1-2 ครั้ง', NULL, 'ช่วยเสริมสร้้างภูมิต้านทานและช่วยให้ผิวพรรณกระจ่างใส', 7, 2, 1, 1000, '0000-00-00', '0000-00-00', '99.99', 'ผลิตภัณฑ์เสริมอาหาร', 'https://images.app.goo.gl/yTYSFWQwnZdS1rAr9'),
(55, 'Asepso Sport', '80 กรัม', 'ใช้ถูผสมกับน้ำเปล่าให้เกิดฟอง ชำระล้างทำความสะอาดร่างกาย', NULL, 'ช่วยชำระล้างแบคทีเรีย ที่เป็นสาเหตุของปัญหาผดผื่นคัน สิว และกลิ่นกาย พร้อมอะลัม และสารสกัดจากใบฝรั่ง ช่วยยับยั้งกลิ่นกาย เหมาะสำหรับผู้ที่ต้องเผชิญอากาศร้อน หรือกิจกรรมที่ก่อให้เกิดเหงื่อและกลิ่นกาย', 16, 8, 3, 1, '0000-00-00', '0000-00-00', '25.00', 'ทำความสะอาดร่างกาย, ลดสิวผิวกาย', 'https://images.app.goo.gl/S34kgxxiowH2Gcfz5'),
(56, 'Astaxanthin THP', '6 มก.', 'รับประทานวันละ 1 แคปซูล พร้อมมื้ออาหารทุกวัน', NULL, 'เสริมสร้างภูมิคุ้มกันโรคอย่างมีประสิทธิภาพ ช่วยป้องกันการทำลายเซลล์ จึงเป็นสารที่มีประโยชน์ต่อสุขภาพร่างกายในการดูเเลสุขภาพของดวงตา และหัวใจ', 7, 3, 3, 30, '0000-00-00', '0000-00-00', '99.99', 'ผลิตภัณฑ์เสริมอาหาร', 'https://images.app.goo.gl/vYSJXfmVCMxkXSq46'),
(57, 'ATK GIGA', '1 ชุด', 'วิธีอ่านผล-ถ้าขึ้น 2 แถบ ที่ C และ T แสดงว่า ติดเชื้อโควิด-19-ถ้าขึ้น 1 แถบ ที่ C แสดงว่า ไม่ติดเชื้อโควิด-19-ถ้าขึ้น 1 แถบ ที่ T แสดงว่า การทดสอบผิดพลาด-ถ้าไม่ขึ้นแถบใดๆ แสดงว่า การทดสอบผิดพลาด-ผลเป็น บวก ให้แจ้งหน่วยบริการใกล้บ้าน และแยกกักตัวโดยเร็ว-ผล', NULL, 'GICA Testsealabs ชุดตรวจหาแอนติเจนของเชื้อโควิด 19 จากตัวอย่างที่เยื่อบุโพรงจมูกด้านหน้า', 17, 9, 3, 1, '0000-00-00', '0000-00-00', '29.00', 'ชุดตรวจโควิด', 'https://api.watsons.co.th/medias/zoom-front-302032.jpg?context=bWFzdGVyfGltYWdlc3w5MTYyNHxpbWFnZS9qcGVnfGFEUTBMMmc0TWk4eE1USTBNRFV4TnpVNU9USTJNaTlYVkVOVVNDMHpNREl3TXpJdFpuSnZiblF1YW5Cbnw0ODY5NWVkNGZjYTczMDMwODAwNmYwMmQ1ZjMzNzRmOTc4Y2E0MmZiZTg4OTM4ZGNlODI1NGEzYTNkZTRkNTVj'),
(58, 'ATK HIP Biotech', '1 ชุด', 'อ่านคำเตือนในเอกสารกำกับเครื่อมือแพทย์ก่อนการใช้งาน', NULL, 'ชุดตรวจโควิด-19 แบบตรวจหาแอนติเจนด้วยตนเอง โดยวิธีตรวจน้ำลาย', 17, 9, 3, 1, '0000-00-00', '0000-00-00', '30.00', 'ชุดตรวจโควิด', 'https://www.exta.co.th/wp-content/uploads/2023/03/547105-00-atk-hip.jpg'),
(59, 'ATK Nasal Swab Singclean', '1 ชุด', 'อ่านคำเตือนในเอกสารกำกับเครื่อมือแพทย์ก่อนการใช้งาน', NULL, 'ชุดตรวจโควิด-19 แบบตรวจหาแอนติเจนด้วยตนเอง โดยวิธีตรวจจมูก', 17, 9, 3, 1, '0000-00-00', '0000-00-00', '39.00', 'ชุดตรวจโควิด', 'https://www.bio-active.co.th/wp-content/uploads/2022/01/Head-Banner_R2-1920x582.jpg'),
(60, 'Atorvastatin', '20 มก.', 'ควรใช้ยาตามคำแนะนำของแพทย์หรือเภสัชกรเท่านั้น เนื่องจากขนาดและระยะ เวลาในการใช้ยานี้ขึ้นกับชนิดและความ รุนแรงของโรควิธีใช้ยา กินยานี้วันละครั้ง เวลาใดก็ได้ โดยให้เป็นเวลาใกล้เคียงกันอย่างสม่ำเสมอกินก่อนหรือหลังอาหารก็ได้', NULL, 'ลดไขมันในเลือด', 7, 2, 2, 10, '0000-00-00', '0000-00-00', '69.00', 'ลดไขมันในเลือด', 'https://medtide.com/wp-content/uploads/2020/08/Atorvastatin-Sandoz-20-mg-10-tablets-%E0%B8%A2%E0%B8%B2%E0%B8%A5%E0%B8%94%E0%B9%84%E0%B8%82%E0%B8%A1%E0%B8%B1%E0%B8%99.png'),
(61, 'Atozin ', '250 มก.', 'ควรใช้ยาตามคำแนะนำของแพทย์หรือเภสัชกรเท่านั้น', NULL, 'ยาปฏิชีวนะใช้ในการรักษาโรคติดเชื้อแบคทีเรีย', 7, 2, 2, 6, '0000-00-00', '0000-00-00', '59.00', 'ยาปฏิชีวนะ ', 'https://www.spdrug.com/administrator/product/images/P06012020150129.jpg'),
(62, 'Aureomycin ', '250 มก.', 'ควรใช้ยาตามคำแนะนำของแพทย์หรือเภสัชกรเท่านั้น', NULL, 'ยาปฏิชีวนะใช้ในการรักษาโรคติดเชื้อแบคทีเรีย', 7, 3, 2, 10, '0000-00-00', '0000-00-00', '99.00', 'ยาปฏิชีวนะ ', 'https://f.ptcdn.info/609/062/000/pnat7ycuaeJWSu2UgYK-o.jpg'),
(63, 'Avafast ', '60 มก.', 'รับประทานปริมาณ 60 มิลลิกรัม วันละ 2 ครั้ง (สูงสุดไม่เกิน 180 มิลลิกรัมต่อวัน)', NULL, '1. ใช้สำหรับบรรเทาอาการที่เกิดจากเยื่อจมูกอักเสบจากภูมิแพ้ ในผู้ใหญ่ และเด็กอายุตั้งแต่ 6 ปีขึ้นไป สามารถรักษาอาการต่างๆ ได้อย่างมีประสิทธิภาพได้แก่ อาการจาม น้ำมูกไหล คันในจมูก/ เพดานปาก/คอ คันในตา น้ำตาไหล ตาแดง2. ใช้สำหรับบรรเทาอาการลมพิษผื่นคันเรื้อรังที่ไม่ทราบสาเหตุ ในผู้ใหญ่ และเด็กอายุตั้งแต่ 6 ปีขึ้นไป', 7, 2, 3, 60, '0000-00-00', '0000-00-00', '65.00', 'ยาแก้แพ้', 'https://obs.line-scdn.net/r/ect/ect/image_16971241899355518596c6b4574t1264364d'),
(64, 'Avamys Nasal Spray', '27.5 MCG', 'โดยปกติเราจะใช้ Avamys วันละ 1 ครั้ง เพราะยาจะค่อนข้างออกฤทธิ์ยาวครอบคลุม 8-24 ชั่วโมงได้เลย โดยขนาดการพ่นยาจะแบ่งเป็นตามอายุดังนี้-เด็กอายุ 12 ปีขึ้นไป – ผู้สูงอายุ ให้พ่นจมูกข้างละ 2 สเปรย์ วันละ 1 ครั้ง เมื่ออาการแพ้ควบคุมได้ดีขึ้น สามารถลดขนาดยาเหลือพ', NULL, 'เราจะใช้อวามิสในการรักษาและควบคุมอาการภูมิแพ้ที่เกิดจากเยื่อบุโพรงจมูกอักเสบ ที่เรียกว่า Allergic rhinitis โดยยาจะไปลดอาการจาม น้ำมูกไหล คันจมูก ระคายเคืองตา ตาแดง รวมถึงยังช่วยลดอาการคัดแน่นจมูก จากการแพ้ ได้อีกด้วย นอกจากนี้ยังสามารถใช้เป็นครั้งคราวในการรักษาภูมิแพ้ตามฤดูกาล (Seasonal allergic rhinitis) ในแต่ละปี การที่อวามิสช่วยควบคุมอาการแพ้ ทำให้ผู้ที่ใช้ลดโอกาสการพัฒนาของโรคภูมิแพ้ไปเป็นไซนัสและหอบหืดได้เป็นอย่างดี', 18, 6, 3, 1, '0000-00-00', '0000-00-00', '99.99', 'ยาแก้แพ้', 'https://5.imimg.com/data5/SELLER/Default/2023/8/331218784/IQ/XX/FF/186116104/avamys2-500x500.jpg'),
(65, 'Ayura Pinklady', '500 มล.', 'รับประทานวันละ 10-30 ml   วันละ 1- 3 ครั้งและดื่มตอนท้องว่าง เพื่อผลที่ชัดเจนควรทานต่อเนื่องทุกวันอย่างน้อย 3 เดือนเขย่าก่อนดื่ม และควรเก็บในตู้เย็นหลังจากเปิดแล้ว สำหรับท่านที่มีแผลในกระเพาะอาหาร แผลในทางเดินอาหาร ควรเจือจางด้วยการผสมน้ำ 1 แก้วต่อเครื่อง', NULL, '1. ช่วยลดการปวดประจำเดือนและทำให้ประจำเดือนมาเป็น ปกติ2. ช่วยลดอาการตกขาว หรือมุตกิตเรื้อรัง ดับกลิ่นภายในช่องคลอดและกลิ่นตัว3. ช่วยดูแลอาการมดลูกต่ำ มดลูกโต หรือปวดหน่วงมดลูกเป็นประจำ4. ช่วยบำรุงหน้าท้องที่เหี่ยวย่น5. ทำให้มดลุกเข้าอู่เร็ว ขับน้ำคาวปลาแทนการอยู่ไฟ6. สตรีวัยทองอารมณ์แจ่มใส เพิ่มน้ำหล่อลื่นอย่างเป็นธรรมชาติ7. ผิวพรรณชุ่มชื้น เพิ่มความฟิตกระชับของกล้ามเนื้อ8. เพิ่มระบบภูมิคุ้มกันของร่างกาย ลดอาการภูมิแพ้ ป้องกันหลอดเลือดแดงตีบ เสริมสร้างโปรตีน บำรุงเส้นผม เล็บ', 7, 6, 4, 1, '0000-00-00', '0000-00-00', '99.00', 'ยาสตรี', 'https://lzd-img-global.slatic.net/g/p/dd794b5e05af6c51d2b5119922152794.jpg_960x960q80.jpg_.webp'),
(66, 'Babini Cool Patch', '8 ชิ้น', 'ฉีกชองด้านบนออก ตัดแบ่งขนาดของแผ่นเจลให้พอดีกับขนาดของบริเวณที่ต้องการติด ติดทิ้งไว้ได้นานถึง 8 ชั่วโมง หรือตามที่ต้องการ', NULL, ' แผ่นเจลลดไข้สำหรับเด็กชนิด Hydrogel ช่วยลดไข้ด้วยวิธีธรรมชาติ ได้ยาวนานกว่า 8 ชั่วโมง  ผลิตจากประเทศ ญี่ปุ่น ใช้งานสะดวก ไม่ต้องแช่เย็น ตัดแบ่งขนาดตามต้องการได้ทันที  ติดแน่น  ไม่หลุดลอกง่าย แต่อ่อนโยนต่อผิวเด็ก  ไม่มีส่วนผสมของแอลกอฮอล์', 19, 5, 3, 6, '0000-00-00', '0000-00-00', '99.99', 'แผ่นแปะลดไข้', 'https://www.provamed.co.th/wp-content/uploads/2022/03/Babini-CoolPatch-02-1-768x838.jpg'),
(67, 'Baby ball  ', '1 ชุด', 'Betadine ', NULL, 'ชุดปั๊มนมเก็บแบบโยก', 20, 9, 3, 1, '0000-00-00', '0000-00-00', '99.99', 'เครื่องปั๊มนม', 'https://down-th.img.susercontent.com/file/5dd699d14e67a6d82ca58c387ed13f41'),
(68, 'ฺฺBacidal Ointment', '15 กรัม', 'ทาบริเวณผิวหนังที่มีการติดเชื้อ วันละ 3 ครั้ง นาน 10 วัน', NULL, 'ใช้รักษาการติดเชื้อของผิวหนัง อันเนื่องมาจากเชื้อที่ไวรับต่อยานี้ได้แก่ Staphylococcus aureus, beta-hemolytic, Streptococcus และ Streptococcus  pyogenes', 10, 4, 3, 1, '0000-00-00', '0000-00-00', '99.99', 'ยารักษาผิวหนังติดเชื้อ', 'https://www.crb.co.th/images/products/gallery/bacidal-570x450.png'),
(69, 'Bactex Ointment 15 G', '15 กรัม', 'ทาบริเวณที่เป็นวันละ 2 ครั้ง เช้า-เย็น', NULL, 'เป็นยาปฏิชีวนะใช้เฉพาะที่ ใช้สำหรับรักษาโรคติดเชื้อแบคทีเรียที่ผิวหนัง เช่น ตุ่มหนองพุพอง ตุ่มหนองที่มีการติดเชื้อลึกลงไปถึงชั้นหนังแท้ การอักเสบของรูขุมขนที่เป็นหนอง ฝี โรคผิวหนังอักเสบ การอักเสบของผิวหนังที่มาจากการแพ้ โรคผิวหนังที่เป็นตุ่มพุพอง และบาดแผลที่มีการติดเชื้อ เช่น แผลเปื่อย แผลไฟไหม้ แผลถูกของมีคมบาด แผลถลอก แผลฉีกขาด และแผลผ่าตัด', 10, 4, 3, 1, '0000-00-00', '0000-00-00', '99.99', 'ยารักษาผิวหนังติดเชื้อ', 'https://www.udl.co.th/wp-content/uploads/2020/12/BACTEX-%E0%B9%81%E0%B8%9A%E0%B8%84%E0%B9%80%E0%B8%97%E0%B9%87%E0%B8%81%E0%B8%8B%E0%B9%8C_%E0%B8%A2%E0%B8%B2%E0%B8%AA%E0%B8%B3%E0%B8%AB%E0%B8%A3%E0%B8%B1%E0%B8%9A%E0%B8%9C%E0%B8%B4%E0%B8%A7%E0%B8%AB%E0%B8%99%E0%B8%B1%E0%B8%87_%E0%B8%A2%E0%B8%B2%E0%B8%82%E0%B8%B5%E0%B9%89%E0%B8%9C%E0%B8%B6%E0%B9%89%E0%B8%87.jpg'),
(70, 'Bactex Ointment 5 G', '5 กรัม', 'ทาบริเวณที่เป็นวันละ 2 ครั้ง เช้า-เย็น', NULL, 'เป็นยาปฏิชีวนะใช้เฉพาะที่ ใช้สำหรับรักษาโรคติดเชื้อแบคทีเรียที่ผิวหนัง เช่น ตุ่มหนองพุพอง ตุ่มหนองที่มีการติดเชื้อลึกลงไปถึงชั้นหนังแท้ การอักเสบของรูขุมขนที่เป็นหนอง ฝี โรคผิวหนังอักเสบ การอักเสบของผิวหนังที่มาจากการแพ้ โรคผิวหนังที่เป็นตุ่มพุพอง และบาดแผลที่มีการติดเชื้อ เช่น แผลเปื่อย แผลไฟไหม้ แผลถูกของมีคมบาด แผลถลอก แผลฉีกขาด และแผลผ่าตัด', 10, 4, 3, 1, '0000-00-00', '0000-00-00', '99.99', 'ยารักษาผิวหนังติดเชื้อ', 'https://f.ptcdn.info/516/009/000/1378783215-2012021413-o.jpg'),
(71, 'Bacticin Ointment', '5 กรัม', 'ทายาบาง ๆ ลงบนผิวหนังบริเวณที่มีการติดเชื้อ 1–3 ครั้ง/วัน', NULL, 'เป็นยาที่ใช้รักษาการติดเชื้อแบคทีเรีย โดยตัวยาจะช่วยยับยั้งการเจริญเติบโตของเชื้อแบคทีเรียในบริเวณที่มีอาการ ในบทความนี้จะกล่าวถึงรูปแบบยาทาผิวหนังเท่านั้น โดยใช้กับผิวหนังที่มีการติดเชื้อไม่รุนแรง อย่างแผลถลอก แผลฉีกขาด หรือแผลไฟไหม้น้ำร้อนลวกขนาดเล็ก', 10, 4, 3, 1, '0000-00-00', '0000-00-00', '99.99', 'ยารักษาผิวหนังติดเชื้อ', 'https://obs.line-scdn.net/r/ect/ect/image_16974708735813698566c6a7157t12698089'),
(72, 'Bactigras ', '1 ชิ้น', 'ใช้ผ้าก๊อซนี้ผิดแผลที่ทำความสะอาดแล้วให้แนบสนิทกับพื้นแผล  ', NULL, '-ผ้าก๊อซปิดแผลแบบฆ่าเชื้อ-ช่วยบรรเทาและปกป้องบาดแผล-ลดความเสี่ยงในการติดเชื้อ-เหมาะสำหรับปกปิดแผล เช่น แผลไฟไหม้ , แผลถลอก-เป็นผ้าก๊อซปิดแผลที่ชุบด้วย Soft Para B.P. และน้ำยาฆ่าเชื้อที่ประกอบด้วย ตัวยา 0.5% Chlorhexdine Acetate (milled) B.P.', 19, 5, 3, 1, '0000-00-00', '0000-00-00', '15.00', 'แผ่นผิดแผล', 'https://image.makewebeasy.net/makeweb/m_1920x0/rank6ZM3Y/WoundCare/Bactigras.jpg'),
(73, 'Bactokil Ointment', '5 กรัม', 'ทาบริเวณผิวหนังที่อักเสบวันละ 3 ครั้ง', NULL, 'ยาใช้ภายนอกชนิดขี้ผึ้ง สำหรับ แผลพุพอง ฝี หนอง แผลเปื่อย ไฟไหม้', 10, 4, 3, 1, '0000-00-00', '0000-00-00', '85.00', 'ยารักษาผิวหนังติดเชื้อ', 'https://www.bloggang.com/data/e/emilia0412/picture/1639464646.jpg'),
(74, 'Bain Syrup', '15 มล.', 'รับประทานวันละ 1 ช้อนโต๊ะ(15 มล.) หลังอาหาร', NULL, 'เสริมภูมิคุ้มกัน สู่พัฒนาการที่สมวัย ฉลาดสดใส แข็งแรง', 7, 6, 3, 1, '0000-00-00', '0000-00-00', '99.99', 'ผลิตภัณฑ์เสริมอาหาร', 'https://down-th.img.susercontent.com/file/f76c8674b07efe595f1efcc01ee5b9cf'),
(75, 'Bakamol 100s', '500 มก.', ' รับประทานครั้งละ 1-2 เม็ด ทุกๆ 4-6 ชั่วโมง', NULL, 'เป็นยาบรรเทาอาการปวด เช่น ปวดศีรษะ ปวดฟัน ลดไข้', 7, 2, 1, 100, '0000-00-00', '0000-00-00', '99.99', 'แก้ไข้, แก้ปวด', 'https://www.bakamol.com/wp-content/uploads/2021/06/bakamol-100pill.jpg'),
(76, 'Bakamol 60 ml', '60 มล.', '-อายุน้อยกว่า 2 เดือน : ขนาดยา ให้ปรึกษาแพทย์-อายุ 2-3 เดือน ที่น้ำหนัก 4-6กก. : กินครั้งละ ครึ่งช้อนชา (หรือ 2.5มล.) วันละ 1 ครั้ง เฉพาะเวลาปวดหรือมีไข้หากจำเป็นต้องกินอีกครั้ง ห่างจากครั้งแรกอย่างน้อย 4 ชม. ถ้าไม่ดีขึ้นให้ปรึกษาแพทย์หรือเภสัชกร-อายุ มาก', NULL, 'ยาน้ำลดไข้ บรรเทาปวด สำหรับเด็ก ไม่มีแอลกอฮอล์ รสตรอเบอรี่ผสมลูกแพร์', 7, 6, 3, 1, '0000-00-00', '0000-00-00', '65.00', 'แก้ไข้สำหรับเด็ก, แก้ปวดสำหรับเด็ก', 'https://healthandcarestore.com/wp-content/uploads/2021/12/26-scaled.jpg'),
(77, 'Banner Fish Oil+Vit B', '25.8 ก.', 'วันละ 1 แคปซูล พร้อมอาหารเช้า', 'เด็กและสตรีมีครรภ์ ไม่ควรรับประทาน, ห้ามใช้ในผู้ที่แพ้ปลาทะเลหรือน้ำมันปลา, ควรระวังในผู้ที่เลือดแข็งตัวช้า หรือผู้ที่ใช้ยาต้านการแข็งตัวของเลือด หรือแอสไพริน', 'Banner Hi-B With Fish Oil แบนเนอร์ ไฮ-บี ฟิชออยล์ [1 ขวด] สีน้ำเงิน ส่งเสริมการทำงานของระบบประสาท ประกอบไปด้วยกรดอะมิโน 18 ชนิด + สารอาหารที่ช่วยให้สมองทำงานได้ดีขึ้นอีก 11 ชนิดรวม 29 ชนิด เหมาะสำหรับคนทำงานและนักศึกษาที่ต้องการอาหารเสริมประสิทธิภาพสมองให้ทำงานได้ดี ช่วยเสริมความจำ ไม่ขี้หลงขี้ลืม รู้สึกสดชื่น ไม่รู้สึกสมองอ่อนล้าง่ายๆ อีกต่อไป', 7, 3, 4, 30, '0000-00-00', '0000-00-00', '99.99', 'ผลิตภัณฑ์เสริมอาหาร', 'https://image.makewebeasy.net/makeweb/m_1920x0/jvt3xrJAB/DrugImg/BANNER_FISH_OIL_VIT_B_30_S_%E0%B8%82%E0%B8%A7%E0%B8%94%E0%B9%81%E0%B8%81%E0%B9%89%E0%B8%A7.png'),
(78, 'Banner Protein + Lecithin', '25.8 ก.', 'วันละ 1 แคปซูล พร้อมอาหารเช้า', 'เด็กและสตรีมีครรภ์ ไม่ควรรับประทาน, ห้ามใช้ในผู้ที่แพ้ปลาทะเลหรือน้ำมันปลา, ควรระวังในผู้ที่เลือดแข็งตัวช้า หรือผู้ที่ใช้ยาต้านการแข็งตัวของเลือด หรือแอสไพริน', 'ซ่อมแซมส่วนที่สึกหรอ คืนร่างกายให้กลับมาสดใส เหมาะสำหรับผู้อ่อนเพลีย พักผ่อนไม่เพียงพอ 1.กรดอะมิโนคือหน่วยที่เล็กที่สุดของโปรตีน ซึ่งเป็นสารอาหารที่สำคัญมากในการสร้างและซ่อมแซมเซลล์ต่างๆ ในร่างกาย เสริมสร้างมวลกล้ามเนื้อ และคงสภาพปกติของกระดูกกรดอะมิโนบางชนิดร่างกายสร้างไม่ได้ต้องทานเข้าไปเท่านั้น 2.ซ่อมแซมส่วนที่สึกหรอ 3.กรดอะมิโนในแบนเนอร์มาจากซอยโปรตีน ย่อยเร็วกว่าให้ร่างกายได้ประโยชน์เร็วกว่าลดอาการอ่อนเพลีย', 7, 3, 4, 30, '0000-00-00', '0000-00-00', '99.99', 'ผลิตภัณฑ์เสริมอาหาร', 'https://mmshop.app/image/cache/catalog/013/P-8850-700x700.jpg'),
(79, 'Banocin Powder', '10 ก.', 'โรยบริเวณแผลวันละ 1-2 ครั้ง', '-', 'ใช้สำหรับโรยแผล แผลพุพอง แผลมีเชื้อ ใช้ทาหรือแต้มที่หัวสิว เพื่อรักษาอาการอักเสบของสิว', 10, 6, 3, 1, '0000-00-00', '0000-00-00', '55.00', 'ยารักษาผิวหนังติดเชื้อ, สิว', 'https://inwfile.com/s-e/mdeatr.jpg'),
(80, 'Bebidol', '120 มล.', '-ทารกแรกเกิด ครั้งละ ½ ช้อนชา-ทารก 1-6 เดือน ครั้งละ 1 ช้อนชา-ทารก ½ -1 ขวบ ครั้ง 2 ช้อนชา-ทารก 2 ขวบขึ้นไป ครั้งละ 2-3 ช้อนชา', '-', 'บรรเทาอาการท้องอืด ท้องเฟ้อ กระเพาะมีกรดมาก สำหรับทารก ไม่มี แอลกอฮอล์และน้ำตาล', 7, 6, 3, 1, '0000-00-00', '0000-00-00', '49.00', 'บรรเทาอาการท้องอืด, ลดกรด', 'https://th-test-11.slatic.net/p/e4239cea7c7bcafad32e3279b4861776.jpg'),
(81, 'Befer 100s', '100 เม็ด', 'ผู้ใหญ่: ใช้ป้องกัน รับประทานครั้งละ 1 เม็ด วันละ 3 - 4 เวลา  เด็ก: รับประทานครั้งละ 1 เม็ด วันละ 1 - 2 เวลา', '-', '-ใช้บำรุงโลหิต-บำรุงร่างกาย-ลดการเหนื่อย อ่อนเพลีย-ในผู้ป่วยที่ฟื้นจากไข้หลังผ่าตัด-สตรีที่มีครรภ์และหลังคลอดบุตร', 7, 2, 1, 100, '0000-00-00', '0000-00-00', '99.99', 'ผลิตภัณฑ์เสริมอาหาร', 'https://down-th.img.susercontent.com/file/8441155b068059362d56c83b1c98a568'),
(82, 'Belcid Suspension', '240 มล.', 'รับประทานก่อนอาหารครึ่งชั่วโมง หรือหลังอาหาร 1 ชั่วโมง หรือเมื่อมีอาการผู้ใหญ่: รับประทานครั้งละ 1-4 ช้อนชาเด็กอายุ 6-12 ปี : รับประทานครั้งละ 1-2 ช้อนชาเด็กอายุ 3-6 ปี: รับประทานครั้งละ ½-1 ช้อนชา', '-', ' เป็นยาลดกรดและเคลือบแผลในกระเพาะอาหาร บรรเทาอาการปวดท้อง เนื่องจากมีกรดมากในกระเพาะอาหาร แก้ท้องอืด จุกเสียด แน่นท้อง', 7, 6, 4, 1, '0000-00-00', '0000-00-00', '40.00', 'บรรเทาอาการท้องอืด, ลดกรด', 'https://image.makewebeasy.net/makeweb/m_1920x0/jvt3xrJAB/DefaultData/PhotoRoom_25641120_214529.png'),
(83, 'Belcid Forte', '240 มล.', 'ครั้งละ 1 ช้อนโต๊ะ วันละ 3-4ครั้ง', '-', 'ช่วยลดกรดในกระเพาะอาหาร ขับลมเคลือบแผลในกระเพาะอาหารหรือลำไส้ บรรเทาอาการ อาหารไม่ย่อย ท้องอืด ท้องเฝ้อ จุกเสียดแน่น ได้ภายใน', 7, 6, 4, 1, '0000-00-00', '0000-00-00', '40.00', 'บรรเทาอาการท้องอืด, ลดกรด', 'https://biopharmshop.com/wp-content/uploads/2019/10/Belcid_1.png'),
(84, 'Benda 500 MG รสมะนาว', '500 มก.', 'รับประทานครั้งละ 1 เม็ด เพียงครั้งเดียว เคี้ยวก่อนกลืน', '-ห้ามใช้ในเด็กอายุต่ำกว่า 2 ปี-ไม่ควรใช้ในสตรีมีครรภ์ในระยะ 3 เดือนแรก และผู้เป็นโรคตับ', 'ถ่ายพยาธิ์เส้นด้าย ตัวกลม', 7, 2, 3, 1, '0000-00-00', '0000-00-00', '25.00', 'ยาถ่ายพยาธิ', 'https://www.pharmacare-plus.com/uploads/images/16856813555478.jpg'),
(85, 'Benda Susp 30 ML', '30 มล.', 'เด็ก 2 ขวบขึ้นไป 1ช้อนชาวันละ2ครั้ง เช้า เย็น ติดต่อกัน 3 วัน', '-ห้ามใช้ในเด็กอายุต่ำกว่า 2 ปี-ไม่ควรใช้ในสตรีมีครรภ์ในระยะ 3 เดือนแรก และผู้เป็นโรคตับ', 'ถ่ายพยาธิ เข็มหมุด เส้นด้าย ไส้เดือน ปากขอ แส้ม้า', 7, 6, 3, 1, '0000-00-00', '0000-00-00', '40.00', 'ยาถ่ายพยาธิ', 'https://www.shopping-d.com/cdn/shop/products/BendaSuspensionMixedFruitFlavourAbroad-spectrumAnthelminticSize30ml_800x800.png?v=1610683237'),
(86, 'Benzac Ac Gel 2.5%', '15 กรัม', 'ใช้ทาก่อนล้างหน้า 10 – 15 นาที บริเวณที่ต้องการ', 'Benzac ควรทาหลีกเลี่ยงบริเวณรอบดวงตา, ปาก และร่องจมูก เพราะเป็นบริเวณที่ผิวค่อนข้างมีความบอบบาง อาจก่อให้เกิดการระคายเคืองได้ และนอกจากนี้ Benzac (เบคแซค) อาจจะก่อให้เกิดผลข้างเคียงอื่น ๆ ได้ เช่น อาจทำให้ผิวแสบในช่วงแรกที่เริ่มใช้ หรืออาจทำให้ผิวหน้าแห้งตึง หน้าแดงเป็นบางจุดและผิวลอกในบางราย ถ้าหากใช้ Benzac (เบคแซค) แล้วเกิดผื่นคัน หน้าไหม้ หรือหน้าลอกอย่างรุนแรง ควรหยุดยาและพบแพทย์ผิวหนังทันที', 'ช่วยให้หัวสิวออกจากตุ่มสิวและฆ่าเชื้อแบคทีเรีย ซึ่งเป็นสาเหตุของสิว', 10, 4, 3, 1, '0000-00-00', '0000-00-00', '99.99', 'รักษาสิว', 'https://obs.line-scdn.net/r/ect/ect/image_1677500646772409348b57a330t1138c7d6'),
(87, 'Benzac Ac Gel 5%', '15 กรัม', 'ใช้ทาก่อนล้างหน้า 10 – 15 นาที บริเวณที่ต้องการ', 'Benzac ควรทาหลีกเลี่ยงบริเวณรอบดวงตา, ปาก และร่องจมูก เพราะเป็นบริเวณที่ผิวค่อนข้างมีความบอบบาง อาจก่อให้เกิดการระคายเคืองได้ และนอกจากนี้ Benzac (เบคแซค) อาจจะก่อให้เกิดผลข้างเคียงอื่น ๆ ได้ เช่น อาจทำให้ผิวแสบในช่วงแรกที่เริ่มใช้ หรืออาจทำให้ผิวหน้าแห้งตึง หน้าแดงเป็นบางจุดและผิวลอกในบางราย ถ้าหากใช้ Benzac (เบคแซค) แล้วเกิดผื่นคัน หน้าไหม้ หรือหน้าลอกอย่างรุนแรง ควรหยุดยาและพบแพทย์ผิวหนังทันที', 'ใช้เพื่อรักษาสิว ฆ่าเชื้อแบคทีเรียอันเป็นสาเหตุของสิวทำให้หัวสิวหลุดออกจากตุ่มสิว ช่วยลดความมันบนใบหน้าละลายสิวอุดตัน สิวเสี้ยน อ่อนโยนเหมาะสำหรับคนที่แพ้แอลกอฮอล์', 10, 4, 3, 1, '0000-00-00', '0000-00-00', '99.99', 'รักษาสิว', 'https://image.makewebeasy.net/makeweb/m_1920x0/sn9fFdFIs/AAA2019/74674664b80542da6f56b5304b60dd83.jpg?v=202311151122'),
(88, 'Bepanthen First Aid', '30 กรัม', 'ล้างแผลเป็นหรือบริเวณมีอาการอักเสบให้ทั่ว แล้วทาบริเวณที่มีอาการวันละครั้งหรือหลายครั้ง จนกระทั่งแผลหาย โดยอาจจะปิดแผลไว้ แต่ไม่จำเป็นต้องปิดแผลก็ได้', '-ห้ามใช้บีแพนเธน เฟิร์สเอดครีม ในผู้ป่วยที่แพ้ยาหรือส่วนประกอบตัวใดตัวหนึ่งของยา และไม่ใช้ในกรณีที่บาดแผลรุนแรง แผลลึก หรือแผลที่มีการสัมผัส--เชื้อมาก ซึ่งแผลเหล่านี้ต้องการการดูแลรักษาโดยแพทย์-ห้ามใช้กับเยื้อแก้วหูที่ทะลุ-ระวังไม่ให้ บีแพนเธน เฟิร์สเอด ครีม เข้าตา ช่องหู หรือทาในบริเวณเนื้อเยื่อบุเมือก-ปรึกษาแพทย์และเภสัขกรในกรณีที่มีโรคหรืออาการป่วยอื่นๆ ร่วมด้วย-แพ้ยาหรือสารเคมีใด ๆ-มีการรับประทานหรือทายาอื่น ๆ อยู่ด้วย (รวมทั้งยานอกใบสั่งแพทย์ด้วย)-ไม่ควรใช้ บีแพนเธน เฟิร์สเอด ครีม กับผิวหนังที่อักเสบจากการระคายเคืองที่ไม่น่าจะเกิดการติดเชื้อ เช่น แพ้แสงแดด ในกรณีนี้ ควรใช้ บีแพนเธน ออยเมนต์ แทน-หากการติดเชื้อยังคงอยู่หรืออาการแย่ลงควรปรึกษาแพทย์', '-ฆ่าเชื้อแบคทีเรีย เนื่องจากคลอร์เฮกซิดีนออกฤทธิ์ทำลายเยื้อหุ้มเซลล์ของเชื้อแบคทีเรีย จึงช่วยทำลายเชื้อที่บริเวณบาดแผล-สมานแผลที่ผิวหนัง เนื่องจากเด็กซ์แพนธีนอล หรือโปรวิตามินบี 5 จะซึมเข้าสู่ผิวหนังไปช่วยเร่งกระบวนการสมานแผลตามธรรมชาติ', 10, 4, 3, 1, '0000-00-00', '0000-00-00', '99.99', 'ฆ่าเชื้อแบคทีเรีย, สมานแผลที่ผิวหนัง ', 'https://www.bepanthen.co.th/sites/g/files/vrxlpx30131/files/2023-10/BP-FA-30g-NEW-pack-2022_BOX%2BTUBE.png?imwidth=2048'),
(89, 'Bepanthen Ointment', '30 กรัม', 'ใช้ครีมที่จะช่วยปกป้องพร้อมกับการบำรุงผิวใต้ผ้าอ้อม โดยสามารถทาบีแพนเธนบางๆ ที่บริเวณก้นลูกน้อย หลังทำความสะอาดและซับให้แห้ง แล้วทาทุกครั้งก่อนเปลี่ยนผ้าอ้อม เพื่อการปกป้องและบำรุงผิว', '-ห้ามใช้หากแพ้ส่วนผสมของผลิตภัณฑ์-เป็นยาใช้เฉพาะภายนอกร่างกายเท่านั้น', '-ช่วยปกป้องดูแลผิวใต้ผ้าอ้อม-ดูแลหัวนมคุณแม่ที่ให้นมบุตร-ช่วยดูแลผิวแห้งและผิวแพ้ง่าย-ช่วยดูแลผิวแตก ลอก จากแสงแดด และสาเหตุอื่นๆ', 10, 4, 3, 1, '0000-00-00', '0000-00-00', '99.99', 'ต่อต้านการอักเสบของผิว, ให้ความชุ่มชื้นผิว', 'https://www.bepanthen.co.th/sites/g/files/vrxlpx30131/files/2023-10/Bepanthen-Ointment-10g-EN.png?imwidth=2048'),
(90, 'Bepanthen Sensiderm Cream', '20 กรัม', '-บีแพนเธน เซนซิเดิร์ม ปราศจากสเตียรอยด์ สารกันเสีย สีและน้ำหอม  ใช้ทาบริเวณผิวที่มีอาการผื่นคันและผิวแดง อักเสบได้ตามต้องการ-สามารถใช้ได้ในระหว่างตั้งครรภ์และให้นมบุตร-สามารถใช้ได้ในเด็กตั้งแต่ 1 เดือนขึ้นไป มีข้อมูลทางการแพทย์ในด้านประสิทธิภาพและความปลอด', 'ไม่ควรใช้ในบริเวณที่มีแผลเปิด', 'ครีมบรรเทาอาการคันและแดง บีแพนเธน เซนซิเดิร์ม ครีม เป็นผลิตภัณฑ์นำเข้าจากประเทศเยอรมนี ช่วยบรรเทาอาการคันและแดง เหมาะสำหรับผู้ที่มีผิวที่ไม่ได้เกิดจากการติดเชื้อ หรือผิวอักเสบที่ไม่ได้เกิดจากการติดเชื้อ ผิวแพ้ง่าย เพราะปราศจากสเตียรอยด์ น้ำหอม และสารกันเสีย พร้อมให้ความชุ่มชื้นเพื่อช่วยบรรเทาอาการผิวผื่นคัน ที่เกิดจากผิวแห้งมีผื่นแพ้ ผื่นผิวหนังอักเสบ และอาการแพ้ที่ผิวหนัง', 10, 4, 3, 1, '0000-00-00', '0000-00-00', '99.99', 'ให้ความชุ่มชื้นผิวหนัง,ผื่นอาการคันแดง', 'https://www.bepanthen.co.th/sites/g/files/vrxlpx30131/files/2023-10/Bepanthen-SD-20g.png?imwidth=2048'),
(91, 'Berclomin', '100 มก.', 'รับประทานครั้งละ 1 เม็ด วันละ3ครั้ง ก่อนอาหารเช้า กลางวัน เย็น', '-หลีกเลี่ยงการใช้ยา Dicyclomine หากผู้ป่วยมีความผิดปกติในการปัสสาวะ ลำไส้อุดตัน ท้องผูกรุนแรง ลำไส้อักเสบรุนแรงหรือเป็นแผล กรดไหลย้อน ภาวะทางหัวใจที่รุนแรง ภาวะมีเลือดออก โรคต้อหิน และโรคกล้ามเนื้ออ่อนแรง-ให้หยุดใช้ยาและแจ้งให้แพทย์ทราบทันทีหากเกิดผลข้างเคียงจากการใช้ยาที่รุนแรง เช่น สับสน ประสาทหลอน มีความคิดหรือพฤติกรรมที่ผิดปกติ หัวใจเต้นเร็วหรือเต้นผิดปกติ ปัสสาวะน้อยกว่าปกติหรือไม่ปัสสาวะเลย เป็นต้น-ผู้ที่ตั้งครรภ์และกำลังวางแผนมีบุตร ควรปรึกษาแพทย์ถึงข้อดีและข้อเสียของยาก่อนใช้ และต้องใช้ยานี้เมื่อจำเป็นเท่านั้น                                         -ห้ามใช้ยา Dicyclomine กับทารกอายุต่ำกว่า 6 เดือน และห้ามให้นมบุตรในระหว่างที่ใช้ยานี้ เพราะยาสามารถซึมผ่านสู่น้ำนมมารดา และอาจทำให้ทารกเกิดความผิดปกติในการหายใจหรือเกิดผลข้างเคียงอื่น ๆ       ', 'ยาบรรเทาอาการปวดเกร็งในช่องท้อง', 7, 2, 2, 10, '0000-00-00', '0000-00-00', '99.00', 'ยาแก้ปวดท้อง', 'https://medimyanmargroup.com/wp-content/uploads/2021/03/Berclomin-Tab.jpg');
INSERT INTO `drug_information` (`id`, `name`, `size`, `use_medicine`, `contraindications`, `properties`, `drug_type_id`, `category_id`, `package_id`, `quantity`, `production_date`, `expiration_date`, `price`, `keyword`, `link_images`) VALUES
(92, 'Berclomine Syrup', '60 มล.', 'รับประทานครั้งละ 1 ช้อนชาวันละ 3 ครั้ง', 'ห้ามใช้ยา Dicyclomine กับทารกอายุต่ำกว่า 6 เดือน และห้ามให้นมบุตรในระหว่างที่ใช้ยานี้ เพราะยาสามารถซึมผ่านสู่น้ำนมมารดา และอาจทำให้ทารกเกิดความผิดปกติในการหายใจหรือเกิดผลข้างเคียงอื่น ๆ       ', 'ปวดเกร็ง จุกเสียด แน่นท้องจากแก๊ชในกระเพาะ ขับลมในเด็กและทารก', 7, 6, 3, 1, '0000-00-00', '0000-00-00', '79.00', 'ยาแก้ปวดท้องสำหรับเด็ก', 'https://www.spdrug.com/administrator/product/images/P24102023113227.jpg'),
(93, 'Berocca Performance', '15 เม็ด', 'ครั้งละ 1 เม็ดวันละครั้งหลังอาหารเช้า หรือมื้ออื่นๆ โดยละลายเม็ดฟู่ในน้ำ 1 แก้ว', '-', '-บำรุงร่างกาย และ ระบบประสาท-ช่วยกระตุ้นการทำงานของวิตามินต่างๆ-เหมาะสำหรับคนที่ทำงานหนัก พักผ่อนน้อย และเครียด', 7, 2, 5, 15, '0000-00-00', '0000-00-00', '99.99', 'ผลิตภัณฑ์อาหารเสริม', 'https://www.wwhealthyplus.com/wp-content/uploads/2020/04/berocca-adj-img.jpg'),
(94, 'Berodual Inh 200D', '10 มล.', '1. ถือเครื่องช่วยหายใจตั้งตรงระหว่างนิ้วมือและนิ้วหัวแม่มือโดยให้นิ้วหัวแม่มืออยู่บนฐาน ถอดฝาครอบปากเป่า (ฝาปิด) ออกแล้วเขย่าเครื่องช่วยหายใจ 3-4 ครั้งก่อนใช้งาน2.หายใจออกเท่าที่รู้สึกสบาย อย่าหายใจเข้าไปในเครื่องช่วยหายใจ3. ถือเครื่องช่วยหายใจด้วยวิธีใดว', 'ห้ามใช้หากคุณมีอาการแพ้ยานี้หรือส่วนประกอบของยานี้ ยานี้อาจทำให้ปากแห้ง เสียงแหบ ปวดศีรษะ', 'สำหรับอาการหอบหืดและหลอดลมอักเสบ', 11, 6, 3, 1, '0000-00-00', '0000-00-00', '99.99', 'ขยายหลอดลม, หอบหืด', 'http://www.pharmbma.com/images/medicines/sp/22_berodual.jpg'),
(95, 'Bestatin', '10 มก.', '-เด็กอายุ 10-17 ปี เริ่มต้นที่ 10 มิลลิกรัมวันละครั้ง ขนาดยาแนะนำ 10-40 มิลลิกรัมต่อวันหรือตามแพทย์สั่ง-ผู้ใหญ่ เริ่มต้นที่ 40 มิลลิกรัมวันละครั้ง หรือ 80 มิลลิกรัมต่อวัน โดยแบ่งให้ 20 มิลลิกรัม เช้าและกลางวัน 40 มิลลิกรัม เย็นหรือใช้ตามแพทย์สั่ง ', 'ห้ามใช้กับผู้ป่วยที่แพ้ยานี้ ห้ามใช้ในหญิงตั้งครรภ์เด็ดขาด ไม่ควรใช้ในหญิงที่กำลังให้นมบุตร และห้ามใช้กับผู้ป่วยโรคเกี่ยวกับตับและไต นอกจากนี้การทานยาชนิดดังกล่าวควรได้รับการปรึกษาจากแพทย์เริ่มต้นจากให้แพทย์ประเมินปริมาณไขมันในเลือดก่อน เพื่อให้แพทย์กำหนดปริมาณการใช้ยาที่เหมาะสมแต่โดยทั่วไปยาชนิดนี้ไม่ควรทานเกิน 40 มิลลิกรัมต่อวัน', 'ยาลดไขมันในเลือด', 7, 2, 2, 10, '0000-00-00', '0000-00-00', NULL, 'ลดไขมันในเลือด', 'https://vinmec-prod.s3.amazonaws.com/images/20220609_145938_984328_thuoc-Bestatin_10.max-1800x1800.jpg'),
(96, 'Betadine 30cc', '30 มล.', 'ใช้ทาโดยไม่ต้องเจือจาง สำหรับแผลน้ำร้อน ไฟลวก ใช้ผ้าก๊อซชุบเบตาดีน โซลูชั่น ปิดบริเวณบาดแผลวันละหลายๆครั้ง', 'ยาใช้ภายนอก ห้ามรับประทาน', 'เบตาดีนสามารถฆ่าเชื้อโรคได้ทั่วไป เช่น เชื้อไวรัส เชื้อรา เชื้อแบคทีเรีย มีฤทธิ์อยู่นาน ไม่ทำให้เกิดอาการแสบระคายเคืองและไม่เกาะติดผิวหนัง ล้างออกได้ง่ายด้วยน้ำธรรมดา', 10, 6, 3, 1, '0000-00-00', '0000-00-00', '55.00', 'ฆ่าเชื้ื้อโรค, ทำความสะอาดแผล', 'https://i.ebayimg.com/images/g/uOAAAOSwEuhZ1FLa/s-l1600.jpg'),
(97, 'Betadine Gargle', '30 มล.', '1. หยดเบตาดีน® การ์เกิล 1-2 ซีซี ลงถ้วยผสม2. เติมน้ำสะอาดลงถ้วยผสม จนครบ 30 ซีซี3. อมกลั้วคอ 30 วินาที แล้วบ้วนทิ้ง วันละ 2-3 ครั้ง4. เก็บถ้วยผสม โดยครอบลงบนขวด', '-ห้ามรับประทาน-ระมัดระวังอย่าให้เข้าตา-ปิดฝาให้สนิททุกครั้งหลังใช้งาน-ควรเก็บในที่อุณหภูมิต่ำกว่า 30 องศาเซลเซียส', 'สามารถใช้น้ำยาเบตาดีนกลั้วคอเพื่อดูแลอาการภายในช่องปากได้ เช่น-คออักเสบ-ทอนซิลอักเสบ -แผลในปาก-เหงือกอักเสบ-เยื่อบุเมือกในปากอักเสบฆ่าเชื้อจุลินทรีย์เพื่อช่วยระงับกลิ่นปาก-ป้องกันการติดเชื้อที่บริเวณแผลในปาก เช่น แผลเนื่องจากการถอนฟัน และการผ่าตัดในช่องปาก', 21, 6, 3, 1, '0000-00-00', '0000-00-00', '99.99', 'ฆ่าเชื้อในช่องปาก, ทอนซิลอักเสบ ', 'https://inwfile.com/s-co/6j8pxl.jpg'),
(98, 'Betadine Throat Spray', '12 มล.', 'พ่นปากและลำคอ', '-', 'ฆ่าเชื้อจูลินทรีย์ลดอาการอักเสบบริเวณปากและคำคอ', 22, 6, 3, 1, '0000-00-00', '0000-00-00', '99.99', 'ฆ่าเชื้อในช่องปาก, ลดอาการอักเสบบริเวณช่องปากและลำคอ', 'https://www.wwhealthyplus.com/wp-content/uploads/2021/05/betadine-throat-spray.jpg'),
(99, 'Betadine พลาสเตอร์เจล', '8 กรัม', 'ทำความสะอาดบาดแผลให้สะอาดแล้วทาเจลล์ทาแผลบริเวณบาดแผลหนา 1-3 mm รอให้เจลล์แห้ง จะเกิดแผ่นฟิล์มเคลือบบาดแผล', 'ห้ามรับประทาน', 'แผ่นฟิล์ม polyurethane จะก่อตัวเคลือบบริเวณบาดแผล ภายหลังการทาเจลบริเวณบาดแผล ซึ่งช่วยป้องกันแผลจากเชื้อโรคและสิ่ง สกปรกภายนอก อีกทั้งยังช่วยกันน้ำได้ ส่วนประกอบ Polyurethane, Alcohol, Ethyl Acetate', NULL, 6, 3, 1, '0000-00-00', '0000-00-00', '99.99', 'รักษาบาดแผล', 'https://www.fascino.co.th/fasue-img/600/744/resize/img_hq/271608_1.jpg'),
(100, 'Beta Dipo Cream', '5 กรัม', '-ทายาบางๆ บริเวณที่มีอาการแพ้ อาการอักเสบ และ มีอาการคัน วันละ 1-2 ครั้ง เช้า เย็น-สำหรับผู้ที่ผิวแพ้อักเสบไม่มาก อาจใช้เป็นยาทาแก้แพ้ Clara lotion กับ Systral cream ได้', '-ห้ามให้ยาสัมผัสโดนเนื้อเยื่อบริเวณปาก จมูก และดวงตา-ห้ามรับประทาน', '-ช่วยบรรเทาอาการคันของผิวอักเสบจากภูมิแพ้ เช่น Atopic dermatitis , Eczema-รักษาผื่นแพ้ผิวหนังที่ไม่ได้เกิดจากการติดเชื้อ เช่น ผื่นแพ้สัมผัส แพ้สารเคมี-ลดการอักเสบของผิวหนังที่เกิดจากการโดนความร้อน-ลดการคัน บวมแดง จากแมลงสัตว์กัดต่อยต่างๆ', 10, 4, 3, 1, '0000-00-00', '0000-00-00', '50.00', 'ต่อต้านการอักเสบของผิว, อาการคัน', 'https://sp-ao.shortpixel.ai/client/to_auto,q_glossy,ret_img/https://www.hanideal.com/wp-content/uploads/2020/06/37.png'),
(101, 'ิBetathis', '12 มก.', 'ให้รับประทานยา Betahistine พร้อมน้ำเปล่า และควรรับประทานยาพร้อมมื้ออาหาร เพื่อลดผลข้างเคียงของยาที่อาจทำให้คลื่นไส้ ท้องอืด หรือแน่นท้อง แต่การรับประทานยาพร้อมมื้ออาหารอาจทำให้การดูดซึมยาช้าลงได้เช่นกัน', '-ก่อนใช้ยานี้ ควรแจ้งให้แพทย์ทราบหากมีโรคประจำตัวหรือประวัติการเจ็บป่วยด้วยภาวะต่าง ๆ โดยเฉพาะโรคภูมิแพ้ โรคหืด แผลในกระเพาะอาหาร และเนื้องอกที่ต่อมหมวกไต เพราะตัวยาอาจไม่เหมาะสมกับการรักษาผู้ที่มีโรคหรือภาวะดังกล่าว โดยมักใช้รักษาในกรณีจำเป็นเท่านั้น                                                                                                               -ควรแจ้งให้แพทย์ทราบ หากมีประวัติแพ้ยาชนิดนี้ หรือกำลังใช้ยาชนิดอื่น ๆ อยู่ ทั้งยาที่สั่งโดยแพทย์ ยาที่ซื้อใช้เอง รวมถึงยาจากการรักษาโดยแพทย์ทางเลือก เช่น ยาสมุนไพร เป็นต้น                                                                                                                                                                                                                                                           -หญิงตั้งครรภ์หรือกำลังให้นมบุตรควรปรึกษาแพทย์ก่อนใช้ยา เพื่อหลีกเลี่ยงผลกระทบต่อสุขภาพมารดาและทารก เพราะแพทย์จะพิจารณาใช้ยานี้ในกรณีที่จำเป็นเท่านั้น', 'ยาบรรเทาและป้องกันอาการเวียนศีรษะจากน้ำในหูไม่เท่ากันหรือโรคเมเนียส์ เชื่อกันว่ายามีกลไกการทำงานที่ช่วยเพิ่มการไหลเวียนโลหิตบริเวณหูชั้นใน ซึ่งจะช่วยลดจำนวนของเหลวภายในหูชั้นใน และป้องกันอาการป่วยจากน้ำในหูไม่เท่ากัน เช่น อาการเวียนศีรษะ', 7, 2, 3, 2, '0000-00-00', '0000-00-00', '99.99', 'ยาบรรเทาอาการวิงเวียนศรีษะ', 'https://scontent.fbkk31-1.fna.fbcdn.net/v/t1.18169-9/12308490_721212488022312_5278280277974075943_n.png?stp=dst-png_p320x320&_nc_cat=111&ccb=1-7&_nc_sid=abdf32&_nc_ohc=uqq7iCyfz2cAX-RJ0Cl&_nc_ht=scontent.fbkk31-1.fna&oh=00_AfBJi_wZ6RqYF-zkkgaLWyj79qnpE7Cwxg7pfmFOIna-zA&oe=6584F490'),
(102, 'Betalol', '10 มก.', 'ผู้ใหญ่: รับประทาน ขนาด 60 มิลลิกรัมต่อวัน แบ่งใช้ 3 ครั้ง เป็นเวลา 3 วัน ร่วมกับยาแอลฟ่าบล็อกเกอร์สำหรับเนื้องอกที่ไม่สามารถผ่าตัดได้ ใช้ขนาด 30 มิลลิกรัม ต่อวันเด็ก: รับประทาน ขนาด 0.25-0.5 มิลลิกรัมต่อกิโลกรัม วันละ 3-4 ครั้ง', '-ไม่ควรใช้ยานี้หากเป็นโรคหืด มีจังหวะการเต้นของหัวใจเต้นช้ากว่าปกติ หรือมีภาวะทางหัวใจที่รุนแรง เช่น กลุ่มอาการซิคไซนัส (Sick Sinus Syndrome) หรือเกิดภาวะ Atrioventricular Block หรือ AV Block                                                                                                                                                                                                           -ไม่ควรใช้ยาน้ำแบบรับประทาน (Hemangeol) ในเด็กเล็กที่มีน้ำหนักตัวน้อยกว่า 2 กิโลกรัม                                                                                                                                                                                                                                                             -ควรแจ้งประวัติการแพ้ยาและอาการแพ้อื่น ๆ กับแพทย์ก่อนการใช้ยา เพราะส่วนผสมบางตัวในยาอาจทำให้ผู้ป่วยมีอาการแพ้', 'ใช้รักษาความดันโลหิตสูง อาการเจ็บหน้าอก อาการสั่น ภาวะหัวใจเต้นผิดจังหวะ และใช้รักษาภาวะที่เกี่ยวกับหัวใจและระบบไหลเวียนโลหิตอื่น ๆ นอกจากนั้นยังนำมาใช้ในการป้องกันและรักษากล้ามเนื้อหัวใจขาดเลือด และนำมาใช้เพื่อลดความรุนแรงและความถี่ของอาการปวดไมเกรน', 7, 2, 3, 2, '0000-00-00', '0000-00-00', '45.00', 'ยารักษาความดันโลหิต', 'http://www.pharmbma.com/images/propranolol-10-mg_betalol.jpg'),
(103, 'Betamethasone cream', '15 กรัม', 'ยาทาชนิด Betamethasone Dipropionate ในรูปแบบขี้ผึ้ง ครีม เจล หรือโลชั่น ปริมาณ 0.05 เปอร์เซ็นต์ ทาบริเวณที่ติดเชื้อวันละ 1-2 ครั้ง เป็นเวลาสูงสุด 2 สัปดาห์                                                                                                    ', '-ผู้ที่แพ้ยาหรือส่วนประกอบใด ๆ ในยา Betamethasone รวมถึงแพ้อาหาร อาหารเสริม หรือยาชนิดอื่นที่ใกล้เคียงกัน ควรแจ้งให้แพทย์ทราบก่อนใช้ยา                                                                                               -หากกำลังจะตั้งครรภ์ควรปรึกษาแพทย์ก่อน                                                                                                                                                                                                           -ยา Betamethasone อาจเกิดปฏิกิริยาขึ้นเมื่อใช้ร่วมกับยาชนิดอื่น ๆ จึงควรแจ้งให้แพทย์ทราบถึงยา วิตามิน อาหารเสริม และผลิตภัณฑ์สมุนไพรที่กำลังใช้อยู่', 'เป็นยาในกลุ่มคอร์ติโคสเตียรอยด์ มีฤทธิ์รักษาภาวะต่าง ๆ จากการอักเสบ เช่น อาการแพ้ โรคสะเก็ดเงิน และผื่นผิวหนัง', 10, 4, 3, 1, '0000-00-00', '0000-00-00', '17.00', 'ยาทารักษาผิวหนัง', 'http://www.pharmbma.com/images/645200.jpg'),
(104, 'Betamethasone-N', '5 กรัม', 'ทายาครีมเบทาเมทาโซนวาเลอเรตบาง ๆ บริเวณผิวหนังที่มี รอยโรค หลีกเลี่ยงการทายาบริเวณใบหน้า ข้อพับ และขาหนีบ และไม่ควรใช้ยานานกว่า 2 สัปดาห์ ไม่ใช้วัสดุใด ๆ ปิดทับบริเวณที่ทายา', 'ผู้ที่แพ้ยาหรือส่วนประกอบใด ๆ ในยา Betamethasone รวมถึงแพ้อาหาร อาหารเสริม หรือยาชนิดอื่นที่ใกล้เคียงกัน ควรแจ้งให้แพทย์ทราบก่อนใช้ยา', 'เป็นยาในกลุ่มคอร์ติโคสเตียรอยด์ มีฤทธิ์รักษาภาวะต่าง ๆ จากการอักเสบ เช่น อาการแพ้ โรคสะเก็ดเงิน และผื่นผิวหนัง', 10, 4, 3, 1, '0000-00-00', '0000-00-00', '17.00', 'ยาทารักษาผิวหนัง', 'https://osi.co.th/wp-content/uploads/2022/11/Betameth-N.jpg'),
(105, 'Betaplas H dot PATCH', '12 ชิ้น', 'แปะบริเวณที่มีการเกิดสิวเอกเสบ', NULL, 'ลดการอักเสบของสิว', 19, 5, 3, 12, '0000-00-00', '0000-00-00', '65.00', 'แผ่นแปะรักษาสิว', 'https://work.phartech.co.th/assets/img/products/PT0003045/PT0003045-02110031216381.jpg'),
(106, 'Bethasone cream', '15 กรัม', 'ทาบางๆ บนบริเวณอักเสบ วันละ 2-3 ครั้ง หรือตามแพทย์สั่ง', '-ผู้ที่แพ้ยาหรือส่วนประกอบใด ๆ ในยา Betamethasone รวมถึงแพ้อาหาร อาหารเสริม หรือยาชนิดอื่นที่ใกล้เคียงกัน ควรแจ้งให้แพทย์ทราบก่อนใช้ยา -หากกำลังจะตั้งครรภ์ควรปรึกษาแพทย์ก่อน -ยา Betamethasone อาจเกิดปฏิกิริยาขึ้นเมื่อใช้ร่วมกับยาชนิดอื่น ๆ จึงควรแจ้งให้แพทย์ทราบถึงยา วิตามิน อาหารเสริม และผลิตภัณฑ์สมุนไพรที่กำลังใช้อยู่', 'เป็นยาในกลุ่มคอร์ติโคสเตียรอยด์ มีฤทธิ์รักษาภาวะต่าง ๆ จากการอักเสบ เช่น อาการแพ้ โรคสะเก็ดเงิน และผื่นผิวหนัง', 10, 4, 3, 1, '0000-00-00', '0000-00-00', '65.00', 'ยาทารักษาผิวหนัง', 'https://d.line-scdn.net/obs/r/ect/ect/image_16973833384089548646c6a9949t12682a9a/s430p'),
(107, 'Bethasone cream', '5 กรัม', 'ทาบางๆ บนบริเวณอักเสบ วันละ 2-3 ครั้ง หรือตามแพทย์สั่ง', '-ผู้ที่แพ้ยาหรือส่วนประกอบใด ๆ ในยา Betamethasone รวมถึงแพ้อาหาร อาหารเสริม หรือยาชนิดอื่นที่ใกล้เคียงกัน ควรแจ้งให้แพทย์ทราบก่อนใช้ยา -หากกำลังจะตั้งครรภ์ควรปรึกษาแพทย์ก่อน -ยา Betamethasone อาจเกิดปฏิกิริยาขึ้นเมื่อใช้ร่วมกับยาชนิดอื่น ๆ จึงควรแจ้งให้แพทย์ทราบถึงยา วิตามิน อาหารเสริม และผลิตภัณฑ์สมุนไพรที่กำลังใช้อยู่', 'เป็นยาในกลุ่มคอร์ติโคสเตียรอยด์ มีฤทธิ์รักษาภาวะต่าง ๆ จากการอักเสบ เช่น อาการแพ้ โรคสะเก็ดเงิน และผื่นผิวหนัง', 10, 4, 3, 1, '0000-00-00', '0000-00-00', '35.00', 'ยาทารักษาผิวหนัง', 'https://d.line-scdn.net/obs/r/ect/ect/image_16973833384089548646c6a9949t12682a9a/s430p'),
(108, 'Betosalic oint ', '15 กรัม', 'ทาบางๆ บนบริเวณอักเสบ วันละ 2-3 ครั้ง หรือตามแพทย์สั่ง', 'ห้ามใช้เป็นยารับประทาน', 'ยาแก้แพ้ผื่นคัน ผิวหนังอักเสบเรื้อรัง ผสมกับกรดอ่อน เพื่อลอกผิวที่แข็ง หนา', 10, 4, 3, 1, '0000-00-00', '0000-00-00', '99.99', 'ยาทารักษาผิวหนัง', 'https://www.joysonpl.com/wp-content/uploads/2021/03/betosalic-1-1.jpg'),
(109, 'Bilaxten', '20 มก.', 'ปริมาณการใช้ยา Bilastine ในเด็กที่มีอายุ 12 ขึ้นไปและผู้ใหญ่ สำหรับบรรเทาอาการจากโรคภูมิแพ้จมูก โรคภูมิแพ้ขึ้นตา หรือโรคลมพิษ คือ 20 มิลลิกรัม 1 ครั้ง/วัน', 'ผู้ป่วยบางรายอาจมีอาการง่วงซึมหรือมีปฏิกิริยาตอบสนองช้าลง หากมีอาการดังกล่าวควรหลีกเลี่ยงการขับขี่ยานพาหนะ ใช้เครื่องจักรหรือทำกิจกรรมที่ต้องตื่นตัวอยู่ตลอดเวลาในช่วงที่รับประทานยา และหารกกำลังจะตั้งครรภ์ควรปรึกษาแพทย์ก่อนใช้ยา                                                                                                                                                       ', 'รักษาโรคจมูกอักเสบชนิดแพ้ โรคภูมิแพ้ขึ้นตา ภูมิแพ้ผิวหนัง ไข้ละอองฟางหรือลมพิษ', 7, 11, 3, 2, '0000-00-00', '0000-00-00', '99.99', 'ยาบรรเทาอาการแพ้', 'https://d.line-scdn.net/lcp-prod-photo/20200826_10/1598413587986hiAJN_JPEG/344S9MS6IQWULTAXJ8KTE2EL8QN71B.jpg?type=f640'),
(110, 'Bilberry', '2,500 มก', 'รับประทานวันละ 1 เม็ด', NULL, 'ช่วยบำรุงจอประสาทตา เพิ่มสมรรถภาพในการมองเห็นในที่มืด เพิ่มสมรรถนะการมองเห็นภาพให้คมชัดขึ้น ลดความเสี่ยงของการตาบอด', 7, 2, 1, 60, '0000-00-00', '0000-00-00', '99.99', 'ผลิตภัณฑ์อาหารเสริม', 'https://res.cloudinary.com/trueshopping/image/upload/f_webp,q_auto/v1658819414/product/producr-master/xahxwlarhplzbehy9wm8.jpg'),
(111, 'Biloba', '60 มก', 'รับประทานวันละ 1 แคปซูล พร้อมมื้ื้ออาหาร', NULL, 'ควบคุมน้ำตาลในเลือด · ควบคุมไขมันในเลือด · ดูแลหลอดเลือดและหัวใจ · กระดูกและข้อต่อ · กระดูก · ข้อต่อ · ต้านการอักเสบ · เพิ่มประสิทธิภาพออกกำลังกาย · สร้างกล้ามเนื้อ · ฟื้นฟูกล้ามเนื้อ', 7, 12, 3, 8, '0000-00-00', '0000-00-00', '99.99', 'ผลิตภัณฑ์อาหารเสริม', 'https://lzd-img-global.slatic.net/g/p/db0d5843900c99e41bc2979801900ea0.jpg_720x720q80.jpg'),
(112, 'Biocalm', '50 มก.', 'ขนาดการใช้ในผู้ใหญ่ รับประทานหลังมื้ออาหารครั้งละ 1-3 เม็ด วันละ 3 ครั้ง', 'อาจก่อให้ความการตึงของกล้ามเนื้อบริเวณศีรษะ และอาการที่พบได้น้อยคือ ง่วง วิงเวียนศีรษะ ปวดท้อง  และอาการของการแพ้ยาคือ ความดันต่ำ ผื่นคัน หน้าแดง ถ้ามีอาการเหล่านี้ควรไปพบแพทย์', 'คลายกล้ามเนื้อ', 7, 2, 3, 1, '0000-00-00', '0000-00-00', '15.00', 'ยาคลายกล้ามเนื้้อ', 'http://pharmbma.com/images/medicines/nsaid-bone-joint/0%20Biocalm%20_tolperisone_.png'),
(113, 'Bioflor', '250 มก.', 'ครั้งละ 1 เม็ด หรือ 1 ซอง วันละ 2 ครั้ง โดยห้ามรับประทานร่วมกับน้ำร้อนเนื่องจากจะทำให้จุลินทรีย์ตายได้', NULL, 'ช่วยปรับสมดุลเชื้อในทางเดินอาหารทำให้การขับถ่ายเป็นไปอย่างปกติ ถูกนำมาใช้ในการรักษาโรคท้องเสีย', 7, 7, 3, 10, '0000-00-00', '0000-00-00', '99.99', 'ยาบรรเทาอาการท้องเสีย', 'https://moombhesaj.com/wp-content/uploads/2023/07/bioflor250mg.jpg'),
(114, 'Bioflor', '250 มก.', 'ครั้งละ 1 เม็ด หรือ 1 ซอง วันละ 2 ครั้ง โดยห้ามรับประทานร่วมกับน้ำร้อนเนื่องจากจะทำให้จุลินทรีย์ตายได้', NULL, 'ช่วยปรับสมดุลเชื้อในทางเดินอาหารทำให้การขับถ่ายเป็นไปอย่างปกติ ถูกนำมาใช้ในการรักษาโรคท้องเสีย', 7, 2, 2, 10, '0000-00-00', '0000-00-00', '60.00', 'ยาบรรเทาอาการท้องเสีย', 'https://moombhesaj.com/wp-content/uploads/2023/07/bioflor250mg.jpg'),
(115, 'Bioline Tetrahydrocaannabinol (THC)', '1 ชิ้น', 'หยดปัสสาวะจำนวน 4 หยดลงในหลุม S แล้วรออ่านผล', NULL, 'เป็นชุดตรวจหาสารเสพติดกัญชา ในปัสสาวะด้วยเทคนิคอิมมุโนโครมาโทรกราฟี โดยอาศัยหลักการเกิดปฏิกริยาการแย่งจับ', 23, 9, 3, 1, '0000-00-00', '0000-00-00', '99.99', 'ชุดตรวจหาสารเสพติดกัญชา', 'https://laz-img-sg.alicdn.com/p/d100e0b86eafc201bd17df9cb7fca019.jpg'),
(116, 'biopharm gummy', '24 ก.', 'รับประทานครั้งละ 1 เม็ด วันละไม่เกิน 8 เม็ด', NULL, 'เสริมแคลเซียม ที่ช่วยส่งเสริมให้กระดูกและฟันที่แข็งแรง', 7, 7, 3, 12, '0000-00-00', '0000-00-00', '36.00', 'ผลิตภัณฑ์อาหารเสริม', 'https://th-test-11.slatic.net/p/a1edac041503b31248b2b0ca8f79e7e8.jpg'),
(117, 'Bioplus LCH extra plus', NULL, 'รับประทานวันละ 1-2 เม็ด ก่อนนอน', NULL, 'ช่วยเพิ่มอัตราการเผาผลาญไขมันให้กลายเป็นพลังงาน และกระตุ้นให้ร่างกายใช้พลังงานอย่างรวดเร็', 7, 2, 3, 30, '0000-00-00', '0000-00-00', '99.99', 'ผลิตภัณฑ์อาหารเสริม', 'https://www.thaimarketshare.com/pictures/L-C-H-E-Etra-plus.jpg'),
(118, 'ิBiotin H+', '10,000 มคก.', 'รับประทานวันละ 1-2 เม็ด ก่อนนอน', NULL, 'ดูแลสุขภาพเส้นผม ให้ผมแข็งแรง สลวย เงางาม และลดอาการหลุดร่วง มีวิตามินซีและอี ที่มีส่วนช่วยในกระบวนการต่อต้านอนุมูลอิสระ พร้อมด้วยสารสกัดจากวัตถุดิบธรรมชาติ', 7, 2, 1, 60, '0000-00-00', '0000-00-00', '99.99', 'ผลิตภัณฑ์อาหารเสริม', ' https://s2.konvy.com/static/team/2022/0513/16524325626475.jpg'),
(119, 'BIO-VIT C (เบอร์รี่)', '750 มก.  ', 'รับประทานวิตามินซีวันละ 1 เม็ด', NULL, 'ผลิตภัณฑ์ ไบโอ-ซี วิตามิน เป็นผลิตภัณฑ์เสริมวิตามินซี แบบเม็ดเคลือบฟิล์ม มีวิตามินซี 750 มิลลิกรัม เป็นวิตามินซีที่ไม่เป็นกรดในรูปแบบ แคลเซียม แอสคอร์เบท(calcium ascorbate) ซึ่งเป็นผลิตภัณฑ์เสริมอาหารคุณภาพสูง ไบโอ-ซี วิตามิน สามารถรับประทานพร้อมอาหาร หรือตอนท้องก็ได้', 7, 2, 1, 30, '0000-00-00', '0000-00-00', '99.99', 'ผลิตภัณฑ์อาหารเสริม', 'https://lzd-img-global.slatic.net/g/p/e3b293eac4e670a5c1495cceaa8b7897.jpg_960x960q80.jpg_.webp'),
(120, 'BIO-VIT C (แอปเปิ้ล)', '750 มก.  ', 'รับประทานวิตามินซีวันละ 1 เม็ด', NULL, 'ผลิตภัณฑ์ ไบโอ-ซี วิตามิน เป็นผลิตภัณฑ์เสริมวิตามินซี แบบเม็ดเคลือบฟิล์ม มีวิตามินซี 750 มิลลิกรัม เป็นวิตามินซีที่ไม่เป็นกรดในรูปแบบ แคลเซียม แอสคอร์เบท(calcium ascorbate) ซึ่งเป็นผลิตภัณฑ์เสริมอาหารคุณภาพสูง ไบโอ-ซี วิตามิน สามารถรับประทานพร้อมอาหาร หรือตอนท้องก็ได้', 7, 2, 1, 30, '0000-00-00', '0000-00-00', '99.99', 'ผลิตภัณฑ์อาหารเสริม', 'https://th-test-11.slatic.net/p/52821eb50397aa3a4fd823f0064bec9c.jpg'),
(121, 'BIO-VIT C (ส้ม)', '750 มก.  ', 'รับประทานวิตามินซีวันละ 1 เม็ด', NULL, 'ผลิตภัณฑ์ ไบโอ-ซี วิตามิน เป็นผลิตภัณฑ์เสริมวิตามินซี แบบเม็ดเคลือบฟิล์ม มีวิตามินซี 750 มิลลิกรัม เป็นวิตามินซีที่ไม่เป็นกรดในรูปแบบ แคลเซียม แอสคอร์เบท(calcium ascorbate) ซึ่งเป็นผลิตภัณฑ์เสริมอาหารคุณภาพสูง ไบโอ-ซี วิตามิน สามารถรับประทานพร้อมอาหาร หรือตอนท้องก็ได้', 7, 2, 1, 30, '0000-00-00', '0000-00-00', '99.99', 'ผลิตภัณฑ์อาหารเสริม', 'https://lzd-img-global.slatic.net/g/p/5c19ef2eb81a0d557338c8d3c9362212.jpg_960x960q80.jpg_.webp'),
(122, 'BIO-VIT C (สัปปะรด)', '750 มก.  ', 'รับประทานวิตามินซีวันละ 1 เม็ด', NULL, 'ผลิตภัณฑ์ ไบโอ-ซี วิตามิน เป็นผลิตภัณฑ์เสริมวิตามินซี แบบเม็ดเคลือบฟิล์ม มีวิตามินซี 750 มิลลิกรัม เป็นวิตามินซีที่ไม่เป็นกรดในรูปแบบ แคลเซียม แอสคอร์เบท(calcium ascorbate) ซึ่งเป็นผลิตภัณฑ์เสริมอาหารคุณภาพสูง ไบโอ-ซี วิตามิน สามารถรับประทานพร้อมอาหาร หรือตอนท้องก็ได้', 7, 2, 1, 30, '0000-00-00', '0000-00-00', '99.99', 'ผลิตภัณฑ์อาหารเสริม', 'https://lzd-img-global.slatic.net/g/p/8f305243407b763007a20094a4877865.jpg_720x720q80.jpg'),
(123, 'biozole', '150 มก.', 'รับประทานวันละ 1 เม็ด ตอนไหนก็ได้', 'หลีกเลี่ยงใช้ยากับผู้สูงอายุ เด็ก และสตรีมีครรภ์ หรือสตรีให้นมบุตร', 'รักษาเชื่อราในช่องคลอดหรือ รักษาอาการคันในช่องคลอด', 7, 2, 3, 1, '0000-00-00', '0000-00-00', '99.99', 'ยารักษาเชื้อรา', 'https://www.bestdrug.org/biozole-150mg_l.jpg'),
(124, 'bisacodyl', '5 มก.', 'รับประทานวันละ 1-2 เม็ด ', 'ห้ามใช้ยาเมื่อ มีภาวะขาดน้ำรุนแรง ปวดท้องรุนแรง คลื่นไส้อาเจียนรุนแรง เพิ่งได้รับการผ่าตัดลำไส้หรือ ไส้ติ่งอักเสบเฉียบพลัน', 'บรรเทาอาการท้องผูก กระตุ้นการบีบตัวของลำไส้', 7, 2, 1, 1000, '0000-00-00', '0000-00-00', '99.99', 'ยาระบาย', 'https://www.spdrug.com/administrator/product/images/P14092020204323.jpg'),
(125, 'bisolvan', '8 มก.', 'เด็กอายุ 6-12 ปี รับประทานครั้งละ 1/2 เม็ด วันละ 3 ครั้ง และถ้าอายุมากกว่า 12 รับประทานครั้งละ 1 เม็ด 3ครั้ง', '1.ควรระวังการใช้ยานี้ในผู้ที่มีประวัติเป็นโรคกระเพาะอาหารและลำไส้ เนื่องจากยามีฤทธิ์ระคายเคืองกระเพาะอาหารและลำไส้2.ควรระวังการใช้ยานี้ในผู้ที่มีประวัติเป็นโรคหืด เนื่องจากยาอาจก่อให้เกิดภาวะหลอดลมตีบ3.การใช้ยานี้ในเด็กอายุต่ำกว่า 6 ปี หญิงตั้งครรภ์ หญิงให้นมบุตร และในผู้สูงอายุ ควรอยู่ภายใต้คำแนะนำของแพทย์', 'ยารักษาโรคในระบบทางเดินหายใจอันเนื่องมาจากการมีเสมหะมากและทำให้หายใจไม่สะดวกและมีอาการไอตามมา (ตัวยาจะช่วยลดความเหนียวหนืดของเสมหะลง จึงช่วยในการกำจัดเสมหะออกไปได้ง่าย)', 7, 2, 2, 20, '0000-00-00', '0000-00-00', '46.00', 'ยาละลายเสมหะ', 'https://3auntiesthaimarket.com/cdn/shop/products/P-428-700x700_800x.jpg?v=1671990783'),
(126, 'bisolvan', '8 มก.', 'สำหรับเด็ก รับประทานครั้งละ 2.5 มิลลิลิตร (½ ช้อนชา) วันละ 3 ครั้ง ส่วนในเด็กอายุต่ำกว่า 2 ปี ให้รับประทานครั้งละ 1.25 มิลลิลิตร (¼ ช้อนชา) วันละ 3 ครั้ง', '1.ควรระวังการใช้ยานี้ในผู้ที่มีประวัติเป็นโรคกระเพาะอาหารและลำไส้ เนื่องจากยามีฤทธิ์ระคายเคืองกระเพาะอาหารและลำไส้2.ควรระวังการใช้ยานี้ในผู้ที่มีประวัติเป็นโรคหืด เนื่องจากยาอาจก่อให้เกิดภาวะหลอดลมตีบ3.การใช้ยานี้ในเด็กอายุต่ำกว่า 6 ปี หญิงตั้งครรภ์ หญิงให้นมบุตร และในผู้สูงอายุ ควรอยู่ภายใต้คำแนะนำของแพทย์', 'ยารักษาโรคในระบบทางเดินหายใจอันเนื่องมาจากการมีเสมหะมากและทำให้หายใจไม่สะดวกและมีอาการไอตามมา (ตัวยาจะช่วยลดความเหนียวหนืดของเสมหะลง จึงช่วยในการกำจัดเสมหะออกไปได้ง่าย)', 7, 13, 4, 60, '0000-00-00', '0000-00-00', '99.00', 'ยาละลายเสมหะ', 'https://obs.line-scdn.net/r/ect/ect/image_1697390368884502252b5795642t12684610'),
(127, 'BM BIO CACEROLAR PLUS', '1500 มก.', 'รับประทานวันละ 1 เม็ด ทุกวัน', NULL, 'วิตามินอี และซีลีเนียม มีส่วนช่วยในการปกป้องเซลล์จากอนุมูลอิสระ วิตามินซี มีส่วนช่วยในการสร้างคอลลาเจน เพื่อการทำงานตามปกติของผิวหนัง', 7, 2, 1, 40, '0000-00-00', '0000-00-00', '99.99', 'ผลิตภัณฑ์อาหารเสริม', 'https://lzd-img-global.slatic.net/g/p/c73b8c92898beb530802b9d89cf1d22f.jpg_720x720q80.jpg'),
(128, 'boost optimum', '800 ก.', 'ดื่มเสริมมื้ออาหาร 2แก้วต่อวัน  ผสมน้ำ 210 มล. (อุณหภูมิไม่เกิน 45 องศาเซลเซียล) นิวเทรน ออปติมัม 7 ช้อน 55 กรัม จะได้นิวเทรน ออปติมัมพร้อมดื่มปริมาณ 250 มล.', NULL, 'มีส่วนประกอบของโปรตีนเวย์ โปรตีนคุณภาพดี มีจุลินทรีย์ แล็กโทบาซิลลัส พาราคาเซอิ และมีใยอาหาร เพิ่มกากใยในระบบทางเดินอาหาร ช่วยกระตุ้นการขับถ่าย มีวิตามินอี ช่วยในกระบวนการต่อต้านอนุมูลอิสระ', 7, 14, 6, 800, '0000-00-00', '0000-00-00', '99.99', 'ผลิตภัณฑ์อาหารเสริม', 'https://www.nestlehealthscience-th.com/sites/default/files/2022-05/BOOSTOptimum800g_newrevised_0.png'),
(129, 'bosnum ', '180 มก.', 'ผู้ใหญ่และเด็กอายุมากกว่า 12 ปีให้ขนาด 60 มิลิกรัมวันละ 2 ครั้ง หรือขนาด 180 มก วันละครั้ง  ผู้ป่วยที่ไตไม่ดีให้ 60 มิลิกรัมวันละครั้ง   เด็กอายุ 6-11 ปีให้ใช้ขนาด 30 มิลิกรัมวันละ 2 ครั้ง', 'ห้ามใช้ในผู้ป่วยเคยแพ้ยานี้  อาการของแพ้ชนิดรุนแรงได้แก่ หายใจลำบาก บวมใบหน้า ลิมฝีปาก หายใจเสียงดังหวีด', 'บรรเทาอาการของโรคภูมิแพ้ Seasonal allergic rhinitis เช่นคัดจมูก จาม น้ำมูกไหล คันจมูก คันตา', 7, 2, 2, 10, '0000-00-00', '0000-00-00', '82.00', 'ยาแก้แพ้', 'https://www.spdrug.com/administrator/product/images/P06032023100810.jpg'),
(130, 'Bromhexine', '8 มก.', 'ผู้ใหญ่-รับประทานยาในปริมาณ 8 มิลลิกรัม วันละ 3 ครั้ง หากอาการไม่ดีขึ้นหลังรับประทานครบ 7 วัน อาจเพิ่มปริมาณได้ถึง 16 มิลลิกรัม วันละ 3 ครั้งและเด็ก-อายุ 2-5 ปี รับประทานยาครั้งละ 2 มิลลิกรัม วันละ 3 ครั้ง หรือครั้งละ 4 มิลลิกรัม วันละ 2 ครั้ง รวมรับประทา', 'ผลข้างเคียง - หลังการรับประทานยาอาจทำให้ผู้ป่วยเกิดความผิดปกติขึ้นได้ในบางราย เช่น ปวดท้อง ท้องอืด ท้องเสีย คลื่นไส้ อาเจียน เหงื่อออกมาก เวียนศีรษะ', 'ช่วยละลายเสมหะในระบบทางเดินหายใจ บรรเทาอาการไอจากโรคหวัด ไอมีเสมหะ', 7, 6, 3, 1, '0000-00-00', '0000-00-00', '40.00', 'ยาละลายเสมหะ', 'https://medthai.com/wp-content/uploads/2016/09/%E0%B9%84%E0%B8%9A%E0%B9%82%E0%B8%8B%E0%B8%A5%E0%B8%A7%E0%B8%AD%E0%B8%99.jpg'),
(131, 'Bromso Elixir', '8 มก.', 'รับประทาน 1 ช้อนชา 3 เวลา', '-ควรหลีกเลี่ยงการใช้ยานี้ในสตรีมีครรภ์ และกำลังให้นมบุตร-ควรระมัดระวังใช้ยานี้ในผู้ป่วยที่มีแผลในกระเพาะอาหารโดยเฉพาะชนิดเม็ด-การรับประทานยานี้ร่วมกับยาปฏิชีวนะ เช่น amoxicillin, cefuroxime, erythromycin, doxycycline จะทำให้ระดับยาปฏิชีวนะในเนื้อเยื่อปอดเพิ่มขึ้นได้-ระวังการใช้ยาในผู้ที่มีประวัติเป็นโรคกระเพาะอาหาร - ลำไส้ ด้วยยามีฤทธิ์ระคายเคืองกระเพาะอาหาร - ลำไส้-ระวังการใช้ยาในผู้ที่มีประวัติเป็นโรคหืด ด้วยยาอาจก่อให้เกิดภาวะหลอดลมตีบ-ระวังการใช้ยากับผู้ที่มีภาวะตับ - ไตผิดปกติ', 'บรรเทาอาการไอ หวัด ฆ่าเชื้อแบคทีเรียนในลำคอ', 7, 6, 3, 1, '0000-00-00', '0000-00-00', '50.00', 'แก้ไข้หวัด', 'https://www.petz.world/wp-content/uploads/2023/07/414679.jpeg.webp'),
(132, 'Bronal Syrup', '60 มล.', '-ผู้ใหญ่และเด็กอายุมากกว่า 12 ปี : รับประทานครั้งละ 10 มล. วันละ 3 ครั้ง-เด็กอายุมากกว่า 2 ปี : ขนาดยาทานครั้งละ 0.16 มก./น้ำหนักตัว 1 กก. วันละ 3 ครั้งขนาดยาทานที่ใช้ทั้งหมดเท่ากับ 3 มก./น้ำหนักตัว 1 กก./วัน', '-เด็กอายุน้อยกว่าหรือเท่ากับ 2 ปี: ไม่มีการศึกษาการใช้ยาในผู้ป่วยกลุ่มนี้ จึงไม่ควรใช้ยาในผู้ป่วยกลุ่มนี้-สตรีมีครรภ์: ไม่ควรใช้ยาในผู้ป่วยกลุ่มนี้-สตรีให้นมบุตร: ไม่ควรใช้ยาในผู้ป่วยกลุ่มนี้-ผู้ป่วยที่มีภาวะการทำงานของตับบกพร่อง: ห้ามใช้ยานี้-ผู้ป่วยที่มีภาวะการทำงานของไตบกพร่อง: ควรระมัดระวังการใช้ยาในผู้ป่วยกลุ่มนี้', 'บรรเทาอาการไอ', 7, 6, 3, 1, '0000-00-00', '0000-00-00', '99.99', 'แก้ไอ', 'https://i.ytimg.com/vi/zdP3j-5Fbxc/sddefault.jpg'),
(133, 'Bronpect-D', NULL, 'ครั้งละ 1 เม็ด วันละ 3 ครั้ง', NULL, 'บรรเทาอาการไอ เนื่องจากการระคายคอ บรรเทาอาการไอ และขับเสมหะที่เกิดร่วมกับหวัด และหลอดลมอักเสบ', NULL, NULL, NULL, NULL, '0000-00-00', '0000-00-00', NULL, NULL, NULL),
(134, 'HEHEHE', '10,000 กรัม', '', '', 'บรรเทาอาการท้องผูก ขับลม', 0, 0, 0, 9910, '0000-00-00', '0000-00-00', '99.99', 'แก้ท้องผูก', ''),
(137, 'Brustan', '325 มก.', '-ผู้ใหญ่: กินยาครั้งละ 200-400 มิลลิกรัม ทุก 4-6 ชั่วโมง ขนาดยาสูงสุดไม่เกิน 1.2 กรัมต่อวัน ยกเว้นอยู่ในการดูแลของแพทย์ -เด็กอายุ 6 เดือน - 12 ปี กินยาครั้งละ 5-10 มิลลิกรัมต่อน้ำหนักตัว 1 กิโลกรัม ทุก 6-8 ชั่วโมง ขนาดยาสูงสุดไม่เกิน 40 มิลลิกรัมต่อน้ำหนั', '-ผลข้างเคียงต่อทางเดินอาหารพบบ่อยที่สุด เช่น คลื่นไส้ อาเจียน อาหารไม่ย่อย แสบยอดอก ปวดท้อง ท้องเสีย เป็นต้น ซึ่งจากการศึกษาการใช้ยาไอบูโพรเฟนในเด็กพบว่า ผลข้างเคียงต่อทางเดินอาหารเป็นผลข้างเคียงที่พบบ่อยที่สุดเช่นเดียวกับในผู้ใหญ่ ได้แก่ ปวดที่ใต้ลิ้นปี่ (15.1%) ปวดท้อง (11.5%) คลื่นไส้ อาเจียน (11%) เป็นต้น [3] จึงควรกินยาพร้อมอาหารหรือหลังอาหารทันที -ผลข้างเคียงต่อหัวใจและหลอดเลือด เช่น บวมน้ำ ความดันโลหิตสูง ใจสั่น เป็นต้น -ผลข้างเคียงต่อระบบประสาท เช่น เวียนศีรษะ ปวดศีรษะ เป็นต้น -ระวังการใช้ยาในผู้ที่เป็นโรคหัวใจและหลอดเลือด (เช่น โรคความดันโลหิตสูง) มีการทำงานของตับหรือไตบกพร่อง โรคหืด -หลีกเลี่ยงการใช้ยาร่วมกับยาต้านการแข็งตัวของเลือด (เช่น ยาวาร์ฟาริน (warfarin)) ยาในกลุ่มเอ็นเซดชนิดอื่น', 'ใช้บรรเทาอาการปวด ลดไข้ และแก้อักเสบ โดยเฉพาะโรคข้ออักเสบ', 7, 1, 2, 10, '0000-00-00', '0000-00-00', '69.00', 'แก้ปวด, แก้ไข้, แก้อักเสบ', NULL),
(138, 'Brygel', '240 มล.', '-ผู้ใหญ่: ใช้ครั้งละ 1 ช้อนโต๊ะ หลังอาหารและก่อนนอน  -เด็ก: ลดลงตามส่วนหรือตามแพทย์สั่ง', NULL, 'เป็นยาน้ำใช้ลดกรด ช่วยเคลือบแผลในกระเพาะอาหารและลำไส้ ท้องอืด ท้องเฟ้อ เรอเปรี้ยว จุกเสียด แน่นท้อง บรรเทาอาการปวดท้อง เนื่องจากแผลในกระเพาะ แสบร้อนทรวงอกเนื่องจากกรดไหลย้อน ', 7, 6, 3, 1, '0000-00-00', '0000-00-00', '89.00', 'แก้ปวดท้อง, ลดกรด, กรดไหลย้อน , ท้องอืด', NULL),
(139, 'Buffered-C', '500 มก.', 'รับประทานวันละ 1-2 เม็ด พร้อมอาหาร', 'หากมีภาวะนิ่วในไต ควรปรึกษาแพทย์หรือเภสัชกรก่อนใช้', 'ช่วยบรรเทาความรุนแรงและระยะเวลาของการเป็นโรคหวัด หากรับประทานวิตามินซี 1,000 ถึง 6,000 มิลลิกรัมต่อวันตั้งแต่เริ่มมีอาการของโรคหวัด จะช่วยให้หายได้เร็วขึ้น ช่วยให้แผลหายได้เร็วขึ้น เนื่องจากวิตามินซี ช่วยให้ร่างกายซ่อมแซมและรักษาตัวเองโดยการไปเสริมสร้างผนังเซล ทำให้เส้นเลือดฝอยแข็งแรงและต่อต้านอาการอักเสบ จึงทำให้แผลหายได้เร็วขึ้น หากรับประทาน วิตามินซี เป็นประจำทุกวัน มันจะช่วยให้เหงือกมีสุขภาพแข็งแรงเพิ่มความต้านทานต่อ โรคหัวใจ โดยการไปช่วยเพิ่มประสิทธิภาพในการควบคุมระดับ คลอเรสเตอรอล ในร่างกาย ช่วยในการป้องกันโรคต้อกระจก บรรเทาอาการแพ้ หอบหืด ไซนัส ช่วยป้องกันอาการไมเกรน เมื่อรับประทานร่วมกับ pantothenic acid โดย วิตามินซี จะไปช่วยร่างกายในการต่อสู้กับความเครียดได้ดีขึ้นช่วยเรื่องความจำ โดย วิตามินซี จะไปช่วยรักษาสภาพของเซลประสาทและจะได้ผลดียิ่งขึ้นหากรับประทานร่วมกับอาหารต้านอนุมูลอิสระชนิดอื่นๆ เช่นวิตามินอี แคโรทีน กิงโกะไบโลบ้า และโคเอนไซม์ Q10', 7, 1, 1, 200, '0000-00-00', '0000-00-00', '99.99', 'ผลิตภัณฑ์เสริมอาหาร,อาหารเสริม', NULL),
(140, 'Buflex', '400 มก.', 'รับประทานครั้งละ 1 เม็ด วันละ 3 ครั้ง ควรรับประทานยาหลังอาหารทันที', '-ผลข้างเคียงต่อทางเดินอาหารพบบ่อยที่สุด เช่น คลื่นไส้ อาเจียน อาหารไม่ย่อย แสบยอดอก ปวดท้อง ท้องเสีย เป็นต้น ซึ่งจากการศึกษาการใช้ยาไอบูโพรเฟนในเด็กพบว่า ผลข้างเคียงต่อทางเดินอาหารเป็นผลข้างเคียงที่พบบ่อยที่สุดเช่นเดียวกับในผู้ใหญ่ ได้แก่ ปวดที่ใต้ลิ้นปี่ (15.1%) ปวดท้อง (11.5%) คลื่นไส้ อาเจียน (11%) เป็นต้น [3] จึงควรกินยาพร้อมอาหารหรือหลังอาหารทันที -ผลข้างเคียงต่อหัวใจและหลอดเลือด เช่น บวมน้ำ ความดันโลหิตสูง ใจสั่น เป็นต้น -ผลข้างเคียงต่อระบบประสาท เช่น เวียนศีรษะ ปวดศีรษะ เป็นต้น -ระวังการใช้ยาในผู้ที่เป็นโรคหัวใจและหลอดเลือด (เช่น โรคความดันโลหิตสูง) มีการทำงานของตับหรือไตบกพร่อง โรคหืด -หลีกเลี่ยงการใช้ยาร่วมกับยาต้านการแข็งตัวของเลือด (เช่น ยาวาร์ฟาริน (warfarin)) ยาในกลุ่มเอ็นเซดชนิดอื่น', 'แก้ปวด ลดไข้', 7, 1, 2, 10, '0000-00-00', '0000-00-00', '69.00', 'แก้ปวด , ลดไข้', NULL),
(141, 'Burnova gel', '25 กรัม', 'ทาบริเวณผิวตามที่ต้องการ', 'ยาใช้ภายนอกห้ามรับประทาน', 'เบอร์นโนว่า เจล พลัส สูตรว่านหางจระเข้ผสมสารสกัดบัวบกและแตงกวา ช่วยบำรุงผิวทั้งผิวหน้า ผิวกาย ฟื้นฟูผิวที่อ่อนแอ ให้เนียนนุ่ม ชุ่มชื้นผสานคุณค่าจากธรรมชาติ ช่วยเพิ่มความชุ่มชื้นให้แก่ผิว ที่ไวต่อแสง โดนความร้อน ผิวแพ้ง่าย และผู้ที่ปัญหาสิว เนื้อบางเบาไม่เหนียวเหนอะหนะ ไม่อุดตันรูขุมขน ปราศจากน้ำหอม แอลกอฮอล์ สารแต่งสี และพาราเบน ชุ่มชื้น ป้องกันผิวหน้าแห้งและขาดน้ำได้เป็นอย่างดี อีกทั้งยังมีสรรพคุณช่วยลดอาการอักเสบของผิวหน้าได้อีกด้วย เหมาะกับคนเป็นสิวที่เกิดจากการอักเสบที่ผิวหนัง นอกจากนี้ยังสามารถช่วยลดริ้วรอย จุดด่างดำ ที่เกิดจากการเป็นสิว บีบสิว กดสิวได้ ด้วย', 10, 4, 3, 1, '0000-00-00', '0000-00-00', '75.00', 'ให้ความชุ่มชื้นผิวหนัง, ลดสิว', NULL),
(142, 'Buscopan', '10 มก.', '-ในผู้ใหญ่ : รับประทานครั้งละ 10-20 mg วันละ 3-5 ครั้ง (ขนาดสูงสุดไม่เกิน 6 เม็ดต่อวัน) รับประทานก่อนหรือหลังอาหารก็ได้ -ในเด็ก : ไม่แนะนำใช้ยาในเด็กที่อายุน้อยกว่า 6 ปี แต่ขึ้นกับดุลยพินิจของแพทย์ โดยขนาดยาขึ้นกับอายุอายุ < 1 ปี แนะนำรับประทานครั้งละ 2.5', 'ผู้ที่ไม่ควรใช้ยา ได้แก่ ผู้ที่เป็นโรคต้อหินผู้ที่มีภาวะหัวใจเต้นเร็วหรือหัวใจเต้นผิดจังหวะ ผู้ป่วยโรคกล้ามเนื้ออ่อนแรง (Myasthenia gravis)ผู้ที่เป็นต่อมลูกหมากโตผู้ที่มีภาวะทางเดินปัสสาวะตีบตัน', 'ยาบุสโคพานเป็นยาลดอาการปวดจากการบีบเกร็งของกล้ามเนื้อเรียบในช่องท้อง เช่น กระเพาะอาหาร ลำไส้กระเพาะปัสสาวะ เป็นต้น', 7, 1, 2, 10, '0000-00-00', '0000-00-00', '99.00', 'แก้ปวดท้อง, ลดกรด, กรดไหลย้อน , ท้องอืด', NULL),
(143, 'Buto-Asma Inhaler', '200 โดส', 'ในผู้ใหญ่ให้สูดครั้งละ 1-2 หน (100-200 ไมโครกรัม) เวลาที่มีอาการ หรือทุก 4-6 ชั่วโมง ส่วนในเด็กทุกอายุและผู้สูงอายุ ขนาดการใช้ยารูปแบบนี้จะขึ้นอยู่กับดุลยพินิจของแพทย์', 'ห้ามใช้ยานี้กับผู้ที่มีประวัติการแพ้ซาลบูทามอล (Salbutamol) ห้ามใช้ยานี้กับผู้ป่วยโรคหัวใจ ผู้ป่วยที่อยู่ในภาวะตกเลือด และผู้ที่มีการติดเชื้อในระบบทางเดินปัสสาวะ ห้ามใช้ยาที่หมดอายุหรือเสื่อมสภาพแล้ว ไม่แนะนำให้ใช้ยานี้ในเด็กอายุต่ำกว่า 2 ปี การใช้ยานี้ในผู้สูงอายุ ควรเริ่มต้นที่ปริมาณต่ำไว้ก่อน คือ ครั้งละ 2 มิลลิกรัม ควรระมัดระวังการใช้ยานี้กับผู้ป่วยโรคหัวใจขาดเลือด โรคหัวใจเต้นผิดปกติ โรคความดันโลหิตสูง โรคเบาหวาน ผู้ป่วยด้วยภาวะหัวใจเต้นผิดจังหวะ ผู้ป่วยที่มีภาวะต่อมไทรอยด์ทำงานเกิน ผู้ป่วยที่มีภาวะขาดไทรอยด์ฮอร์โมน และโรคลมชัก ควรระมัดระวังการใช้ยานี้กับหญิงตั้งครรภ์ (จัดอยู่ในประเภท C ให้ใช้เฉพาะในกรณีที่จำเป็น) ควรระมัดระวังการใช้ยานี้กับหญิงให้นมบุตร เนื่องจากยานี้สามารถขับออกมาทางน้ำนมของมารดาได้ แต่ยังไม่ทราบปริมาณที่แน่นอน การใช้ยาซาลบูทามอลกับหญิงให้นมบุตรจึงต้องอยู่ภายใต้การดูแลของแพทย์ (แต่เท่าที่มีรายงานยังไม่พบว่าเกิดผลเสียต่อทารกในรายที่ได้รับยาพ่นสูดดม)', 'ยานี้เป็นยาขยายหลอดลม ใช้เพื่อช่วยป้องกันและรักษาอาการหายใจมีเสียงหวีดเนื่องจากหายใจขัด หายใจลำบาก แน่นหน้าอก ซึ่งเกิดจากโรคปอดที่มีหลอดลมหดเกร็ง/ตีบตัวและมีการอุดกั้นทางเดินหายใจ เช่น โรคหอบหืด (Asthma), ภาวะปอดอุดกั้นเรื้อรัง (COPD) ซึ่งรวมถึงโรคหลอดลมอักเสบเรื้อรัง (Chronic bronchitis) และถุงลมปอดโป่งพอง (Emphysema), หลอดลมอักเสบเฉียบพลัน (Acute bronchitis) ที่มีภาวะหลอดลมตีบตัวร่วมด้วย และภาวะหลอดลมหดเกร็งเนื่องจากการออกกำลังกาย ใช้ป้องกันภาวะหลอดลมหดเกร็ง (Bronchospasm) เนื่องจากการออกกำลังกาย ยานี้อาจใช้เพื่อช่วยรักษาภาวะโพแทสเซียมในเลือดสูง (Hyperkalemia) ได้ ยานี้อาจใช้เพื่อรักษาโรคหรืออาการอื่น ๆ ได้ หากมีข้อสงสัยควรสอบถามแพทย์หรือเภสัชกร', 27, 9, 3, 1, '0000-00-00', '0000-00-00', '99.99', 'ขยายหลอดลม, หอบหืด', NULL),
(144, 'Byebye Fever', '6 ชิ้น', '-ลอกแผ่นฟิล์มออกแล้วติดบริเวณที่เป็นแผ่นกาวลงบนผิว -แผ่นเจลมีประสิทธิภาพในการยึดติดผิวหนัง และไม่เลื่อนหลุด -ความเย็นของแผ่นเจลจะมีประสิทธิภาพมากขึ้น เมื่อนำไปแช่ในตู้เย็นก่อนใช้ ห้ามนำไปแช่ในช่องแช่แข็ง', '-ใช้สำหรับภายนอกเท่านั้น -หยุดใช้และปรึกษาแพทย์หากมีอาการแพ้ ผื่นคัน และควรปรึกษาแพทย์หรือเภสัชกรก่อนการใช้งาน -หากใช้กับเด็กเล็กควรอยู่ภายใต้การดูแลของผู้ปกครอง เพื่อป้องกันการนำแผ่นเจลเข้าปากหรือปิดจมูก -แป้งหรือเครื่องสำอางอาจทำให้แผ่นเจลติดไม่แน่นสนิท ควรทำความสะอาดผิวก่อนการใช้งาน และไม่ควรดึงแผ่นเจลให้ความเย็นออกบ่อยๆ เพราะจะทำให้แผ่นเจลหลุดง่าย -แผ่นเจลจะมีความเย็นลดลงทันทีหลังจากมีการเปิดใช้ จึงควรใช้ทันทีเพื่อสุขภาพอนามัยที่ดี ควรใช้เพียงครั้งเดียว -ห้ามใช้กับดวงตา  บริเวณรอบดวงตา เยื่อบุผิว ผิวหนังอักเสบหรือบริเวณที่มีอาการคัน หรือเป็นผื่นแดง -ถ้ามีไข้สูงควรใช้ร่วมกับยาลดไข้หรือปรึกษาแพทย์ และไม่ควรใช้ในเด็กอายุต่ำกว่า 2 ปี', 'แผ่นเจลลดไข้สำหรับเด็ก', 28, 5, 3, 6, '0000-00-00', '0000-00-00', '99.99', 'แผนแปะลดไข้,ลดไข้,แผนแปะ', NULL),
(145, 'C-20 Blue Sally', '180 มล.', 'ผู้ใหญ่และเด็กอายุเกิน 5 ปีขึ้นไป รินครั้งละ 15-30 มล. (1-2 ช้อนโต๊ะ)\r\nอมกลั้วให้ทั่วทั่วปากนาน 1 นาที แล้วบ้วนทิ้ง\r\nใช้ C-20 อมบ้วนปากวันละ 2 ครั้ง หลังอาหารเช้า และหลังการแปรงฟันก่อนนอน', 'ห้ามรับประทาน', '-รักษาและป้องกัน โรคเหงือกอักเสบ -รักษาเชื้อราแคนดิดาในช่องปาก -ป้องกันการสะสมของ คราบหินปูน -ช่วยให้ปากสะอาด ลมหายใจสดชื่น ไม่มีกลิ่นปาก\r\nสูตรใหม่ ผสมไซลิทอล กลิ่นมิ้นต์ รสชาติอ่อนโยน', 29, 6, 4, 1, '0000-00-00', '0000-00-00', '65.00', 'ลดแบคทีเรียในช่องปาก', NULL),
(146, 'C-20 Mouth Wash', '180 มล.', 'ผู้ใหญ่และเด็กอายุเกิน 5 ปีขึ้นไป รินครั้งละ 15-30 มล. (1-2 ช้อนโต๊ะ)\r\nอมกลั้วให้ทั่วทั่วปากนาน 1 นาที แล้วบ้วนทิ้ง\r\nใช้ C-20 อมบ้วนปากวันละ 2 ครั้ง หลังอาหารเช้า และหลังการแปรงฟันก่อนนอน', 'ห้ามรับประทาน', '-รักษาและป้องกัน โรคเหงือกอักเสบ -รักษาเชื้อราแคนดิดาในช่องปาก -ป้องกันการสะสมของ คราบหินปูน -ช่วยให้ปากสะอาด ลมหายใจสดชื่น ไม่มีกลิ่นปาก', 29, 6, 4, 1, '0000-00-00', '0000-00-00', '65.00', 'ลดแบคทีเรียในช่องปาก', NULL),
(147, 'C-20 Plus', '180 มล.', 'ผู้ใหญ่และเด็กอายุเกิน 5 ปีขึ้นไป รินครั้งละ 15-30 มล. (1-2 ช้อนโต๊ะ)\r\nอมกลั้วให้ทั่วทั่วปากนาน 1 นาที แล้วบ้วนทิ้ง\r\nใช้ C-20 อมบ้วนปากวันละ 2 ครั้ง หลังอาหารเช้า และหลังการแปรงฟันก่อนนอน', 'ห้ามรับประทาน', '-รักษาและป้องกัน โรคเหงือกอักเสบ -รักษาเชื้อราแคนดิดาในช่องปาก -ป้องกันการสะสมของ คราบหินปูน -ช่วยให้ปากสะอาด ลมหายใจสดชื่น ไม่มีกลิ่นปาก', 29, 6, 4, 1, '0000-00-00', '0000-00-00', '65.00', 'ลดแบคทีเรียในช่องปาก', NULL),
(148, 'Cadramine-V 120 ML', '120 มล.', 'ทาในบริเวณที่เป็นในขนาดพอเหมาะวันละหลายครั้ง', 'ยาใช้ภายนอกห้ามรับประทาน', 'ใช้บรรเทาอาการคัน เนื่องจากลมพิษ ผด แพ้แดด แพ้สารเคมี แพ้เครื่องสำอาง ผื่นคัน ยุงกัด แลแมลงสัตว์กัดต่อย', 10, 6, 3, 1, '0000-00-00', '0000-00-00', '79.00', 'บรรเทาอาการคัน ลดพิษ ผดผื่นแพ้', NULL),
(149, 'Cadramine-V 60 ML', '60 มล.', 'ทาในบริเวณที่เป็นในขนาดพอเหมาะวันละหลายครั้ง', 'ยาใช้ภายนอกห้ามรับประทาน', 'ใช้บรรเทาอาการคัน เนื่องจากลมพิษ ผด แพ้แดด แพ้สารเคมี แพ้เครื่องสำอาง ผื่นคัน ยุงกัด แลแมลงสัตว์กัดต่อย', 10, 6, 3, 1, '0000-00-00', '0000-00-00', '39.00', 'บรรเทาอาการคัน ลดพิษ ผดผื่นแพ้', NULL),
(150, 'Cafergot', '100 มก.', 'รับประทานทันที 2 เม็ดเมื่อมีอาการปวด หากยังไม่หายรับปรัทานอีก 1 เม็ด ทุก 1 ชั่วโมง (1 วันห้ามเกิน 6 เม็ด และห้ามเกิน 10 เม็ดต่อสัปดาห์)', '-ห้ามใช้ในผู้ป่วยโรคตับและไต หรือสตรีมีครรภ์และให้นมบุตร หรือโรคกระเพาะอาหารอักเสบ -โดยหากเกิดอาการชา รู้สึกหนาว ปวดท้อง ปวดหัว คลื่นไส้อาเจียน ให้หยุดใช้ยาและปรึกษาแพทย์', 'ยาแก้ปวดศีรษะไมเกรน', 7, 1, 3, 10, '0000-00-00', '0000-00-00', '99.99', 'แก้ปวดศีรษะไมเกรน', NULL),
(151, 'Calamine-lp 60 ML', '60 มล.', 'เขย่าขวดก่อนใช้ ทาบริเวณที่เป็นวันละ 3-4 ครั้ง', 'ยาใช้ภายนอกห้ามรับประทาน ห้ามทาริมฝีปาก ภายในช่องปาก รอบดวงตาหรือทาลูกตา', 'ใช้บรรเทาอาการคัน แพ้ ผดผื่น', 10, 6, 4, 1, '0000-00-00', '0000-00-00', '29.00', 'บรรเทาอาการคัน ลดพิษ ผดผื่นแพ้', NULL),
(152, 'Calamine-lp 120 ML', '120 มล.', 'เขย่าขวดก่อนใช้ ทาบริเวณที่เป็นวันละ 3-4 ครั้ง', 'ยาใช้ภายนอกห้ามรับประทาน ห้ามทาริมฝีปาก ภายในช่องปาก รอบดวงตาหรือทาลูกตา', 'ใช้บรรเทาอาการคัน แพ้ ผดผื่น', 10, 6, 4, 1, '0000-00-00', '0000-00-00', '59.00', 'บรรเทาอาการคัน ลดพิษ ผดผื่นแพ้', NULL),
(153, 'Calciferol 20000 Units', '20,000 IU', 'เพื่อป้องกันโรคกระดูกอ่อน รับประทาน วันละ 1 แคปซูลเพื่อรักษาโรคกระดูกอ่อน รับประทานวันละ 2 แคปซูล', '-ห้ามใช้ในผู้ที่มีแคลเซียมในกระแสเลือดสูง -ห้ามใช้ในผู้ที่มีวิตามินในกระแสเลือดสูง -ห้ามใช้ในผู้ที่ไวต่ออาการจากพิษของวิตามินดี   ', 'เพื่อใช้ป้องกันและรักษา โรคกระดูกอ่อน ซึ่งมักเกิดกับเด็กๆอันอาจทำให้กระดูกงอโค้ง ผิดปกติ อาการเจ็บปวดตามกล้ามเนื้อ (Rickets) อาการอ่อนตัวของกระดูก ซึ่งงอโค้งและหักง่าย (Osteomalacia)', 7, 3, 2, 10, '0000-00-00', '0000-00-00', '99.99', 'รักษาโรคกระดูกอ่อน', NULL),
(154, 'Calcium l-Threonate+Collagen', '60 แคปซูล', 'วันละ 1 แคปซูล พร้อมมื้ออาหารหรือหลังอาหารมื้อใดก็ได้', '-ควรกินอาหารหลากหลายครบ 5 หมู่ ในสัดส่วนที่เหมาะสมเป็นประจำ -เด็กและตรีมีครรภ์ไม่ควรรับประทาน -ควรเก็บไว้ในที่แห้งและเย็น ห่างจากแสงแดด', 'ผู้สูงอายุที่มีภาวะกระดูกพรุน กระดูกบาง, ผู้ที่มีปัญหาข้ออักเสบ ปวดตามข้อ ปวดเข่า หรือข้อเข่าเสื่อม, ผู้ที่ต้องการเสริมแคลเซียม สามารถใช้ได้ในวัยรุ่น ไปจนถึงวัยสูงอายุ, นักกีฬาหรือผู้ที่ออกกำลังการเป็นประจำ, ผู้ที่กังวลเรื่องผลข้างเคียงของแคลเซียมต่อทางเดินอาหาร และระบบไหลเวียนโลหิต, ผู้ที่ไม่สามารถดื่มนม, ผู้ที่รับประทานอาหารที่มีแคลเซียมต่ำ , ผู้ทีไม่สัมผัสแสงแดดเป็นประจำ', 7, 3, 1, 60, '0000-00-00', '0000-00-00', '99.99', 'รักษาภาวะกระดูกพรุน, กระดูกข้อเข่าเสื่อม', NULL),
(155, 'Calcium carbonate tablet ', '1000 มก.', 'รับประทานครั้งละ 1 เม็ด วันละ 2-4 ครั้ง หลังอาหารหรือตามแพทย์สั่ง เสริมสร้างแคลเซียม รับประทานครั้งละ 1 เม็ด วันละ 2 ครั้ง พร้อมอาหารหรือตามแพทย์สั่ง', '-ห้ามใช้ในผู้ที่เคยแพ้ยานี้หรือ แพ้ส่วนประกอบอื่นๆ ของยานี้ -ห้ามใช้ในผู้ที่มีภาวะไตบกพร่องรุนแรงที่ไม่ได้ทำการล้างไต -ระวังการใช้ยานี้ในหญิงมีครรภ์และหญิงให้นมบุตร ', '-ใช้เพื่อรักษาภาวะขาดแคลเซียม ป้องกันและรักษาโรคกระดูกพรุน -ใช้เป็นตัวจับฟอตเฟสในผู้ป่วยที่มีภาวะไตบกพร่อง', 7, 1, 2, 10, '0000-00-00', '0000-00-00', '39.00', 'รักษากระดูก, ไต', NULL),
(156, 'Caltrate 600', '600 มก.', 'รับประทานพร้อมอาหาร วันละ 1-2 เม็ด หรือตามคำแนะนำของแพทย์', '-ห้ามใช้ในผู้ที่เคยแพ้ยานี้หรือ แพ้ส่วนประกอบอื่นๆ ของยานี้ -ห้ามใช้ในผู้ที่มีภาวะไตบกพร่องรุนแรงที่ไม่ได้ทำการล้างไต -ระวังการใช้ยานี้ในหญิงมีครรภ์และหญิงให้นมบุตร ', '-รักษา ข้อเสื่อม ( Osteoarthritis ) ข้อเสื่อมตั้งแต่ชายหญิงที่มีอายุตั้งแต่40ปีขึ้นไปจะพบมากขึ้นเมื่อ อายุเยอะขึ้น สาเหตุจากกระดูกอ่อนผิวข้อถูกทำลายโครงสร้างของข้อเปลี่ยนแปลงไป เช่น มีน้ำสะสมในข้อเพิ่มมากขึ้นกระดูกงอเกิดปกติ กล้ามเนื้อและเอ็นหย่อนยานการเคลื่อนไหวทำได้จำกัดมีอาการปวดและบวม -รักษา รูมาตอย ( Rheumatoid) ข้ออักเสบเรื้อรังชนิดหนึ่งที่มีอาการเจริญงอกงามของเยื่อยุข้อมอย่าง มากและจะลุกลามเข้าทำลายกระดูก และข้อแรกๆมีอาการอ่อนเพลียปวดตามข้อมีอาการฝืดข้อเป็นเวลานานในตอนเช้า เมื่อมีอาการชัดเจนข้อจะมีการบวมร้อนและปวดโรคนี้สามารถเป็นได้กับทุกข้อของ ร่างกาย พบได้ตั้งแต่เด็กถึงวัยชราส่วนมากจะพบในผู้ป่วยวัยกลางคนเพศหญิงมากกว่าเพศ ชาย', 7, 3, 4, 60, '0000-00-00', '0000-00-00', '99.99', 'ช่วยเสริมสร้างกระดูก, ป้องกันโรคกระดูกพรุน', NULL),
(157, 'Canasone 15 G', '15 กรัม', 'ทาบริเวณที่เป็นวันละ 2 ครั้ง เช้า-เย็น', 'ยาใช้ภายนอกห้ามรับประทาน', 'รักษาโรคผิวหนังที่เกิดจากเชื้อราที่มีการอักเสบ และมีอาการคันร่วมด้วย ได้แก่ โรคน้ำกัดเท้า (ฮ่องกงฟุต) กลากตามลำตัว หรือตามข้อพับ โรคเชื้อราที่เล็บ', 10, 4, 3, 1, '0000-00-00', '0000-00-00', '99.00', 'รักษาเชื้อราที่ผิวหนัง, โรคน้ำกัดเท้า, กลาก', NULL),
(158, 'Canasone 5 G', '5 กรัม', 'ทาบริเวณที่เป็นวันละ 2 ครั้ง เช้า-เย็น', 'ยาใช้ภายนอกห้ามรับประทาน', 'รักษาโรคผิวหนังที่เกิดจากเชื้อราที่มีการอักเสบ และมีอาการคันร่วมด้วย ได้แก่ โรคน้ำกัดเท้า (ฮ่องกงฟุต) กลากตามลำตัว หรือตามข้อพับ โรคเชื้อราที่เล็บ', 10, 4, 3, 1, '0000-00-00', '0000-00-00', '49.00', 'รักษาเชื้อราที่่ผิวหนัง, โรคน้ำกัดเท้า, กลาก', NULL),
(159, 'Candid', '15 มล.', 'หยอดหู 4-5 หยด วันละ 4-5 ครั้ง', 'ระวังการใช้ยาในคนที่มีประวัติแพ้ส่วนประกอบของยา และผู้ป่วยแก้วหูทะลุ', 'รักษาการติดเชื้อราในหูชั้นนอก', 30, 6, 3, 1, '0000-00-00', '0000-00-00', '99.99', 'รักษาการติดเชื้อราในหูชั้นนอก', NULL),
(160, 'Candinox 100 MG', '100 มก.', 'สอด 1 เม็ดเข้าช่องคลอดก่อนนอนครั้งเดียว', 'การใช้ยาปฏิชีวนะเพื่อรักษาการติดเชื้อแบคทีเรียและเชื้อทริโคโมแนสควรอยู่ภายใต้การดูแลและคำแนะนำจากแพทย์หรือผู้เชี่ยวชาญ ผู้ป่วยไม่ควรซื้อยามารับประทานเอง เพราะอาจมีผลข้างเคียงที่เป็นอันตรายได้ โดยเฉพาะเมื่อคุณกำลังตั้งครรภ์หรือใช้ต้องใช้ยาติดต่อกันเป็นระยะนานและขนาดยาที่แนะนำให้ใช้ตามวิธีการ', 'รักษาช่องคลอดอักเสบจากเชื้อราในสตรีหรือสตรีระหว่างตั้งครรภ์ระยะที่2และที่3เท่านั้นโดยเฉพาะเนื่องจากเชื้อแคนดิดา อาจใช้บรรเทาอาการจากการติดเชื้อไตรโคโมแนสได้เมื่อผู้ป่วยไม่สามารถใช้ยาอื่นได้', 31, 1, 3, 6, '0000-00-00', '0000-00-00', '69.00', 'รักษาช่องคลอดอักเสบจากเชื้อราในสตรี', NULL),
(161, 'Candinox 500 MG', '500 มก.', 'สอด 1 เม็ดเข้าช่องคลอดก่อนนอนครั้งเดียว', 'การใช้ยาปฏิชีวนะเพื่อรักษาการติดเชื้อแบคทีเรียและเชื้อทริโคโมแนสควรอยู่ภายใต้การดูแลและคำแนะนำจากแพทย์หรือผู้เชี่ยวชาญ ผู้ป่วยไม่ควรซื้อยามารับประทานเอง เพราะอาจมีผลข้างเคียงที่เป็นอันตรายได้ โดยเฉพาะเมื่อคุณกำลังตั้งครรภ์หรือใช้ต้องใช้ยาติดต่อกันเป็นระยะนานและขนาดยาที่แนะนำให้ใช้ตามวิธีการ', 'รักษาช่องคลอดอักเสบจากเชื้อราในสตรีหรือสตรีระหว่างตั้งครรภ์ระยะที่2และที่3เท่านั้นโดยเฉพาะเนื่องจากเชื้อแคนดิดา อาจใช้บรรเทาอาการจากการติดเชื้อไตรโคโมแนสได้เมื่อผู้ป่วยไม่สามารถใช้ยาอื่นได้', 31, 1, 3, 1, '0000-00-00', '0000-00-00', '85.00', 'รักษาช่องคลอดอักเสบจากเชื้อราในสตรี', NULL),
(162, 'Candix', '15 มล.', 'ทาบริเวณที่เป็นเชื้อรา วันละ 1-2 ครั้ง', 'ยาใช้ภายนอกห้ามรับประทาน', 'ใช้รักษาโรคผิวหนังที่เกิดจากเชื้อรา น้ำกัดเท้า เชื้อราที่เล็บ', 10, 6, 3, 1, '0000-00-00', '0000-00-00', '80.00', 'รักษาเชื้อรา, โรคน้ำกัดเท้า', NULL),
(163, 'Canesten Cream 10 G', '10 กรัม', 'ทายาบริเวณที่เป็นโรคบางๆ วันละ 2-3 ครั้ง', 'ยาใช้ภายนอกห้ามรับประทาน', 'รักษาโรคผิวหนังที่เกิดจากการติดเชื้อแคนดิดาบริเวณอวัยวะเพศหญิง และ อวัยวะเพศชายภายนอก โรคกลาก เกลื้อน โรคน้ำกัดเท้า หรือฮ่องกงฟุต', 10, 4, 3, 1, '0000-00-00', '0000-00-00', '99.99', 'รักษาโรคผิวหนังที่เกิดจากการติดเชื้อบริเวณอวัยวะเพศ,โรคกลาก, เกลื้อน,โรคน้ำกัดเท้า, ฮ่องกงฟุต', NULL),
(164, 'Canesten Cream 20 G', '20 กรัม', 'ทายาบริเวณที่เป็นโรคบางๆ วันละ 2-3 ครั้ง', 'ยาใช้ภายนอกห้ามรับประทาน', 'รักษาโรคผิวหนังที่เกิดจากการติดเชื้อแคนดิดาบริเวณอวัยวะเพศหญิง และ อวัยวะเพศชายภายนอก โรคกลาก เกลื้อน โรคน้ำกัดเท้า หรือฮ่องกงฟุต', 10, 4, 3, 1, '0000-00-00', '0000-00-00', '99.99', 'รักษาโรคผิวหนังที่เกิดจากการติดเชื้อบริเวณอวัยวะเพศ,โรคกลาก, เกลื้อน,โรคน้ำกัดเท้า, ฮ่องกงฟุต', NULL),
(165, 'Canesten O.D. Cream', '5 กรัม', 'ทา คาเนสเทน โอ.ดี. ครีม วันละ 1 ครั้ง ควรทาตอนเย็นก่อนเข้านอน', 'ยาใช้ภายนอกห้ามรับประทาน', 'รักษาโรคผิวหนังจากเชื้อ เดอร์มาโตไฟต์ ยีสต์ และเชื้อราอื่นเช่น กลากที่เท้า กลากที่มือ กลากที่ลำตัว กลากที่ขาหนีบ เกลื้อน และ โรคผิวหนังที่เกิดจากเชื้อแคนดิดา', 10, 4, 3, 1, '0000-00-00', '0000-00-00', '99.99', 'รักษาเชื้อราที่่ผิวหนัง, กลาก', NULL),
(166, 'Canesten VT', '500 มก.', 'ก่อนนอนให้สอดเม็ดยา 1เม็ด เพียงครั้งเดียวก็เพียงพอต่อการรักษา(บางรายอาจต้องสอดยาซ้ำ อีก1เม็ดหลังจากสอดเม็ดแรก 1สัปดาห์)', 'การใช้ยาปฏิชีวนะเพื่อรักษาการติดเชื้อแบคทีเรียและเชื้อทริโคโมแนสควรอยู่ภายใต้การ\r\nดูแลและคำแนะนำจากแพทย์หรือผู้เชี่ยวชาญ ผู้ป่วยไม่ควรซื้อยามารับประทานเอง เพราะอาจมีผล\r\nข้างเคียงที่เป็นอันตรายได้ โดยเฉพาะเมื่อคุณกำลังตั้งครรภ์หรือใช้ต้องใช้ยาติดต่อกันเป็นระยะนาน\r\nและขนาดยาที่แนะนำให้ใช้ตามวิธีการ', 'ใช้รักษา อาการคันในช่องคลอด ตกขาวมีกลิ่น เชื้อราในช่องคลอด', 31, 1, 3, 1, '0000-00-00', '0000-00-00', '99.99', 'รักษาช่องคลอดอักเสบจากเชื้อราในสตรีม, ตกขาว', NULL),
(167, 'Cardeloc', '100 มก.', 'ปรึกษาแพทย์หรือเภสัชกรในการรักษาอาการต่างๆขนาดยาไม่เท่ากัน', '-ห้ามใช้ยานี้ในผู้ที่มีประวัติเคยแพ้ยาหรือส่วนประกอบของยานี้ -ยานี้มีข้อห้ามใช้ที่ขึ้นอยู่กับสภาวะการทำงานของหัวใจหลายสภาวะ แพทย์จะเป็นผู้พิจารณาข้อห้ามใช้ -ระวังการใช้ยานี้ในหญิงตั้งครรภ์', '-ใช้รักษาโรคความดันโลหิตสูง -ใช้รักษาภาวะหัวใจล้มเหลว -แพทย์อาจใช้ยานี้ด้วยเหตุผลอื่นนอกเหนือจากที่ระบุไว้ หากสงสัยให้ปรึกษาแพทย์หรือเภสัชก', 7, 1, 2, 10, '0000-00-00', '0000-00-00', '99.00', 'รักษาความดันโลหิตสูง, หัวใจ', NULL),
(168, 'Cardoxa', '4 มก.', 'ปรึกษาแพทย์หรือเภสัชกรในการรักษาอาการต่างๆขนาดยาไม่เท่ากัน', '-ยานี้อาจส่งผลข้างเคียงต่อรูม่านตาในระหว่างการผ่าตัดต้อกระจก ผู้ที่ต้องรับการผ่าตัดต้อกระจกควรแจ้งให้แพทย์ที่ทำการผ่าตัดทราบล่วงหน้าหากกำลังใช้ยาดอกซาโซซิน และอย่าหยุดใช้ยานี้ก่อนรับการผ่าตัดเองโดยไม่ได้รับคำแนะนำจากแพทย์ -ไม่ควรใช้ยานี้ หากมีอาการแพ้ยาดอกซาโซซินหรือยาชนิดอื่นที่คล้ายกัน เช่น ยาอัลฟูโซซิน (Alfuzosin) พราโซซิน (Prazosin) แทมซูโลซิน (Tamsulosin) หรือทีราโซซิน (Terazosin) -แจ้งให้แพทย์ทราบเกี่ยวกับยารักษาโรคใด ๆ ที่กำลังใช้หรือเพิ่งหยุดใช้ไป โดยเฉพาะยารักษาความดันโลหิต ยาปฏิชีวนะ ยารักษาอาการซึมเศร้า ยารักษาโรคติดเชื้อเอชไอวีหรือโรคเอดส์ รวมถึงยาซิลเดนาฟิล (Sildenafil) และยารักษาโรคหย่อนสมรรถภาพทางเพศอื่น ๆ -ผู้ที่มีภาวะความดันโลหิตต่ำ ทางเดินอาหารตีบหรือตัน ท้องผูกอย่างรุนแรง หรือเป็นโรคตับควรแจ้งให้แพทย์ทราบก่อนใช้ยา -ดอกซาโซซินอาจทำให้มีอาการเวียนศีรษะหรือเป็นลมหมดสติ โดยเฉพาะเมื่อเริ่มรับประทานเป็นครั้งแรกหรือเมื่อกลับมาใช้อีกครั้ง ระหว่างใช้ยาควรระมัดระวังในการขับขี่หรือการทำกิจกรรมที่ต้องใช้สติ -ไม่ควรรับประทานยานี้ร่วมกับการดื่มแอลกอฮอล์ เพราะอาจทำให้เกิดผลข้างเคียงตามมา -หลีกเลี่ยงการยืนนาน ๆ การออกกำลังกายที่ทำให้ร้อนเกินไป หรือการอยู่ในสภาพอากาศร้อนระหว่างใช้ยา -ยานี้อาจทำให้รู้สึกวิงเวียนเมื่อตื่นนอน ระหว่างใช้ยาควรลุก นั่ง หรือนอนลงอย่างช้า ๆ ไม่เช่นนั้นอาจมีอาการวิงเวียนศีรษะได้ เมื่อเกิดอาการเวียนศีรษะให้นั่งหรือนอนลงก่อน หากไม่ดีขึ้นจึงไปพบแพทย์ -หญิงที่ตั้งครรภ์หรือกำลังวางแผนมีบุตรควรปรึกษาแพทย์ก่อนใช้ยา เพราะยังไม่มีข้อยืนยันว่ายานี้จะปลอดภัยต่อทารกในครรภ์ -หญิงที่ให้นมบุตรไม่ควรรับประทานยานี้ เพราะยังไม่ทราบว่าดอกซาโซซินจะสามารถไหลผ่านน้ำนมและเป็นอันตรายต่อทารกหรือไม่', 'รักษาภาวะความดันโลหิตสูง รักษาอาการปัสสาวะขัดจากภาวะต่อมลูกหมากโต', 7, 1, 2, 10, '0000-00-00', '0000-00-00', '99.00', 'รักษาความดันโลหิตสูง, ต่อมลูกหมากโต', NULL),
(169, 'Cariband Cohesive', '2.5CMx2M', 'ใช้พันทับวัสดุปิดแผล สามารถยึดเกาะตัวเองได้', '-ห้ามปิดทับแผลเปิด -หากมีอาการแพ้ หรืออักเสบติดเชื้อ ให้หยุดใช้และปรึกษาแพทย์', 'ผ้ายืดพันแผล', 32, 17, 3, 10, '0000-00-00', '0000-00-00', '99.99', 'ผ้าพันแผล', NULL),
(170, 'Carifix Stretch', '10CMx1M', 'ใช้ปิดทับและยืดวัสดุปิดแผล ใช้ยืดสายสวมปัสสาวะ สายน้ำเกลือ และสายระบาย ตัดแบ่ขนาดได้ตามต้องการ', '-', 'ผ้ายืดพันแผล', 32, 17, 3, 1, '0000-00-00', '0000-00-00', '65.00', 'ผ้าพันแผล', NULL),
(171, 'Carinose', '10 มก.', 'ผู้ใหญ่และเด็กอายุเกิน 12 ปี กิน 1 เม็ด วันละ 1 ครั้ง', '-ห้ามใช้ยานี้ในผู้ที่มีประวัติเคยแพ้ยาหรือส่วนประกอบของยานี้ -ระมัดระวังการใช้ยานี้ในเด็กอายุต่ำกว่า 2 ปี หญิงตั้งครรภ์ระยะสามเดือนแรกหรือให้นมบุตร และผู้ป่วยโรคตับ โรคไต และโรคหัวใจ -ไม่ควรใช้ยานี้ร่วมกับการดื่มแอลกอฮอล์', 'บรรเทาอาการแพ้ของระบบทางเดินหายใจ และทางผิวหนัง เนื่องจากโรคภูมิแพ้', 7, 2, 2, 10, '0000-00-00', '0000-00-00', '75.00', 'แก้แพ้, ภูมิแพ้', NULL),
(172, 'Carminative gpo 180 ML', '180 มล.', 'รับประทานวันละ 3-4 คร้ัง หรือเมื่อมีอาการ -ผู้ใหญ่ รับประทานคร้ังละ 1-2 ช้อนโต๊ะ -เด็ก 6-12 ปี รับประทานคร้ังละ ครึ่ง ช้อนโต๊ะ', '-ห้ามใช้ยานี้ในผู้ที่มีประวัติเคยแพ้ยาหรือส่วนประกอบของยานี้ -ยานี้มีแอลกอฮอล์ผสมอยู่ ควรใช้ด้วยความระมัดระวัง -ห้ามใช้ในสตรมีครรภ์ และสตรีให้นมบุตร -ห้ามใช้ในเด็กอายุต่ำกว่า 6 ปี -หลีกเลี่ยงการใช้ยานี้ต่อเนื่องเป็นระยะเวลานาน', 'ใช้บรรเทาอาการท้องอืด ท้องเฟ้อ และขับลมในกระเพาะอาหาร', 7, 6, 4, 1, '0000-00-00', '0000-00-00', '39.00', 'แก้ท้องอืด, ท้องเฟ้อ, ขับลมในกระเพาะอาหาร', NULL),
(173, 'Carminative gpo 450 ML', '450 มล.', 'รับประทานวันละ 3-4 คร้ัง หรือเมื่อมีอาการ -ผู้ใหญ่ รับประทานคร้ังละ 1-2 ช้อนโต๊ะ -เด็ก 6-12 ปี รับประทานคร้ังละ ครึ่ง ช้อนโต๊ะ', '-ห้ามใช้ยานี้ในผู้ที่มีประวัติเคยแพ้ยาหรือส่วนประกอบของยานี้ -ยานี้มีแอลกอฮอล์ผสมอยู่ ควรใช้ด้วยความระมัดระวัง -ห้ามใช้ในสตรมีครรภ์ และสตรีให้นมบุตร -ห้ามใช้ในเด็กอายุต่ำกว่า 6 ปี -หลีกเลี่ยงการใช้ยานี้ต่อเนื่องเป็นระยะเวลานาน', 'ใช้บรรเทาอาการท้องอืด ท้องเฟ้อ และขับลมในกระเพาะอาหาร', 7, 6, 4, 1, '0000-00-00', '0000-00-00', '70.00', 'แก้ท้องอืด, ท้องเฟ้อ, ขับลมในกระเพาะอาหาร', NULL),
(174, 'CB-400', '400 มก.', '-ผู้ใหญ่ และเด็กอายุ 2 ปีขึ้นไป รับประทานครั้งละ 400 มิลลิกรัม เพียงครั้งเดียว โดยเคี้ยว หรือทานพร้อมอาหาร -สำหรับพยาธิ Strongyloides รับประทานครั้งละ 400 มิลลิกรัม เป็นเวลา 3 วัน ติดต่อกัน', 'ห้ามใช้ในสตรีมีครรภ์', 'เป็นยาถ่ายพยาธิตัวกลม, พยาธิแส้ม้า, พยาธิเส้นด้าย, พยาธิปากขอ, พยาธิตัวตืด และพยาธิใบไม้ในตับ', 32, 1, 3, 1, '0000-00-00', '0000-00-00', '25.00', 'ยาถ่ายพยาธิ', NULL),
(175, 'CDR 15`S', '15 เม็ด', 'รับประทานวันละ 1 เม็ด ละลายเม็ดฟู่ ในน้ำธรรมดาหรือน้ำเย็น 1 แก้ว', '-', 'แคลเซียม บำรุงกระดูกแข็งแรง เป็นเม็ดฟู่ละลายน้ำดื่มง่าย ช่วยในการเจริญเติบโตของเด็กในวัยที่ต้องการเสริมแคลเซียม ให้ตัวสูง สตรีมีครรภ์ และกำลังให้นมบุตร สามารถทานได้ ผู้ป่วยในระยะพักฟื้นกระดูกหักต้องการเสริมแคลเซียมสามารถทานได้ดี ป้องกันการขาดแคลเซียม วิตามินดี วิตามินซี และวิตามินบี6ในโรคกระดูกเปราะ กระดูกหัก หรือผู้ที่กระดูกและฟันไม่แข็งแรง ไม่เจริญตามธรรมชาติ', 7, 1, 5, 15, '0000-00-00', '0000-00-00', '99.99', 'ผลิตภัณฑ์เสริมอาหาร', NULL),
(176, 'CDR Fortos', '10 เม็ด', 'รับประทานวันละ1 เม็ด หลังอาหาร โดยละลายน้ำเย็นแล้วจึงดื่มได้', '-', '1. วิตามินดีช่วยในการดูดซึมแคลเซียมและฟอสฟอรัส มีความสำคัญในการสร้างกระดูกและฟันและการเจริญเติบโตตามปกติของเด็ก2. วิตามินดีมีผลต่อการดูดซึมกลับของกรดอะมิโนที่ไต ถ้าขาดวิตามินดี กรดอะมิโนในปัสสาวะจะเพิ่มขึ้น ถ้าวิตามินดีเพียงพออัตราการดูดซึมกลับกรดอะมิโนจะปกติ และในปัสสาวะจะลดปริมาณลง3. ช่วยสังเคราะห์น้ำย่อยในmucous membrane ซึ่งเกี่ยวข้องกับการเคลื่อนย้าย แบบactive transport ของแคลเซียมให้ข้ามเซลล์ไปได้ง่าย4. ควบคุมปริมาณของแคลเซียมและฟอสฟอรัสในกระแสโลหิตไม่ให้ต่ำลงจนถึงขีด อันตราย เช่น แคลเซียมจะต้องอยู่ในเลือดประมาณ7 มิลลิกรัม/เดซิลิตร โดยวิตามิน ดีจะกระตุ้นการดูดแคลเซียมในลำไส้เพราะมิฉะนั้นแคลเซียมจะถูกขับออกจากร่าง กายไปหมด และวิตามิน ดี จะกระตุ้นการนำเอาฟอสฟอรัสมาใช้ โดยทำหน้าที่กระตุ้นตลอดเวลา5. เกี่ยวข้องกับการใช้ฟอสฟอรัสในร่างกาย6. ช่วยสังเคราะห์Mucopolysaccharide ซึ่งเป็นสารที่จำเป็นในการสร้าง คอลลาเจน7. เกี่ยวข้องกับการใช้คาร์โบไฮเดรต8. เกี่ยวข้องกับการใช้เกลือซิเตรทในร่างกาย9. หน้าที่โดยทางอ้อมก็คือ วิตามินดีจำเป็นในการทำงานของระบบประสาท การเต้นของหัวใจ การแข็งตัวของเลือด เพราะหน้าที่เหล่านี้จะสัมพันธ์กับการมีอยู่และการใช้แคลเซียมและฟอสฟอรัส ของร่างกาย', 7, 1, 5, 10, '0000-00-00', '0000-00-00', '99.99', 'ผลิตภัณฑ์เสริมอาหาร', NULL);
INSERT INTO `drug_information` (`id`, `name`, `size`, `use_medicine`, `contraindications`, `properties`, `drug_type_id`, `category_id`, `package_id`, `quantity`, `production_date`, `expiration_date`, `price`, `keyword`, `link_images`) VALUES
(177, 'Cee-1000', '1000 มก.', 'รับประทานวันละ 1 เม็ด พร้อมอาหารมื้อใดก็ได้', '-', 'ประโยชน์ วิตามินซี ช่วยบรรเทาความรุนแรง และระยะเวลาของการเป็นโรคหวัดหากรับประทานวิตามินซี 1,000 ถึง 6,000 มิลลิกรัมต่อวัน ตั้งแต่เริ่มมีอาการของโรคหวัด จะช่วยให้หายได้เร็วขึ้น - วิตามินซี ช่วยให้แผลหายได้เร็วขึ้น เนื่องจาก วิตามินซีช่วยให้ร่างกายซ่อมแซม และรักษาตัวเองโดยการไปเสริมสร้างผนังเซลล์ ทำให้เส้นเลือดฝอยแข็งแรง และต่อต้านอาการอักเสบจึงทำให้แผลหายได้เร็วขึ้น - รับประทาน วิตามินซี เป็นประจำทุกวันช่วยให้เหงือกมีสุขภาพแข็งแรง - เพิ่มความต้านทานต่อโรคหัวใจ โดยไปช่วยเพิ่มประสิทธิภาพในการควบคุมระดับคลอเรสเตอรอลในร่างกาย - ช่วยในการป้องกันโรคต้อกระจก - บรรเทาอาการแพ้ หอบหืด ไซนัส - ช่วยป้องกันอาการไมเกรน เมื่อรับประทานร่วมกับ pantothenic acid โดย วิตามินซี จะไปช่วยร่างกายในการต่อสู้กับความเครียดได้ดีขึ้น - ช่วยเรื่องความจำ โดยวิตามินซีจะไปช่วยรักษาสภาพของเซลล์ประสาท และจะได้ผลดียิ่งขึ้นหากรับประทานร่วมกับอาหารต้านอนุมูล อิสระชนิดอื่นๆ เช่น วิตามินอี แคโรทีน กิงโกะไบโลบ้า และโคเอนไซม์ Q10', 7, 1, 1, 100, '0000-00-00', '0000-00-00', '99.99', 'ผลิตภัณฑ์เสริมอาหาร', NULL),
(178, 'Cefuroxime', '250 มก.', ' วิธีใช้ยาต่อไปนี้เป็นข้อมูลทั่วไปไม่ใช่สำหรับผู้ใช้ยาเฉพาะราย โปรดปฏิบัติตามวิธีใช้ที่ระบุบนฉลากยาของท่าน -ยานี้อยู่ในรูปแบบยาเม็ดสำหรับรับประทาน โดยทั่วไปรับประทานวันละ 2 ครั้ง ทุก 12 ชั่วโมง ต่อเนื่องเป็นเวลา 7-10 วัน รับประทานยาก่อนหรือหลังอาหารก็ได้ ', '-หลีกเลี่ยงการใช้ยาหากมีประวัติแพ้ยาหรือส่วนประกอบของยานี้ ยาในกลุ่มเซฟาโลสปอริน และยาปฏิชีวนะชนิดอื่น ๆ เช่น เพนิซิลลิน เซฟลาคอร์ เซฟดิเนียร์ เซฟาเลซิน เป็นต้น -ปรึกษาแพทย์ก่อนใช้ยานี้หากอยู่ในระหว่างการรับวัคซีนวัณโรคที่ผลิตจากเชื้อที่มีชีวิต เพราะวัคซีนบางชนิดอาจทำปฏิกิริยากับยานี้ -ปรึกษาแพทย์ก่อนใช้ยานี้หากผู้ป่วยมีปัญหาเกี่ยวกับตับ ไต เป็นโรคเบาหวาน มีอาการชัก เคยมีการติดเชื้อหรือการอักเสบที่ลำไส้ในระหว่างหรือหลังจากใช้ยาปฏิชีวนะ -ผู้ที่มีพฤติกรรมการรับประทานอาหารที่ไม่เหมาะสมหรือมีภาวะขาดสารอาหาร ควรปรึกษาแพทย์ก่อนใช้ยา -ห้ามให้เด็กที่มีอายุต่ำกว่า 3 เดือนใช้ยานี้ -ยานี้อาจทำให้ยาคุมกำเนิดมีประสิทธิภาพลดลง หากต้องการคุมกำเนิด ควรใช้วิธีคุมกำเนิดอื่น ๆ ที่ไม่ใช้ฮอร์โมนร่วมด้วย เช่น การใส่ถุงยางอนามัย เป็นต้น -สตรีมีครรภ์หรือกำลังวางแผนตั้งครรภ์ ควรปรึกษาแพทย์ถึงข้อดีและข้อเสียของยาก่อนใช้ยานี้ -แจ้งให้แพทย์ทราบก่อนใช้ยาหากกำลังให้นมบุตรหรือวางแผนจะให้นมบุตร เนื่องจากยานี้อาจซึมผ่านน้ำนมและก่อให้เกิดอันตรายต่อทารกได้', '-รักษาโรคที่เกิดจากการติดเชื้อแบคทีเรีย เช่น หลอดลมอักเสบ โรคหนองใน โรค Lyme โรคติดเชื้อที่หู ลำคอ ไซนัส ผิวหนังและระบบทางเดินปัสสาวะ -ยานี้อาจใช้เพื่อรักษาโรคหรืออาการอื่นๆได้ หากมีข้อสงสัยควรสอบถามแพทย์หรือเภสัชกร', 7, 1, 2, 10, '0000-00-00', '0000-00-00', '99.00', 'รักษาการติดเชื้อแบคทีเรีย,โรคหนองใน, โรค Lyme ,โรคติดเชื้อที่หู,ลำคอ, ไซนัส, ผิวหนัง, ระบบทางเดินปัสสาวะ', NULL),
(179, 'Cellufresh MD 15 ML', '15 มล.', 'หยอดตาครั้งละ 1-2 หยด ตามต้องการ', '-น้ำตาเทียมจะมีอายุการใช้งานสูงสุด ไม่เกิน 30 วัน นับวันแรกที่เปิดใช้งาน -ห้ามใช้ยาที่หมดอายุหรือเสื่อมสภาพแล้ว  -ห้ามใช้น้ำตาเทียมร่วมกับผู้อื่น เพื่อป้องกันการติดเชื้อ', '-ช่วยให้ตาชุ่มชื้น หล่อลื่นลูกตา ในผู้ที่มีอาการตาแห้ง (Dry eye) มีน้ำตาน้อย -ใช้บรรเทาอาการระคายเคืองดวงตาอันเนื่องมาจากฝุ่น ลม แสง และควันบุหรี่ -ช่วยบรรเทาอาการแผลที่กระจกตา (กระจกตาอักเสบ)', 13, 6, 3, 1, '0000-00-00', '0000-00-00', '99.99', 'บรรเทาหรือป้องกันอาการระคายเคืองตา', NULL),
(180, 'Cellufresh MD 3 ML', '3 มล.', 'หยอดตาครั้งละ 1-2 หยด ตามต้องการ', '-น้ำตาเทียมจะมีอายุการใช้งานสูงสุด ไม่เกิน 30 วัน นับวันแรกที่เปิดใช้งาน -ห้ามใช้ยาที่หมดอายุหรือเสื่อมสภาพแล้ว  -ห้ามใช้น้ำตาเทียมร่วมกับผู้อื่น เพื่อป้องกันการติดเชื้อ', '-ช่วยให้ตาชุ่มชื้น หล่อลื่นลูกตา ในผู้ที่มีอาการตาแห้ง (Dry eye) มีน้ำตาน้อย -ใช้บรรเทาอาการระคายเคืองดวงตาอันเนื่องมาจากฝุ่น ลม แสง และควันบุหรี่ -ช่วยบรรเทาอาการแผลที่กระจกตา (กระจกตาอักเสบ)', 34, 6, 3, 1, '0000-00-00', '0000-00-00', '90.00', 'บรรเทาหรือป้องกันอาการระคายเคืองตา', NULL),
(181, 'Cemol', '500 มก.', 'รับประทานทุก 4-6 ชั่วโมง เมื่อมีอาการ ไม่ควรรับประทานเกินวันละ 4 ครั้ง ผู้ใหญ่ รับประทานครั้งละ 1-2 เม็ด เด็ก 6-12 รับประทานครั้งละ 1/2 - 1 เม็ด', '-หากมีภาวะการทำงานของตับผิดปกติ ต้องปรึกษาแพทย์ก่อนใช้ยาเสมอ -ห้ามใช้ยากับคนที่แพ้ยาพาราเซตามอลเด็ดขาด อาการแพ้ยา ได้แก่ ผื่นขึ้น แน่นหน้าอก หายใจไม่ออก -ห้ามใช้ยาหมดอายุ', 'บรรเทาอาการปวด ลดไข้', 7, 1, 1, 100, '0000-00-00', '0000-00-00', '60.00', 'แก้ปวด, ลดไข้', NULL),
(182, 'Centracap plus (5x6`s) THP', 'undefined', 'รับประทานวันละ 1-2 แคปซูล พร้อมมื้ออาหารทุกวัน หรือตามคำแนะนำ\r\nของแพทย์', ' -ควรรับประทานอาหารหลากหลายครบ 5 หมู่ในสัดส่วนที่เหมาะสม\r\nเป็นประจำ', '-เหมาะสำหรับผู้ที่มีอายุ 50 ปีขึ้นไป -มีวิตามินและเกลือแร่รวมถึง 23 ชนิด ปรับสูตรเพิ่มเบต้า -แคโรทีน ลูทีน และไลโคปีน เพื่อเข้าไปช่วยดูแลสุขภาพผู้สูงอายุ -ช่วยในการสร้างพลังงาน เสริมสร้างภูมิคุ้มกัน -ลูทีน มีส่วนช่วยซับแสง (Blue Light) ที่มีอยู่ในอุปกรณ์ที่\r\nมีหน้าจอทั้งหลาย โทรทัศน์ โทรศัพท์  ช่วยปกป้องจอรับ\r\nภาพตา และเลนส์ตาจากอันตรายของแสงสีฟ้า -ไลโคปีน มีส่วนช่วยลดคอลเลสเตอรอล ชนิด LDL ลด\r\nความเสี่ยงการเกิดโรคหลอดเลือดหัวใจ มะเร็งต่อมลูกหมาก\r\nและช่วยบำรุงผิวพรรณด้วยฤทธิ์ที่เป็นแอนตี้ออกซิแดนซ์\r\n', 7, 3, 3, 30, '0000-00-00', '0000-00-00', NULL, 'ผลิตภัณฑ์เสริมอาหาร', NULL),
(183, 'Centrum silver 50+90s', 'undefined', 'รับประทานวันละ 1 เม็ด พร้อมมื้ออาหาร', '-เด็กและสตรีมีครรภ์ไม่ควรรับประทาน -อ่านคำเตือนในฉลากก่อนบริโภค ไม่มีผลในการป้องกันหรือรักษาโรค -ควรรับประทานอาหารหลากหลายครบ 5 หมู่ในสัดส่วนที่เหมาะสม\r\nเป็นประจำ', 'มีวิตามิน A-Zinc และเกลือแร่ถึง 23 ชนิด ที่ปรับสูตรเพื่อวัย 50 \r\nขึ้นไปโดยเฉพาะ ลูทีนช่วยลดความเสี่ยงของการเกิดโรค\r\nจอประสาทตาเสื่อม หรือ โรคต้อกระจก ไลโคปีน บำรุงหัวใจ', 7, 1, 4, 90, '0000-00-00', '0000-00-00', NULL, 'ผลิตภัณฑ์เสริมอาหาร', NULL),
(184, 'Cepacol honey&lemon 8`s', 'undefined', 'ผู้ใหญ่และเด็กอายุ 6 ปีขึ้นไป อมครั้งละ 1 เม็ด ให้ละลายช้าๆ ในปากทุก 2-3\r\nชั่วโมง ', '-หากใช้ติดต่อกัน 2 วันแล้วอาการไม่ดี ขึ้นควรปรึกษาแพทย์หรือเภสัชกร -หญิงมีครรภ์และหญิงให้นมบุตร ควรปรึกษาแพทย์หรือเภสัชกรก่อนใช้ยา -ไม่ควรใช้ในเด็กอายุต่ำกว่า 6  ปี', 'อมฆ่าเชื้อแบคทีเรีย ลดอาการระคายเคืองในลำคอ ลดการอักเสบ \r\nและติดเชื้อในช่องปาก', 35, 1, 2, 8, '0000-00-00', '0000-00-00', NULL, 'บรรเทาอาการเจ็บคอ', NULL),
(185, 'Cepacol orange รสส้ม 8`s', 'undefined', 'ผู้ใหญ่และเด็กอายุ 6 ปีขึ้นไป อมครั้งละ 1 เม็ด ให้ละลายช้าๆ ในปากทุก 2-3\r\nชั่วโมง ', '-หากใช้ติดต่อกัน 2 วันแล้วอาการไม่ดี ขึ้นควรปรึกษาแพทย์หรือเภสัชกร -หญิงมีครรภ์และหญิงให้นมบุตร ควรปรึกษาแพทย์หรือเภสัชกรก่อนใช้ยา -ไม่ควรใช้ในเด็กอายุต่ำกว่า 6  ปี', 'อมฆ่าเชื้อแบคทีเรีย ลดอาการระคายเคืองในลำคอ ลดการอักเสบ \r\nและติดเชื้อในช่องปาก', 35, 1, 2, 8, '0000-00-00', '0000-00-00', NULL, 'บรรเทาอาการเจ็บคอ', NULL),
(186, 'Cephadol 25 mg 10`s', '25 มก.', 'รับประทานครั้งละ 1 เม็ด วันละ 3 ครั้ง ', '-ผู้ป่วยโรคตับ ไต ผู้ป่วยต่อมลูกหมากโต หรือผู้ป่วยโรคต้อหิน \r\nควรระมัดระวังการใช้ยานี้', 'สำหรับอาการวิงเวียน เนื่องจากความผิดปกติของช่องหูส่วนใน \r\nการผ่าตัดช่องหูส่วนในและ Meniere’s Sundrome ป้องกันและ\r\nรักษาอาการคลื่นไส้และอาเจียนภายหลังการผ่าตัด', 7, 1, 2, 10, '0000-00-00', '0000-00-00', NULL, 'ยาแก้วิงเวียนศีรษะ', NULL),
(187, 'Cerave facial moisturizing lotion 52ml', '52 มล.', 'ใช้บำรุงผิวหน้าโดยทาผลิตภัณฑ์ให้ทั่วบริเวณใบหน้าและลำคอเป็นประจำทุกวัน\r\n หรือตามคำแนะนำของผู้เชี่ยวชาญ', NULL, 'ช่วยฟื้นบำรุงปราการปกป้องผิวแข็งแรง ให้ความชุ่มชื้นแก่ผิว \r\nสามารถใช้ควบคู่กับยารักษาสิวได้', 10, 4, 3, 1, '0000-00-00', '0000-00-00', NULL, 'ให้ความชุ่มชื้นผิวหนัง', NULL),
(188, 'Cerazette 28`s', '0.075 มก.', 'ทานครั้งละ 1 เม็ด ในเวลาเดียวกันทุกๆวัน เมื่อรับประทานจนครบ 28 เม็ด \r\nพอหมดแล้ววันใหม่กินแผงต่อไปทันที', '-หญิงตั้งครรภ์ห้ามใช้ยาคุมชนิดนี้ เนื่องจากเป็นยาคุมชนิดฮอร์โมนเดี่ยว \r\nมีการศึกษาที่รายงานว่ายาคุมกำเนิดอาจเพิ่มความเสี่ยงทำให้เกิดความ\r\nผิดปกติของทารกในครรภ์ -ผู้ที่เป็นมะเร็งเต้านมห้ามใช้ยานี้ เนื่องจากยาคุมกำเนิดอาจส่งเสริม\r\nการโตของเนื้อร้ายเหล่านี้ได้ -ผู้ที่มีเลือดออกทางช่องคลอดผิดปกติโดยไม่ทราบสาเหตุห้ามใช้ยานี้ \r\nเนื่องจากสาเหตุของเลือดออกผิดปกติอาจมาจากปัญหาอื่นๆ ทางระบบ\r\nสืบพันธุ์ ที่ไม่ได้เกิดจากความผิดปกติของฮอร์โมน -ผู้ที่มีเนื้องอกที่ตับ ตับแข็ง ตับวายเฉียบพลัน ห้ามใช้ยานี้ เนื่องจากยา\r\nถูกกำจัดที่ตับ ถ้าตับมีความผิดปกติอาจทำให้ยาสะสมในร่างกาย\r\nรวมถึงยาคุมกำเนิดอาจทำให้เกิดตับอักเสบได้\r\n', 'คุมกำเนิด', 7, 1, 3, 28, '0000-00-00', '0000-00-00', NULL, 'ยาคุมกำเนิด', NULL),
(189, 'Cesoline w 25 mg 10`s', '25 มก.', '-ควรรับประทานยานี้พร้อมอาหาร -ปริมาณและระยะเวลาในการใช้ยาขึ้นอยู่กับดุลยพินิจของแพทย์ผู้รักษา', '-ห้ามใช้กับผู้ที่แพ้ยานี้ -ห้ามใช้ยานี้กับผู้ที่มีภาวะหัวใจเต้นเร็วอย่างรุนแรง ผู้ป่วยภาวะหัวใจ\r\nล้มเหลวชนิดที่หัวใจมีการสูบฉีดเลือดออกมาเป็นปริมาณมากๆ ผู้ป่วยด้วย\r\nโรคหัวใจ โรคหลอดเลือดหัวใจ รวมถึงผู้ป่วยที่เพิ่งมีภาวะหัวใจล้มเหลว -ระวังการใช้ยานี้กับผู้ที่มีอาการเลือดไปเลี้ยงหัวใจไม่เพียงพอ\r\n(ภาวะหัวใจขาดเลือด) ผู้ป่วยโรคตับ โรคไต -ระหว่างการเกิดความดันโลหิตต่ำเมื่อใช้ยานี้ -ควรตรวจเลือดตามคำแนะนำของแพทย์เมื่อมีการใช้ยานี้เพื่อตรวจโรคซีด -ระวังการใช้ยานี้กับสตรีตั้งครรภ์และสตรีที่อยู่ในภาวะให้นมบุตร -ห้ามแบ่งผู้อื่นใช้ -ห้ามใช้ยาหมดอายุ -ห้ามเก็บยาหมดอายุ', 'รักษาโรคความดันโลหิตสูง และภาวะหัวใจวาย', 7, 1, 2, 10, '0000-00-00', '0000-00-00', NULL, 'รักษาความดันโลหิตสูง, หัวใจ', NULL),
(190, 'Cetaphil Baby Lotion', '400 มล.', 'บีบลงมือและถูเบาๆที่ฝ่ามือทั้ง 2 ข้างแล้วทาที่หน้าและตัวเด็ก ถ้าเข้าตาให้ใช้น้ำล้างออก', 'ห้ามรับประทาน', 'ช่วยคงความชุ่มชื้นตามธรรมชาติให้กับผิว, ช่วยในการสร้างเกราะป้องกันผิวที่แข็งแรง จึงป้องกันสิ่งแปลกปลอมจากภายนอกที่จะทำร้ายผิว', 10, 13, 4, 400, '0000-00-00', '0000-00-00', NULL, 'ให้ความชุ่มชื้นของผิวหนัง', NULL),
(191, 'Cetizal', '5 มก.', ' รับประทานยานี้ก่อนหรือหลังมื้ออาหารก็ได้ แต่ควรรับประทานยาในช่วงเวลาเดียวกันทุกวัน อาจต้องรับประทานยาหลายวันก่อนที่อาการจะดีขึ้น\r\n -เด็กอายุ 6 ปีขึ้นไป และผู้ใหญ่ รับประทานครั้งละ 2 ช้อนชา หรือ 1 เม็ด วันละครั้ง', '-ในผู้ป่วยบางรายยานี้อาจทำให้มีอาการง่วงซึมได้ ควรหลีกเลี่ยงการขับรถหรือการทำงานกับเครื่องจักรกลหลังจากรับประทานยา -หยุดใช้ยานี้หากอาการผื่นลมพิษไม่ดีขึ้นภายใน 3 วันหลังจากเริ่มใช้ยาหรือในกรณีที่ผื่นลมพิษมีอาการยาวนานมากกว่า 6 สัปดาห์ และควรปรึกษาแพทย์ถึงสาเหตุของผื่นดังกล่าว', 'มีคุณสมบัติในการรักษาอาการแพ้ต่าง ๆ เช่น น้ำมูกไหล เคืองตา คันจมูก คันคอ จาม มีผื่นขึ้น บรรเทาอาการบวมและคัน ซึ่งเกิดจากลมพิษ ภูมิแพ้อากาศ โรคหืด และโรคผื่นภูมิแพ้ผิวหนัง', 7, 2, 3, 10, '0000-00-00', '0000-00-00', NULL, 'แก้แพ้, ภูมิแพ้', NULL),
(192, 'Cetrizin Syrup', '60 มล.', ' รับประทานยานี้ก่อนหรือหลังมื้ออาหารก็ได้ แต่ควรรับประทานยาในช่วงเวลาเดียวกันทุกวัน อาจต้องรับประทานยาหลายวันก่อนที่อาการจะดีขึ้น\r\n -เด็กอายุ 6 ปีขึ้นไป และผู้ใหญ่ รับประทานครั้งละ 2 ช้อนชา หรือ 1 เม็ด วันละครั้ง', '-ในผู้ป่วยบางรายยานี้อาจทำให้มีอาการง่วงซึมได้ ควรหลีกเลี่ยงการขับรถหรือการทำงานกับเครื่องจักรกลหลังจากรับประทานยา -หยุดใช้ยานี้หากอาการผื่นลมพิษไม่ดีขึ้นภายใน 3 วันหลังจากเริ่มใช้ยาหรือในกรณีที่ผื่นลมพิษมีอาการยาวนานมากกว่า 6 สัปดาห์ และควรปรึกษาแพทย์ถึงสาเหตุของผื่นดังกล่าว', 'ยานี้ใช้เพื่อบรรเทาอาการต่าง ๆ จากการแพ้ เช่น น้้ามูกไหล ตาแดง คันตา คันจมูก คันคอ จาม ในโรค เยื่อจมูกอักเสบหรือไข้ละอองฟาง ใช้เพื่อบรรเทาทางผิวหนัง เช่น คัน ผื่นลมพิษ', 7, 6, 3, 1, '0000-00-00', '0000-00-00', NULL, 'แก้แพ้, ภูมิแพ้', NULL),
(193, 'Cettec', '10 มก.', '-เด็กมากกว่า 6 ปี รับประทานครั้งละ 2 ช้อนชา วันละครั้ง เด็ก 2-6 ปี ครั้งละ 1 หรือ 1/2 ช้อนชา วันละ 1-2 ครั้ง', 'ไม่ควรใช้กับหญิงมีครรภ์ และระวังในผู้ป่วยโรคตับ หรือโรคไต ', 'ยานี้ใช้เพื่อบรรเทาอาการต่าง ๆ จากการแพ้ เช่น น้้ามูกไหล ตาแดง คันตา คันจมูก คันคอ จาม ในโรค เยื่อจมูกอักเสบหรือไข้ละอองฟาง ใช้เพื่อบรรเทาทางผิวหนัง เช่น คัน ผื่นลมพิษ', 7, 6, 3, 1, '0000-00-00', '0000-00-00', NULL, 'แก้แพ้, ภูมิแพ้', NULL),
(194, 'Chamo-lico mouth spray', '20 มล.', 'ฉีดสเปรย์ภายในช่องปาก และลำคอ 2-3 ครั้ง หรือบ่อยเท่าที่ต้องการ', 'ผู้ที่แพ้เกสรดอกไม้ หรือผลิตภัณฑ์จากรังผึ้ง ควรปรึกษาแพทย์ก่อนใช้', 'สเปรย์พ่นคอบรรเทาอาการเจ็บคอ ไอ ด้านการอักเสบช่วยให้\r\nชุ่มคอและละลายเสมหะ มีสารสกัดจากธรรมชาติ ได้แก่ คาโมมายล์\r\nที่มีฤทธิ์ต้านการอักเสบและช่วยต้านแบคทีเรีย ชะเอมเทศทำให้\r\nชุ่มคอ แก้คอแห้ง ไอ น้ำลายเหนียว ขับเสมหะ และยังมีสารสกัดจาก\r\nเปปเปอร์มิ้นท์ ช่วยลดอาการไอ เจ็บคอ หลอดลมอักเสบ \r\nChamo-lico mouth spray ไม่มีส่วนผสมของน้ำตาล', 36, 6, 3, 1, '0000-00-00', '0000-00-00', NULL, 'บรรเทาอาการเจ็บคอ', NULL),
(195, 'Check+one midstream', '1 ชุด', '-ฉีกซองอลูมิเนียมฟรอยด์ แล้วนำชุดทดสอบออกจากซองวางบนพื้นราบ -ดึงปลอกพลาสติกออก -ปล่อยให้ปัสสาวะผ่านจุดที่กำหนดให้ -วางชุดทดสอบไว้ประมาณ 1 นาที จึงอ่านผลทดสอบจากช่องอ่านผล - ขึ้นขีด 2 ขีดทั้งที่ตัว C และ T >> ตั้งครรภ์ - ขึ้นขีด 1 ขีดเฉพาะที่ตัว       C >>', 'ชุดทดสอบนี้มีอายุการใช้งานถึงวันหมดอายุที่ปรากฎบนซองฟอยล์ \r\nห้ามใช้ชุดทดสอบที่หมดอายุ', '-ชุดตรวจสอบการตั้งครรภ์แบบปากกาชนิดปัสสาวะผ่าน  -Check One Test เป็นชุดทดสอบการตั้งครรภ์อาศัยหลักการตรวจหาฮอร์โมน \r\nhuman Chorionic Gonadotropin (hCG) ซึ่งสามารถตรวจ\r\nพบได้หลังจากประจำเดือนขาดหายไป 1 วัน ถึงแม้ปริมาณฮอร์โมน\r\nเพียง 20 mlU/ml และอ่านผลการทดสอบได้ภายใน 1-5 นาที', 37, 9, 3, 1, '0000-00-00', '0000-00-00', NULL, 'ชุดตรวจสอบการตั้งครรภ์', NULL),
(196, 'Chinta lax 25x10`s', '20 มก.', 'การรับประทานยามีขนาดแตกต่างกันขึ้นอยู่กับ ลักษณะอาการป่วย เพศ อายุ \r\nดังนั้นเพื่อความถูกต้องและเหมาะสม ควรให้แพทย์เป็นผู้พิจารณาสั่งจ่ายขนาด\r\nรับประทานในผู้ป่วยแต่ละคน ', '-ห้ามใช้ยาในสตรีมีครรภ์ เพราะอาจส่งผลเสียต่อทารกในครรภ์ -ห้ามใช้ยากับผู้ป่วยที่เผ็นโรคทางเดินอาหารอักเสบ', 'เป็นยาระบายที่มีสารช่วยทำให้อุจจาระอ่อนตัว ช่วยให้ขับถ่ายได้สะดวกสำหรับ\r\nผู้ที่ท้องผูกจนเป็นนิสัยหรือในรายที่เป็นโรคริดสีดวง', 7, 1, 2, 10, '0000-00-00', '0000-00-00', NULL, 'ยาระบาย', NULL),
(197, 'Chitosan 500mg 30`s', '500 มก.', 'ทาน 1 แคปซูลก่อนมื้ออาหารใดก็ได้ที่ต้องการ', 'หญิงมีครรภ์ควรระมัดระวังในการใช้ผลิตภัณฑ์เสริมอาหารนี้', '-อาหารเสริมไคโตซานจากธรรมชาติ ช่วยดักจับไขมัน ควบคุมระดับคลอเรสเตอรอล -ไคโตซานชนิดพิเศษที่มาจากสารสกัดจากธรรมชาติ ช่วยดักจับไขมันในทางเดิน\r\nอาหาร ทำให้ไขมันไม่สามารถดูดซึมเข้าสู่กระแสเลือดได้ พร้อมขับไขมันออกมา\r\nพร้อมกับอุจจาระ - ช่วยควบคุมระดับคลอเรสเตอรอลและไขมันในเส้นเลือด - เหมาะสำหรับผู้ที่ต้องการควบคุมวิธีรับประทาน', 7, 3, 4, 30, '0000-00-00', '0000-00-00', NULL, 'ผลิตภัณฑ์เสริมอาหาร', NULL),
(198, 'Chlor oph E/O ป้ายตา 5g', '5 กรัม', 'วันละ 3-4 ครั้ง หรือ ทุก ๆ 3 ชั่วโมง ขึ้นอยู่กับคำแนะนำของแพทย์', '-ยาใช้เฉพาะที่ -ยาใช้ภายนอกห้ามรับประทาน -ห้ามใช้กับผู้ที่แพ้ยานี้ -ยานี้อาจทำให้เกิดอันตรายถึงตายได้ ให้ตามที่แพทย์สั่งอย่างเคร่งครัด', 'รักษาการติดเชื้อแบคทีเรียแบบเฉียบพลันที่ตา เช่น การติดเชื้อที่เยื่อตา(เยื่อตาอักเสบ)\r\nเป็นตาแดง บำบัดอาการระคายเคืองและภาวะมีน้ำตา-ขี้ตามากอันมีสาเหตุจากการ\r\nอักเสบติดเชื้อ', 38, 4, 3, 1, '0000-00-00', '0000-00-00', NULL, 'รักษาการติดเชื้อแบคทีเรียแบบ\r\nฉับพลันที่ตา', NULL),
(199, 'Chloram ointment 1% 15g', '15 กรัม', 'undefined', ' -ยาใช้ภายนอกห้ามรับประทาน -ห้ามใช้กับผู้ที่แพ้ยานี้\r\n', 'เป็นขี้ผึ้งแอนตี้ไบโอติกสำหรับทาภายนอก รักษาแผลและโรคผิวหนังติดเชื้อแบคทีเรีย\r\n', 10, 4, 3, 1, '0000-00-00', '0000-00-00', NULL, 'ฆ่าเชื้อแบคทีเรีย, สมานแผลที่ผิวหนัง ', NULL),
(200, 'Chlovas-40 3x10`s millimed', '40 มก.', 'ควรใช้ยาตามคำแนะนำของแพทย์หรือเภสัชกรเท่านั้น เนื่องจากขนาดและระยะ \r\nเวลาในการใช้ยานี้ขึ้นกับชนิดและความรุนแรงของโรค\r\nวิธีใช้ยา กินยานี้วันละครั้ง เวลาใดก็ได้ โดยให้เป็นเวลาใกล้เคียงกันอย่างสม่ำเสมอ\r\nกินก่อนหรือหลังอาหารก็ได้', '-ห้ามใช้ยานี้ในผู้ที่มีประวัติเคยแพ้ยาหรือส่วนประกอบของยานี้ -ห้ามใช้ยานี้ในผู้ป่วยที่กำลังมีการทำงานของตับผิดปกติ หรือมีระดับ\r\nเอนไซม์ตับสูงกว่าค่าปกติ -ห้ามใช้ยานี้เมื่อตั้งครรภ์หรือวางแผนจะตั้งครรภ์ หญิงให้นมบุตร \r\nเพราะอาจทำให้เกิดอันตรายต่อทารก  -ยานี้มีอันตรกิริยากับยาชนิดอื่น ควรปรึกษาแพทย์หรือเภสัชกร', 'เพื่อลดระดับคอเลสเตอรอล แอลดีแอล (LDL) และไตรกลีเซอไรด์ในเลือด ช่วยเพิ่ม\r\nไขมันดี เอชดีแอล (LDL) ได้บ้าง เพื่อป้องกันโรคหลอดเลือดหัวใจและสมอง ในคนที่\r\nมีความเสี่ยงสูง หรือใช้ป้องกันการกลับเป็นซ้ำของผู้ที่เคยเป็นโรคหลอดเลือดหัวใจ\r\nและสมอง', 7, 1, 2, 30, '0000-00-00', '0000-00-00', NULL, 'ลดไขมันในเลือด', NULL),
(201, 'Chronol 25x4`s', '500 มก.', 'รับประทานวันละ ½ - 1 เม็ดต่อวัน ผู้ป่วยต้องหยุดดื่มสุราแล้วอย่างน้อย 24-48 \r\nชั่วโมง เพื่อให้แอลกอฮอล์หมดไปจากร่างกาย และควรหลีกเลี่ยงอาหารหรือ\r\nเครื่องดื่มทุกประเภทที่มีแอลกอฮอล์เป็นส่วนผสม ระยะเวลาที่รับประทาน\r\nประมาณ 6-12 เดือนในช่วงที่กำลังเลิกสุราอย่', '-ผู้ป่วยต้องหยุดดื่มสุราแล้วอย่างน้อย 24-48 ชั่วโมง เพื่อให้แอลกอฮอล์\r\nหมดไปจากร่างกาย -ห้ามให้ยาผู้ป่วยทานโดยไม่รู้ตัว ผู้ป่วยอาจเป็นอันตรายถึงขั้นเสียชีวิตจาก\r\nปฏิกิริยาของยากับแอลกอฮอล์ที่รุนแรง -หากต้องการใช้ยาตัวนี้ควรปรึกษาแพทย์และควรตรวจเลือดเพื่อติดตาม\r\nการทำงานของตับและเม็ดเลือดทุก 6 เดือน', 'ยาเบื่อเหล้า', 7, 1, 2, 4, '0000-00-00', '0000-00-00', NULL, 'ยาเบื่อเหล้า', NULL),
(202, 'Ciproxin 500 mg 10x10`s', '500 มก.', 'ปริมาณการใช้ยา Ciprofloxacin จะแตกต่างกันไปในผู้ป่วยแต่ละคน ขึ้นอยู่กับอายุของผู้ป่วย จุดประสงค์ของการรักษาและดุลยพินิจของแพทย์ผู้รักษา ', '-ควรแจ้งประวัติการแพ้ยา โดยเฉพาะยาปฏิชีวนะในกลุ่มควิโนโลนตัวอื่น \r\nเช่น นอร์ฟล็อกซาซิน (Norfloxacin) ลีโวฟลอกซาซิน (Levofloxacin) \r\nออฟลอกซาซิน (Ofloxacin) และประวัติอาการแพ้อื่น ๆ แก่แพทย์ก่อนการ\r\nใช้ยา เพราะส่วนผสมบางตัวในยาอาจทำให้ผู้ป่วยมีอาการแพ้ได้ -ผู้ที่มีโรคประจำตัวควรแจ้งแพทย์ให้ทราบก่อนการใช้ยา โดยเฉพาะผู้ที่\r\nเป็นโรคเกี่ยวกับหัวใจ มีความผิดปกติของคลื่นไฟฟ้าหัวใจ \r\n(Prolong QT Interval) มีปัญหาของข้อต่อและเส้นเอ็น โรคไต โรคตับ \r\nโรคกล้ามเนื้ออ่อนแรง โรคชักหรือสภาวะที่อาจนำไปสู่อาการชัก เพราะยา \r\nCiprofloxacin อาจทำให้โรคประจำตัวเดิมกำเริบมากขึ้น หรือเพิ่มความ\r\nเสี่ยงในการเกิดโรคได้ -หญิงมีครรภ์ กำลังวางแผนจะมีบุตร หรืออยู่ในช่วงให้นมบุตร ไม่ควร\r\nรับประทานยานี้ เพราะตัวยาอาจส่งผ่านไปสู่ทารกได้ -เด็กอายุต่ำกว่า 18 ปี ไม่ควรรับประทานยานี้ ยกเว้นหากมีข้อบ่งชี้การ\r\nใช้ยาที่จำเป็น เนื่องจากมีความเสี่ยงในการเกิดผลข้างเคียงจากยาสูง -การใช้ยา Ciprofloxacin ในเด็ก ต้องปรึกษาแพทย์และระมัดระวังในการ\r\nใช้ยาเป็นพิเศษ เพราะมีความเสี่ยงในการเกิดผลข้างเคียงสูง \r\nโดยเฉพาะความผิดปกติของกระดูกและเส้นเอ็น -ผู้ที่รับประทานยาต้านการแข็งตัวของเลือด และต้องตรวจเลือดดูค่า\r\nโปรทรอมบิน ไทม์ (Prothrombin Time: PT) หรือค่า INR\r\n (International Narmalized Ratio) รวมไปถึงผู้ที่มีภาวะโพแทสเซียม\r\nในเลือดต่ำ ควรปรึกษาแพทย์ในเบื้องต้นก่อนการรับประทานยา \r\nCiprofloxacin -หลีกเลี่ยงการขับรถ ทำงานเกี่ยวกับเครื่องจักร หรือทำกิจกรรมใด ๆ \r\nที่ต้องใช้ความระมัดระวัง เนื่องจากยานี้อาจทำให้วิงเวียน ง่วงนอน และอาจ\r\nส่งผลให้เกิดอุบัติเหตุได้ -ไม่ควรรับประทานยา Ciprofloxacin ในช่วงที่ต้องรับประทานยา\r\nทิซานิดีน (Tizanidine) ซึ่งเป็นยาที่ใช้รักษาอาการหดเกร็งของกล้ามเนื้อ -การใช้ยา Ciprofloxacin ควรให้แพทย์เป็นผู้สั่งจ่ายและแนะนำการใช้ยาที่\r\nเหมาะสม ไม่ควรซื้อยาใช้เอง เพราะอาจทำให้เกิดผลข้างเคียงจากการใช้ยา\r\nหรือดื้อยา นอกจากนั้น การใช้ยาโดยไม่จำเป็นหรือใช้ยาเกินขนาดอาจไป\r\nลดประสิทธิภาพของฤทธิ์ยาได้', 'รักษาโรคติดเชื้อที่มีสาเหตุจากเชื้อที่ไวต่อยา Ciprofloxacin ได้แก่ การติดเชื้อทางเดิน\r\nหายใจส่วนล่าง ไซนัสอักเสบ การติดเชื้อที่ระบบสืบพันธ์ุและทางเดินปัสสาวะ ผิวหนัง\r\nและโครงสร้างผิวหนัง กระดูกและข้อต่อ ท้องเสีย และไข้ไทฟอยด์', 7, 1, 2, 10, '0000-00-00', '0000-00-00', NULL, 'ยาปฏิชีวนะ ', NULL),
(203, 'Clenascar gel 15g', '15 กรัม', 'ทาบำรุงผิวที่มีปัญหา วันละ 1-3 ครั้ง หรือใช้บ่อยได้ตามต้องการ', 'ยาใช้ภายนอก ห้ามรับประทาน', 'ช่วยในเรื่องลดริ้วรอยจากสิว ทำให้รอยแดง รอยดำจากสิวดูจางลง นอกจากนี้ยังช่วย\r\nลดการอักเสบแบบอ่อนๆได้อีกด้วย ส่วนส่วนผสมตัวอื่นๆ เช่น Allantoin , Vitamin E \r\n, Alo vera powder ก็จะเน้นไปในเรื่องให้ความชุ่มชื้นกับผิว ลดการระคายเคืองของผิว\r\n ช่วยทำให้รอยแผลและผิวหน้าอ่อนนุ่มขึ้น', 10, 4, 3, 1, '0000-00-00', '0000-00-00', NULL, 'ให้ความชุ่มชื้นกับผิว,ลดรอยแผลเป็น', NULL),
(204, 'Clinda 300 mg 10x10`s', '300 มก.', 'ปริมาณการใช้ยาจะแตกต่างกันไปในผู้ป่วยแต่ละคน ขึ้นอยู่กับจุดประสงค์ของการรักษาและดุลยพินิจของแพทย์ผู้รักษา ', '-ห้ามใช้ในผู้ที่เคยแพ้ยานี้หรือ แพ้ส่วนประกอบของยานี้หรือยาลินโคไมซิน -ระวังการใช้ยาในผู้ที่เป็นโรคตับในระยะรุนแรง -หลีกเลี่ยงการใช้ยานี้ในหญิงให้นมบุตร เนื่องจากยานี้ถูกขับออกทางน้ำนมได้ -ไม่ควรใช้ยานี้ร่วมกับยาอีริโทรไมซิน (Erythromycin) อาจทำให้ประสิทธิ\r\nภาพการรักษาลดลง', '\r\nรักษาการติดเชื้อแบคทีเรียในระบบทางเดินหายใจ ทางนรีเวช ช่องท้องและผิวหนัง', 7, 3, 2, 10, '0000-00-00', '0000-00-00', NULL, 'ยาปฏิชีวนะ ', NULL),
(205, 'Clindalin gel 10g', '10 กรัม', 'สามารถใช้ Clindalin Gel ได้ทั้งตอนเช้าและเย็น แต่ต้องไม่ใช่ทั่วบริเวณใบหน้า \r\nแต้มคลินดาลินเจลบริเวณที่เป็นสิวก็เพียงพอแล้ว', '-เจลแต้มสิวประเภทคลินดามัยซินจะเป็นยาฆ่าเชื้อ จึงต้องใช้ในปริมาณที่\r\nเหมาะสม และไม่ใช้ติดต่อกันยาวนานจนเกิน 14 วัน เพราะจะทำให้สิวดื้อยา\r\n และรักษาได้ยากกว่าเดิมได้ -ยาใช้ภายนอก ห้ามรับประทาน', 'ช่วยยับยั้งไม่ให้เกิดสิวขึ้น และลดปัญหาสิวอักเสบ สิวหนอง สิวหัวช้าง เป็นต้น', 10, 4, 3, 1, '0000-00-00', '0000-00-00', NULL, 'ยารักษาสิวในกลุ่มของยาปฏิชีวนะ หรือยาฆ่าเชื้อ', NULL),
(206, 'Clindalin gel 5g', '5 กรัม', 'สามารถใช้ Clindalin Gel ได้ทั้งตอนเช้าและเย็น แต่ต้องไม่ใช่ทั่วบริเวณใบหน้า \r\nแต้มคลินดาลินเจลบริเวณที่เป็นสิวก็เพียงพอแล้ว', '-เจลแต้มสิวประเภทคลินดามัยซินจะเป็นยาฆ่าเชื้อ จึงต้องใช้ในปริมาณที่\r\nเหมาะสม และไม่ใช้ติดต่อกันยาวนานจนเกิน 14 วัน เพราะจะทำให้สิวดื้อยา\r\n และรักษาได้ยากกว่าเดิมได้ -ยาใช้ภายนอก ห้ามรับประทาน', 'ช่วยยับยั้งไม่ให้เกิดสิวขึ้น และลดปัญหาสิวอักเสบ สิวหนอง สิวหัวช้าง เป็นต้น', 10, 4, 3, 1, '0000-00-00', '0000-00-00', NULL, 'ยารักษาสิวในกลุ่มของยาปฏิชีวนะ หรือยาฆ่าเชื้อ', NULL),
(207, 'Clinda-m 15 ml', '15 มล.', 'ทายาลงไปที่บริเวณหัวสิวที่อักเสบหรือกำลังจะอักเสบ ทาลงในลักษณะการแต้ม\r\nเป็นจุด ๆ โดยให้ทาเช้า-เย็น หลังล้างหน้า โดยใช้ยาแต้มสิวก่อนลงครีมบำรุง\r\nตัวอื่น ๆ จะช่วยให้ยาออกฤทธิ์ได้ดีขึ้น', '-เจลแต้มสิวประเภทคลินดามัยซินจะเป็นยาฆ่าเชื้อ จึงต้องใช้ในปริมาณที่\r\nเหมาะสม และไม่ใช้ติดต่อกันยาวนานจนเกิน 14 วัน เพราะจะทำให้สิวดื้อยา\r\n และรักษาได้ยากกว่าเดิมได้ -ยาใช้ภายนอก ห้ามรับประทาน', 'รักษาการอักเสบของสิว มีส่วนประกอบของคลินดามัยซิน ไฮโดรคลอไรด์เทียบเท่า 1 กรัม \r\nของลินดามัยซินเบสในแอลกอฮอล์และน้ำ ยาตระกูล Clinda เหมาะสำหรับ สิวอักเสบ \r\nสิวหนอง สิวหัวแดง ๆ สิวที่เกิดการติดเชื้อเท่านั้น แต่หากเป็นอย่างอื่น เช่น สิวผด สิวเสี้ยน \r\nสิวอุดตัน', 10, 4, 3, 1, '0000-00-00', '0000-00-00', NULL, 'ยารักษาสิวในกลุ่มของยาปฏิชีวนะ หรือยาฆ่าเชื้อ', NULL),
(208, 'Clindavid', '300 มก.', '1.ควรกินยาหลังอาหารหรือพร้อมอาหารและดื่มน้ำตามอย่างน้อย 1 แก้วเพื่อลดการระคายเคืองหลอดอาหาร2.ควรกินยาติดต่อกันจนครบตามคำแนะนำของแพทย์หรือเภสัชกร แม้อาการจะดีขึ้นแล้วก็ตาม ไม่เช่นนั้นเชื้ออาจดื้อยา3.หากลืมกินยา ให้กินยาทันทีที่นึกได้แต่ถ้าใกล้เวลาของมื้อ ถ', '1.ห้ามใช้ในผู้ที่เคยแพ้ยานี้หรือ แพ้ส่วนประกอบของยานี้หรือยาลินโคไมซิน2.หลีกเลี่ยงการใช้ยานี้ในหญิงให้นมบุตร เนื่องจากยานี้ถูกขับออกทางน้ำนมได้3.ระวังการใช้ยาในผู้ที่เป็นโรคตับในระยะรุนแรง4.ไม่ควรใช้ยานี้ร่วมกับยาอีริโทรไมซิน (Erythromycin) อาจทำให้ประสิทธิภาพการรักษาลดล', 'ใช้รักษาการติดเชื้อแบคทีเรีย ตัวยาจะออกฤทธิ์ยับยั้งการเจริญเติบโตของเชื้อแบคทีเรียในร่างกาย มักใช้รักษาสิวอักเสบ การติดเชื้อของผิวหนัง การติดเชื้อในระบบทางเดินหายใจ การติดเชื้อในช่องปาก การติดเชื้อในช่องท้อง หรือการติดเชื้อแบคทีเรียในช่องคลอด', 7, 2, 2, 10, '0000-00-00', '0000-00-00', '39.00', 'ยาฆ่าเชื้อ', NULL),
(209, 'Clinovir', '200 มก.', 'ทาบริเวณที่มีแผลตุ่มน้ำใสทุก 3-4 ชั่วโมง วันละ 5-6 ครั้งเป็นเวลา 7วัน', 'ห้ามรับประทาน', 'เป็นยาเฉพาะที่ใช้ทาภายนอก สำหรับรักษาเริมที่ริมฝีปาก มุมปากเริมบริเวณอวัยวะเพศ หรืองูสวัด', 10, 4, 3, 1, '0000-00-00', '0000-00-00', '99.99', 'ยาทารักษาผิวหนัง', NULL),
(210, 'Clobet cream', '10 ก.', '-ผู้ใหญ่และเด็กมีอายุตั้งแต่ 12 ปีขึ้นไป: ทายาบริเวณที่มีผิวหนังอักเสบ หรือเกิดรอยโรคอย่างบางๆ วันละ 2 ครั้ง เช้า-เย็น หรือตามคำสั่งแพทย์ ห้ามทายาติดต่อกันเกิน 2 สัปดาห์ และ ห้ามใช้ยาเกิน 50 กรัม/สัปดาห์ -เด็กอายุต่ำกว่า 12 ปี: ห้ามใช้ยานี้กับเด็กที่อายุต', '-กรณีของสตรีตั้งครรภ์ และสตรีที่อยู่ในภาวะให้นมบุตร จัดเป็นกลุ่มเสี่ยงต่อการเกิดเกิดผลข้างเคียงที่รุนแรงในการใช้ยาแทบทุกประเภท ซึ่งรวมยาโคลเบทาซอลด้วย ดังนั้นการใช้ยาต่างๆใน-ผู้ป่วยกลุ่มนี้ จึงต้องเป็นคำสั่งจากแพทย์เท่านั้น -ผู้ป่วยด้วยโรค หัดเยอรมัน วัณโรค อีสุกอีใส หรือผู้ที่เพิ่งได้รับการกระตุ้นภูมิคุ้มกันต้านทานโรคของร่างกาย/ภูมิคุ้มกันโดยฉีดวัคซีน ควรหลีกเลี่ยงการใช้ยานี้ ด้วยจะส่งผลให้อาการป่วยเลวลง และทำให้การกระตุ้นภูมิคุ้มกันด้อยประสิทธิภาพลง -ผู้ที่มีภาวะติดเชื้อทางผิวหนัง หรือมีภาวะผิวหนังบาง ก็ควรหลีกเลี่ยงการใช้ยานี้เช่นกัน ด้วยจะทำให้อาการทางผิวหนังแย่ลง', 'เป็นยาคอร์ติโคสเตียรอยด์ชนิดใช้เฉพาะที่ นำมาใช้รักษาโรคผิวหนังที่ตอบสนองต่อยาสเตียรอยด์ (Corticosteroid-Responsive Dermatoses) เช่น การระคายเคือง ผื่นคัน ผิวหนังอักเสบ และอาการแพ้ทางผิวหนัง', 10, 4, 3, 1, '0000-00-00', '0000-00-00', '99.99', 'ยาทารักษาผิวหนัง', NULL),
(211, 'Clobevate cream ', '450 ก.', 'ทาลงเบา ๆ บริเวณที่มีอาการวันละ 1 หรือ 2 ครั้ง หากจำเป็น สามารถลดปริมาณลงได้ ปริมาณยาสูงสุดไม่เกิน 50 กรัม/สัปดาห์ ระยะเวลาในการรักษาสูงสุดไม่เกิน 4 สัปดาห์', 'ห้ามรับประทาน', 'ใช้รักษาโรคผิวหนังที่เกิดการอักเสบ โดยเฉพาะ สำหรับใช้รักษาในระยะ เวลาสั้นๆ โรคผิวหนังที่ใช้ยาตัวอื่น แล้วได้ผลน้อยเช่น เรื้อนกวาง โรคผิวหนังหนาเป็นแผ่นนูน และโรคผิวหนังที่ใช้สเตอรอยด์ ตัวอื่นแล้วไม่ได้ผล', 10, 18, 3, 1, '0000-00-00', '0000-00-00', '99.99', 'ยาทารักษาผิวหนัง', NULL),
(212, 'Clopirox', '15 มล.', '1.สำหรับการรักษาโรคเชื้อราที่เล็บมือ-เล็บเท้า: เช่น -ผู้ใหญ่ และ เด็กที่มีอายุตั้งแต่ 10 ปีขึ้นไป: ใช้ยาทาเล็บไซโคลพิรอกซ์ทารอบบริเวณเล็บที่ติดเชื้อรา วันละ1ครั้งก่อนนอน, และทำการเช็ดทำความสะอาดยาออกด้วยแอลกอฮอล์ทุกๆ 7 วัน, ระยะเวลาในการใช้ยาขึ้นกับคำสั่ง', '1.ห้ามใช้ยากับ หญิงตั้งครรภ์ หญิงที่อยู่ในภาวะให้นมบุตร เด็กอายุต่ำกว่า 10 ปี โดยไม่มีคำสั่งจากแพทย์2.ห้ามรับประทาน หรือให้ยาสัมผัสกับตา หรือทายาในจมูก หรือทาในปาก/ช่องปาก3.*หากพบอาการแพ้ยานี้เช่น มีผื่นคันขึ้นเต็มตัว หายใจไม่ออก/หายใจลำบาก ตัวบวม *ให้หยุดใช้ยานี้ทันทีแล้วพาผู้ป่วยมาพบแพทย์/มาโรงพยาบาลโดยเร็วทันที/ฉุกเฉิน4.การใช้ยาไซโคลพิรอกซ์รักษาการติดเชื้อราจะต้องใช้ยาจนครบคอร์สของการรักษา ถึงแม้อาการจะเริ่มดีขึ้นในสัปดาห์แรกของการใช้ยาก็ตาม5.ปฏิบัติตามคำแนะนำของแพทย์/พยาบาลอย่างเคร่งครัด6.ห้ามแบ่งยาให้ผู้อื่นใช้7.ห้ามใช้ยาหมดอายุ8.ห้ามเก็บยาหมดอายุ', 'เพื่อรักษาโรคเชื้อราบางประเภท เช่น\r\n -เชื้อราที่เล็บมือ (Onychomycosis - Fingernail) -เชื้อราที่เล็บเท้า (Onychomycosis - Toenail) -รังแคที่ศีรษะ (Seborrheic Dermatitis) -เชื้อราชนิดแคนดิดา/ แคนดิไดอะซิส/ Candidiasis ที่ผิวหนัง -เชื้อราบริเวณขาหนีบ (Tinea Cruris) -โรคเกลื้อน (Tinea Versicolor) -โรคกลากที่ลำตัว (Tinea Corporis) -โรคกลากที่ขา-เท้า (Tinea Pedis) หรือ ฮ่องกงฟุต/โรคน้ำกัดเท้า (Hong Kong foot)', 10, 6, 3, 1, '0000-00-00', '0000-00-00', '58.00', 'ยาทารักษาผิวหนัง เชื้อรา', NULL),
(213, 'clotriderm cream ', '20 ก.', ' ทาวันละ2-3ครั้ง', 'ห้ามรับประทาน', 'โรคผิวหนังจากเชื้อรา กลาก เกลื้อน น้ำกัดเท้า (ฮ่องกงฟูต) ผิวหนังติดเชื้อแคนดิดา', 10, 4, 3, 1, '0000-00-00', '0000-00-00', '60.00', 'ยาทารักษาผิวหนัง เชื้อรา', NULL),
(214, 'Nexcare coban 3m', '5 หลา', 'พันจุดที่ต้องการจะล็อคการเคลื่อนไหวของกล้ามเนื้อและเส้นเอ็น', NULL, 'พันเพื่อกระชับกล้ามเนื้อ', 39, 17, 3, 1, '0000-00-00', '0000-00-00', '87.00', 'เทปพันกล้ามเนื้อ', NULL),
(215, 'Cohexine', '8 มก.', '-เด็กอายุ 6-12 ปี รับประทานครั้งละ ครึ่งเม็ด  วันละ 3 ครั้ง ก่อนอาหาร -เด็กอายุ 12 ปีขึ้นไป และผู้ใหญ่ รับประทานครั้งละ 1 เม็ด วันละ 3 ครั้ง ก่อนอาหาร', 'ห้ามผ้ที่มีอาการของภาวะปอดติดเชื้อ เช่น ไข้สูงกว่า 38 องศาเซลเซียส หายใจลำบากแม้ในขณะพัก ไอเป็นเลือด\r\nโรคหืดรุนแรงที่ไม่สามารถควบคุมอาการได้ โรคปอดอุดกั้นเรื้อรัง\r\nปัญหาเกี่ยวกับระบบภูมิคุ้มกัน เช่น เอชไอวี (HIV) และผู้ที่ใช้ยาเคมีบำบัดและยารักษาโรคภูมิคุ้มกันบกพร่อง\r\nแผลในกระเพาะอาหาร\r\nโรคกาแลคโตซีเมีย (Galactosemia)\r\nโรคไตและตับ ', 'ยานี้ใช้สำหรับ รักษาอาการมีเสมหะในระบบทางเดินหายใจ', 7, 2, 2, 10, '0000-00-00', '0000-00-00', '40.00', 'ยาละลายเสมหะ', NULL),
(216, 'Colchicine ', '0.6 มก.', 'รับประทาน ขนาดเริ่มต้น 1.2 มิลลิกรัม และตามด้วยขนาด 0.6 มิลลิกรัม ทุก 1-2 ชั่วโมง จนกว่าอาการปวดบรรเทา โดยรับประทานปริมาณสูงสุดรวมไม่เกิน 1.8 มิลลิกรัม ภายใน 1 ชั่วโมง หรือหากเกิดผลข้างเคียงในทางเดินอาหาร เช่น ท้องเสีย ต้องหยุดรับประทานทันที  ', '-ควรแจ้งให้แพทย์หรือเภสัชกรทราบหากมีประวัติแพ้ยานี้หรือมีอาการแพ้ยาอื่น ๆ เนื่องจากยาโคลชิซินอาจมีส่วนประกอบที่ทำให้เกิดการแพ้หรืออาการไม่พึงประสงค์อื่น ๆ ต่อผู้ใช้ได้ -ควรแจ้งให้แพทย์ทราบหากมีประวัติแพ้ยา อาหาร หรือสารใด ๆ -ควรแจ้งให้แพทย์หรือเภสัชกรทราบก่อนใช้ยานี้ หากมีโรคประจำตัว เช่น โรคไต โรคตับแข็ง  -หากกำลังใช้ยาที่แพทย์สั่ง ยาที่ซื้อใช้เอง โดยเฉพาะยาต้านไวรัส ยารักษาเชื้อรา ยารักษาไขมันในเลือด ยาปฏิชีวนะ รวมไปถึงยาสมุนไพร หรืออาหารเสริม ควรแจ้งให้แพทย์ทราบ', 'ยาที่ใช้รักษาและป้องกันโรคเก๊าท์ โดยตัวยาจะช่วยลดการบวมและลดการก่อตัวของผลึกที่เกิดจากกรดยูริค ซึ่งเป็นสาเหตุของอาการปวดตามข้อ นอกจากนั้น  ยาโคลชิซินยังนำมาใช้ป้องกันอาการเจ็บท้อง หน้าอก หรือข้อ ที่มีสาเหตุมาจากโรคไข้เมดิเตอร์เรเนียน ', 7, 2, 2, 10, '0000-00-00', '0000-00-00', '32.00', 'ยารักษาโรคเก๊าท์', NULL),
(217, 'Co-Q10 (TypeII) (5X6`S) THP', '30 มก.', 'รับประทาน 1 แคปซูล พร้อมมื้ออาหารทุกวัน หรือตามคำแนะนำของแพทย์', 'ควรกินอาหารหลากหลายครบ 5 หมู่ ในสัดส่วนที่เหมาะสมเป็นประจำ', 'ช่วยลดริ้วรอย ทำให้ผิวมีความยืดหยุ่น ชะลอความแก่ รวมไปถึงเสริมสร้างภูมิคุ้มกันโรค \r\nช่วยรักษาและป้องกันโรคหัวใจ บรรเทาอาการเจ็บหน้าอก ช่วยยับยั้งการก่อให้เกิด\r\nคอเลสเตอรอลจับตัวเป็นก้อนอุดตัน ช่วยรักษาโรคเหงือก และฟัน', 7, 3, 2, 30, '0000-00-00', '0000-00-00', NULL, 'ผลิตภัณฑ์เสริมอาหาร', NULL),
(218, 'Combizym 10`S.', 'undefined', 'รับประทานครั้งละ 1-2 เม็ด วันละ 3 เวลา หลังอาหาร หรือเวลามีอาการอาหาร\r\nไม่ย่อย จุกเสียด หรือแน่นท้อง ', '-การใช้ยาในขนาดสูงมากเกินไปอาจทำให้เกิดการระคายเคืองบริเวณรอบ\r\nทวารหนักและภาวะกรดยูริกเกินในเลือด -มีคำเตือนและข้อควรระวังการใช้ในเด็กโดยเฉพาะหากใช้ยาในขนาดสูง\r\nเพราะมีรายงานการเกิดภาวะลำไส้ตีบจากการเกิดพังผืด -มีข้อห้ามใช้ในผู้ที่แพ้โปรตีนจากหมูและผู้ที่มีภาวะตับอ่อนอักเสบเฉียบพลัน\r\nหรือเกิดการกำเริบของตับอ่อนอักเสบเรื้อรัง เนื่องจากยาไม่ช่วยในการ\r\nยับยั้งการหลั่งเอนไซม์จากตับอ่อนและไม่ช่วยบรรเทาอาการปวดท้อง', 'ช่วยในการย่อยอาหาร ท้องอืด ท้องเฟ้อ ลดอาการปวดท้อง', 7, 1, 2, 10, '0000-00-00', '0000-00-00', NULL, 'ยาช่วยย่อย', NULL),
(219, 'Con-Con 15 ml.', '15 มล.', '-ล้างบริเวณที่เป็นให้สะอาดด้วยสบู่และเช็ดให้แห้ง -ทาคอนคอน ตรงที่เป็น วันละ2-3ครั้ง', '-ห้ามใช้กับผู้ที่แพ้ยาคอน-คอน และ/หรือ ตัวยาในสูตรตำรับ คือ \r\nSalicylic acid และ/หรือ Phenol -ห้ามรับประทานยานี้ -ห้ามไม่ให้ใช้ยาในบริเวณ ตา ช่องปาก จมูก ภายในหู -ห้ามใช้ยานี้กับสตรีตั้งครรภ์ สตรีที่อยู่ในภาวะให้นมบุตร เด็ก โดยไม่มี\r\nคำสั่งจากแพทย์ -ห้ามปรับขนาดการใช้หรือใช้ยานี้เกินคำสั่งของแพทย์ -ห้ามใช้ผลิตภัณฑ์ยานี้กับบริเวณที่มีแผลเปิด หรือแผลฉีก-ขาด รวมถึง\r\nผิวหนังที่มีลักษณะเป็นเนื้อเยื่ออ่อนบาง เช่น บริเวณอวัยวะเพศ -หลีกเลี่ยงการใช้ยานี้เป็นเวลานานๆ หรือทาเป็นบริเวณกว้างบนพื้นที่ผิว\r\nของร่างกาย -หากพบอาการแพ้ยานี้ เช่น เกิดผื่นคันขึ้นเต็มตัว อึดอัด/หายใจไม่ออก/\r\nหายใจลำบาก ตัวบวม ให้หยุดการใช้ยานี้ทันที แล้วรีบพาผู้ป่วยมา\r\nพบแพทย์โดยเร็วทันที\r\n', 'ยารักษาตาปลา หรือหูด', 10, 6, 3, 1, '0000-00-00', '0000-00-00', NULL, 'ยาทารักษาผิวหนัง ตาปลา', NULL),
(220, 'COON FRESH mouth spray 15 ml.', '15 มล.', 'ใช้พ่นช่องปากและลำคอ สามารถใช้ได้วันละหลายๆครั้งตามต้องการ', 'หากเกิดอาการระคายเคืองระหว่างใช้ ควรล้างออกด้วยนำสะอาด\r\nและปรึกษาแพทย์', 'สารสกัดจากธรรมชาติ ระงับกลิ่นปาก ลดการไอ เจ็บคอ ระคายคอ', 36, 6, 3, 1, '0000-00-00', '0000-00-00', NULL, 'บรรเทาอาการเจ็บคอ', NULL),
(221, 'Cotton Stick #L 100 ก้าน', 'L ', 'ใช้สำหรับเช็คหู หรือบริเวณอื่นๆ ตามร่างกาย ใช้สำหรับทำแผล ล้างแผล', NULL, 'ใช้สำหรับเช็คหู หรือบริเวณอื่นๆ ตามร่างกาย ใช้สำหรับทำแผล ล้างแผล', 40, 20, 9, 100, '0000-00-00', '0000-00-00', NULL, 'สำลีก้าน', NULL),
(222, 'Cotton Stick #M 100 ก้าน', 'M', 'ใช้สำหรับเช็คหู หรือบริเวณอื่นๆ ตามร่างกาย ใช้สำหรับทำแผล ล้างแผล', NULL, 'ใช้สำหรับเช็คหู หรือบริเวณอื่นๆ ตามร่างกาย ใช้สำหรับทำแผล ล้างแผล', 40, 20, 9, 100, '0000-00-00', '0000-00-00', NULL, 'สำลีก้าน', NULL),
(223, 'Counterpain 120 G. สูตรร้อน', '120 กรัม', 'ทาวันละ 3-4 ครั้ง บริเวณที่มีอาการปวดเมื่อย', '-ห้ามรับประทาน  -เก็บให้พ้นมือเด็ก  -ห้ามใช้กับบาดแผลถลอก หรือเนื้อเยื่ออ่อน  -การใช้ในเด็กอายุต่ำกว่า 2 ปี ควรปรึกษาแพทย์', 'ครีมสูตรร้อน บรรเทาอาการปวดเมื่อยตามร่างกาย คอ บ่า ไหล่ หลัง จากกิจกรรมต่างๆ \r\nและในชีวิตประจำวัน', 10, 4, 3, 1, '0000-00-00', '0000-00-00', NULL, 'ยาทาบรรเทาอาการ,ปวดเมื่อย', NULL),
(224, 'Counterpain 30 G. สูตรร้อน', '30 กรัม', 'ทาวันละ 3-4 ครั้ง บริเวณที่มีอาการปวดเมื่อย', '-ห้ามรับประทาน  -เก็บให้พ้นมือเด็ก  -ห้ามใช้กับบาดแผลถลอก หรือเนื้อเยื่ออ่อน  -การใช้ในเด็กอายุต่ำกว่า 2 ปี ควรปรึกษาแพทย์', 'ครีมสูตรร้อน บรรเทาอาการปวดเมื่อยตามร่างกาย คอ บ่า ไหล่ หลัง จากกิจกรรมต่างๆ \r\nและในชีวิตประจำวัน', 10, 4, 3, 1, '0000-00-00', '0000-00-00', NULL, 'ยาทาบรรเทาอาการ,ปวดเมื่อย', NULL),
(225, 'Counterpain 60 G. สูตรร้อน', '60 กรัม', 'ทาวันละ 3-4 ครั้ง บริเวณที่มีอาการปวดเมื่อย', '-ห้ามรับประทาน  -เก็บให้พ้นมือเด็ก  -ห้ามใช้กับบาดแผลถลอก หรือเนื้อเยื่ออ่อน  -การใช้ในเด็กอายุต่ำกว่า 2 ปี ควรปรึกษาแพทย์', 'ครีมสูตรร้อน บรรเทาอาการปวดเมื่อยตามร่างกาย คอ บ่า ไหล่ หลัง จากกิจกรรมต่างๆ \r\nและในชีวิตประจำวัน', 10, 4, 3, 1, '0000-00-00', '0000-00-00', NULL, 'ยาทาบรรเทาอาการ,ปวดเมื่อย', NULL),
(226, 'Counterpain cool 120 G.', '120 กรัม', 'ผู้ใหญ่และเด็กอายุมากกว่า 2 ปี ให้ทําความสะอาดผิว แล้วทาบริเวณที่เป็น \r\nวันละ 3-4 ครั้ง ใช้ร่วมกับผ้าพันแผลหรือ ice packs ได้', '-ห้ามรับประทาน  -เก็บให้พ้นมือเด็ก  -ห้ามใช้กับบาดแผลถลอก หรือเนื้อเยื่ออ่อน  -การใช้ในเด็กอายุต่ำกว่า 2 ปี ควรปรึกษาแพทย์', 'ครีมสูตรเย็น บรรเทาอาการปวดกล้ามเนื้องจากการพลิก เคล็ด การช้ำบวมจากการกระแทก \r\nการบาดเจ็บระหว่างออกกําลังกาย', 10, 4, 3, 1, '0000-00-00', '0000-00-00', NULL, 'ยาทาบรรเทาอาการ\r\nปวดกล้ามเนื้อ', NULL),
(227, 'Counterpain cool 30 G.', '30 กรัม', 'ผู้ใหญ่และเด็กอายุมากกว่า 2 ปี ให้ทําความสะอาดผิว แล้วทาบริเวณที่เป็น \r\nวันละ 3-4 ครั้ง ใช้ร่วมกับผ้าพันแผลหรือ ice packs ได้', '-ห้ามรับประทาน  -เก็บให้พ้นมือเด็ก  -ห้ามใช้กับบาดแผลถลอก หรือเนื้อเยื่ออ่อน  -การใช้ในเด็กอายุต่ำกว่า 2 ปี ควรปรึกษาแพทย์', 'ครีมสูตรเย็น บรรเทาอาการปวดกล้ามเนื้องจากการพลิก เคล็ด การช้ำบวมจากการกระแทก \r\nการบาดเจ็บระหว่างออกกําลังกาย', 10, 4, 3, 1, '0000-00-00', '0000-00-00', NULL, 'ยาทาบรรเทาอาการ,ปวดกล้ามเนื้อ', NULL),
(228, 'Counterpain cool 60 G.', '60 กรัม', 'ผู้ใหญ่และเด็กอายุมากกว่า 2 ปี ให้ทําความสะอาดผิว แล้วทาบริเวณที่เป็น \r\nวันละ 3-4 ครั้ง ใช้ร่วมกับผ้าพันแผลหรือ ice packs ได้', '-ห้ามรับประทาน  -เก็บให้พ้นมือเด็ก  -ห้ามใช้กับบาดแผลถลอก หรือเนื้อเยื่ออ่อน  -การใช้ในเด็กอายุต่ำกว่า 2 ปี ควรปรึกษาแพทย์', 'ครีมสูตรเย็น บรรเทาอาการปวดกล้ามเนื้องจากการพลิก เคล็ด การช้ำบวมจากการกระแทก \r\nการบาดเจ็บระหว่างออกกําลังกาย', 10, 4, 3, 1, '0000-00-00', '0000-00-00', NULL, 'ยาทาบรรเทาอาการ,ปวดกล้ามเนื้อ', NULL),
(229, 'Counterpain plus 50 G.', '50 กรัม', 'ทาวันละ 3-4 ครั้ง บริเวณที่มีอาการปวดเมื่อย', '-ยานี้อาจทําให้เกิดอาการไม่พึงประสงค์ทางผิวหนัง หากพบอาการผิดปกติ\r\nทางผิวหนัง ควรหยุดยาทันทีและรีบปรึกษาแพทย์ -ห้ามใช้ในผู้ที่แพ้ยานี้ หรือผู้ที่มีอาการหอบหืด ลมพิษ หรือโพรงจมูกอักเสบ \r\nแบบเฉียบพลันจากการแพ้ยาแอสไพริน (Aspirin)', 'เจลสูตรเย็น ทาบรรเทาอาการปวดและอักเสบเนื่องจากข้อเสื่อม ปวดข้อ ปวดข้อ ข้อเสื่อม \r\nเนื้อเจลใสไม่เหนียวเหนอหนะ', 10, 4, 3, 1, '0000-00-00', '0000-00-00', NULL, 'ยาทาบรรเทาอาการปวด,อักเสบ', NULL),
(230, 'Coxium Powder 1500 MG.30ซอง', '1500 มก.', '-ละลายน้ำรับประทานครั้งละ 1 ซอง วันละ 1 ครั้งอย่างน้อย 6 สัปดาห์ \r\n(หรือตามแพทย์สั่ง) แนะนำให้รับประทานต่อเนื่องอย่างน้อย 3 เดือน โดยให้ซ้ำ\r\nได้ทุก 2 เดือน (หรือตามแพทย์สั่ง) -ควรรับประทานก่อนอาหาร 15 นาที', 'ยาอันตราย', 'บรรเทาอาการปวดของโรคข้อกระดูกเสื่อมทั้งในระยะเริ่มแรกและเรื้อรัง เช่น อาการปวดใน\r\nโรคข้อต่อที่กระดูกต้นคอ,กระดูกสะบักและกระดูกต้นแขน, อาการปวดเอว', 7, 7, 3, 30, '0000-00-00', '0000-00-00', NULL, 'ยาบรรเทาอาการปวด', NULL),
(231, 'CPM 100s Au', '4 มก.', 'รับประทาน 1/2-1 เม็ด 3-4 ครั้งต่อหนึ่งวัน', 'ยานี้ทำให้ง่วงซึม จึงไม่ควรขับขี่ยานยนต์หรือทำงานไม่ควรรับประทานร่วมกับสุรา หรือสิ่งที่มีแอลกอฮอล์ เป็นส่วนประกอบห้ามใช้ในเด็กอายุต่ำกว่า 1 ปี ผู้ที่กำลังมีอาการหอบหืด โรคต้อหิน ต่อมลูกหมากโต หรือปัสสาวะขัดนอกจากแพทย์สั่งระวังการใช้ยานี้ในสตรีมีครรภ์ระยะ 3 เดือนแรกและสตรีที่ให้นมบุตร', 'แก้อาการแพ้ต่างๆ', 7, 1, 1, 100, '0000-00-00', '0000-00-00', NULL, 'ยาแก้แพ้', NULL),
(232, 'CPM Chlorphen-Y 100`s ถ้วยทอง', '4 มก.', 'รับประทานครั้งละ 2-4 มก. 1/2-1 เม็ด วันละ 3-4 ครั้ง', '- ยานี้ทำให้ง่วงซึม จึงไม่ควรขับขี่ยานยนต์ หรือทำงานเกี่ยวกับเครื่องจักร \r\nหรือทำงานที่เสี่ยงต่อการพลัดตกจากที่สูง - ไม่ควรรับประทานร่วมกับสุรา หรือสิ่งที่มีแอลกอฮอล์เป็นส่วนประกอบ - ห้ามใช้ในเด็กอายุต่ำกว่า 1 ปี ผู้ที่กำลังมีอาการหืบหืด โรคต้อหิน \r\nต่อมลูกหมากโต หรือปัสสวาะขัด นอกจากแพทย์สั่ง - ระวังการใช้ยานี้ในสตรีมีครรภ์ระยะ 3 เดือนแรก และสตรีที่ให้นมบุตร - ยานี้ทำให้ปากแห้ง ปัสสาวะขัด เสมหะเหนียวข้น ตาพร่า วิงเวียน สับสน \r\nและเม็ดเลือดผิดปกติได้ - เด็กเล็กและผู้สูงอายุจะไวต่อยานี้มากขึ้น ทำให้ง่วงนอน วิงเวียน \r\nประสาทหลอน ปากแห้ง ปัสสาวะคั่ง ความดันโลหิตต่ำ หงุดหงิด นอนไม่หลับ \r\nและบางรายอาจมีอาการชักได้ (Paradoxical reaction) - ระวังการใช้ยานี้ร่วมกับยาที่มีฤทธิ์กดประสาทส่วนกลาง เช่น ยากลุ่ม \r\nBenzodiazepines ยาที่มีฤทธิ์แอนติโคลิเนอร์จิก และยาต้านอาการซึมเศร้า\r\nชนิดต่างๆ - ระวังการใช้ยานี้ในผู้ป่วยโรคความดันโลหิตสูง โรคหัวใจและหลอดเลือด \r\nต่อมไทรอยด์ทำงานมากกว่าปกติ ผู้ที่มีประวัติโรคหอบพืด โรคถุงลอมโป่งพอง', 'แก้แพ้', 7, 1, 1, 100, '0000-00-00', '0000-00-00', NULL, 'ยาแก้แพ้', NULL),
(233, 'CPM HISTATAB 4MG 100`S', '4 มก.', 'รับประทาน 1/2-1 เม็ด 3-4 ครั้งต่อหนึ่งวัน', '- ยานี้ทำให้ง่วงซึม จึงไม่ควรขับขี่ยานยนต์ หรือทำงานเกี่ยวกับเครื่องจักร \r\nหรือทำงานที่เสี่ยงต่อการพลัดตกจากที่สูง - ไม่ควรรับประทานร่วมกับสุรา หรือสิ่งที่มีแอลกอฮอล์เป็นส่วนประกอบ - ห้ามใช้ในเด็กอายุต่ำกว่า 1 ปี ผู้ที่กำลังมีอาการหืบหืด โรคต้อหิน \r\nต่อมลูกหมากโต หรือปัสสวาะขัด นอกจากแพทย์สั่ง - ระวังการใช้ยานี้ในสตรีมีครรภ์ระยะ 3 เดือนแรก และสตรีที่ให้นมบุตร - ยานี้ทำให้ปากแห้ง ปัสสาวะขัด เสมหะเหนียวข้น ตาพร่า วิงเวียน สับสน \r\nและเม็ดเลือดผิดปกติได้ - เด็กเล็กและผู้สูงอายุจะไวต่อยานี้มากขึ้น ทำให้ง่วงนอน วิงเวียน \r\nประสาทหลอน ปากแห้ง ปัสสาวะคั่ง ความดันโลหิตต่ำ หงุดหงิด นอนไม่หลับ \r\nและบางรายอาจมีอาการชักได้ (Paradoxical reaction) - ระวังการใช้ยานี้ร่วมกับยาที่มีฤทธิ์กดประสาทส่วนกลาง เช่น ยากลุ่ม \r\nBenzodiazepines ยาที่มีฤทธิ์แอนติโคลิเนอร์จิก และยาต้านอาการซึมเศร้า\r\nชนิดต่างๆ - ระวังการใช้ยานี้ในผู้ป่วยโรคความดันโลหิตสูง โรคหัวใจและหลอดเลือด \r\nต่อมไทรอยด์ทำงานมากกว่าปกติ ผู้ที่มีประวัติโรคหอบพืด โรคถุงลอมโป่งพอง', 'บรรเทาอาการแพ้ เช่น ลมพิษ น้ำมูกไหล', 7, 1, 1, 100, '0000-00-00', '0000-00-00', NULL, 'ยาแก้แพ้', NULL),
(234, 'CREAM 91E 8.3G.', '8.3 กรัม', '1.ใช้ครีมถูนวดบริเวณเท้า และส้นเท้าเป็นประจำหลังการขัดเท้าหรือก่อนนอน \r\nและสวมถุงเท้าทับหลังทาเสร็จทุกครั้ง ครีมทาส้นเท้าแตกมีส่วนผสมของยูเรียที่\r\nช่วยเพิ่มความชุ่มชื้นและช่วยบรรเทาอาการส้นเท้าแตกให้ดีขึ้น \r\n2. ใช้สำหรับทาผิวหนังทั่วเรือนร่าง ใบหน้า จุดด่', 'เก็บไว้ให้พ้นแสงแดด อุณหภูมิไม่เกิน 30 °C', 'เป็นผลิตภัณฑ์สำหรับผิวหนังที่มีปัญหาความหยาบกร้าน, ส้นเท้าแห้งแตก, ท้องลาย, น่องลาย, \r\nรอยแผลเป็น, จุดด่างดำ, รอยด้าน-ดำ ที่เกิดจากการเสียดสี เช่นข้อศอก หัวเข่า ตาตุ่ม', 10, 21, 3, 1, '0000-00-00', '0000-00-00', NULL, 'ให้ความชุ่มชื้นผิวหนัง', NULL),
(235, 'CYPROHEPTADINE 4MG 1000`S', '4 มก.', '-ผู้ใหญ่: รับประทานขนาดเริ่มต้น 4 มิลลิกรัม วันละ 3 ครั้ง หากจำเป็นอาจต้อง\r\nปรับเปลี่ยนขนาดการใช้ยา โดยปกติจะรับประทานไม่เกิน 12-16 มิลลิกรัมต่อวัน \r\nแบ่งรับประทาน 3-4 ครั้ง และรับประทานขนาดสูงสุดไม่เกิน 32 มิลลิกรัมต่อวัน -เด็ก: อายุ 2-6 ปี รับประทานขนาด', '-ควรหลีกเลี่ยงใช้ยานี้ หากเคยมีประวัติแพ้ยาหรือส่วนประกอบของยา \r\nCyproheptadine รวมทั้งหากมีประวัติอาการแพ้อื่น ๆ ควรแจ้งให้แพทย์หรือ\r\nเภสัชกรทราบ -ก่อนใช้ยานี้ควรแจ้งให้แพทย์หรือเภสัชกรทราบหากกำลังใช้ยาอื่น ๆ ได้แก่ \r\nยาที่สั่งจายโดยแพทย์ ยาที่ซื้อใช้เอง วิตามิน และสมุนไพร เพราะตัวยาอาจมี\r\nปฏิกิริยาต่อกันและอาจทำให้เกิดผลข้างเคียงที่ไม่พึงประสงค์ได้ -ยานี้อาจทำให้เกิดอาการวิงเวียน ง่วงซึม หรือทำให้มองเห็นไม่ชัดเจน ดังนั้น \r\nผู้ที่ใช้ยานี้ไม่ควรขับรถ ไม่ควรใช้เครื่องจักร หรือทำกิจกรรมที่เสี่ยงอันตราย \r\nรวมไปถึงควรหลีกเลี่ยงการดื่มเครื่องดื่มที่มีแอลกอฮอล์ และหากกำลังใช้ยาอื่นๆ \r\nที่อาจมีผลให้เกิดอาการง่วงซึม ควรแจ้งให้แพทย์ทราบ -ควรแจ้งให้แพทย์หรือเภสัชกรทราบก่อนใช้ยานี้ หากเป็นผู้ที่มีโรคประจำตัว ได้แก่ \r\nโรคหืด และโรคถุงลมโป่งพอง ต้อหิน โรคหัวใจ โรคความดันโลหิตสูง โรคไต \r\nอาการชัก มีแผลหรือมีการอุดตันในกระเพาะอาหารหรือลำไส้ มีภาวะต่อมไทรอยด์\r\nทำงานเกิน ปัสสาวะลำบาก อาจเนื่องมาจากต่อมลูกหมากโต -ไม่ควรใช้ยานี้กับเด็กแรกเกิดหรือทารกที่คลอดก่อนกำหนด -ไม่ควรใช้ยานี้กับผู้สูงอายุและผู้ที่มีสุขภาพไม่แข็งแรง เพราะอาจทำให้เกิดผล\r\nข้างเคียงได้ง่าย เช่น เวียนศีรษะ ง่วงซึม และความดันต่ำ -หากใช้ยานี้กับเด็กควรใช้อย่างระมัดระวัง เพราะอาจทำให้เด็กมีสภาวะที่ไวต่อ\r\nการกระตุ้น -หากใช้ยากับเด็กที่อายุต่ำกว่า 2 ปี ควรระมัดระวังอย่างมาก เพราะยังไม่ได้รับ\r\nการรับรองถึงประสิทธิภาพและความปลอดภัยในการรักษา -ผู้ใช้ยานี้ควรหลีกเลี่ยงแสงอาทิตย์ แสงจากหลอดไฟ หรือการทำสีผิวแทน \r\nหรืออาจใช้ผลิตภัณฑ์ป้องกันแสงแดดและสวมใส่เสื้อผ้าเพื่อป้องกันแสง เพราะ\r\nยานี้อาจทำให้ผู้ป่วยไวต่อแสงแดดหรือแสงไฟได้ -ยานี้อาจรบกวนการทดสอบภูมิแพ้ทางผิวหนัง ดังนั้น ผู้ที่จะเข้ารับการทดสอบ\r\nควรปรึกษาแพทย์ก่อน -ควรแจ้งให้แพทย์ทราบว่ากำลังใช้ยานี้อยู่ หากกำลังจะเข้ารับการผ่าตัดหรือ\r\nรักษาด้านทันตกรรมใด ๆ -ผู้ที่ตั้งครรภ์ วางแผนจะตั้งครรภ์ หรืออยู่ในระหว่างให้นมบุตร ควรแจ้งให้แพทย์\r\nหรือเภสัชกรทราบก่อนใช้ยา  -ควรแจ้งให้แพทย์หรือเภสัชกรทราบหากกำลังใช้ยาอื่น ๆ โดยเฉพาะยาต่อไปนี้ \r\nเพราะอาจทำปฏิกิริยากับยา Cyproheptadine ได้ -ยารักษาโรคซึมเศร้า (MAOIs) เช่น ยาฟีเนลซีน เพราะอาจเพิ่มโอกาสให้เกิด\r\nผลข้างเคียงจากการใช้ยา Cyproheptadine -กลุ่มยาเอสเอสอาร์ไอ (SSRIs) หรือยาต้านอารมณ์เศร้า เช่น ยาฟลูออกซิทีน \r\n(Fluoxetine) เพราะยา Cyproheptadine อาจทำให้ยากลุ่มนี้มีประสิทธิภาพน้อยลง', 'รักษาอาการแพ้ หรือโรคภูมิแพ้', 7, 1, 1, 1000, '0000-00-00', '0000-00-00', NULL, 'ยาแก้แพ้', NULL),
(236, 'CYSTALINE 600MG 10`S', '600 มก.', '-รับประทานวันละ 1-2 เม็ด ขึ้นอยู่กับว่ามีเสมหะข้นเหนียวมากหรือน้อย \r\nรับประทานก่อนอาหารครึ่งชั่วโมง -ทานวันละ 1 เม็ด สำหรับผู้ต้องการเพื่อผิวขาวกระจ่างใส -สำหรับทานเพื่อป้องกันตับจากแอลกอฮอล์ หรือแก้แฮงค์ ให้ทานก่อนดื่ม 1 เม็ด \r\nครึ่งชั่วโมง และ หลังดื่มอ', '-ห้ามใช้ยานี้เมื่อเคยแพ้ยาน้ีหรือส่วนประกอบของยานี้ -ห้ามใช้สูตรตำรับที่มีแอสปาแตมเป็นส่วนประกอบในผู้ป่วยท่ีมีอาการ\r\nฟีนลิคีโตนูเรยี -ห้ามใช้ยาเม็ดฟู่ 600 มิลลิกรัม ในเด็กอายุน้อยกว่า 14 ปี - ผู้ป่วยโรคหอบหืดหรือมีประวัตเป็นโรคหอบหืดควรใช้ด้วยความระมัดระวัง\r\nเมื่อมีอาการหลอดลมบีบเกร็งให้หยุดใช้ยานี้ -ควรใช้อย่างระมัดระวังในผู้ป่วยที่เป็นโรคแผลในกระเพาะหรือหลอดอาหาร \r\nเนื่องจากยามีกลิ่นฉุนและระคายเคืองทางเดินอาหาร ทำให้กระตุ้นการอาเจียน \r\nและมีผลต่อแผลได้ -ไม่ควรใช้ยานี้ร่วมกับยาบางชนิด เนื่องจากอาจมีผลต่อการรักษาหรือเกิด\r\nอันตรายได้ เช่น ยาขยายหลอดเลือด กลุ่มไนเตรด และยากันชักคาร์บามาซิปีน \r\nเป็นต้น', '-ใช้รักษาอาการไอจากการมีเสมหะ -ช่วยลดอาการข้นเหนียวของเสมหะสำหรับผู้ที่เป็นหลอดลมอักเสบเรื้อรัง เช่น \r\nถุงลมโป่งพองเรื้อรัง หึดจากหลอดลมอักเสบ วัณโรค -ใช้ละลายเสมหะ สำหรับโรคทางเดินหายใจเฉียบพลัน เช่น ปอดบวม หลอดลม\r\nอักเสบ -ตัวยา N-Acetylcysteine สามารถเปลี่ยนเป็น L Glutathione ได้ในร่างกายได้\r\n จึงมีหลายคนนำไปรับประทานเพื่อให้ผิวขาวกระจ่างใส -ด้วยความที่ยาเปลี่ยนเป็นสาร L Glutathione ได้ นักดื่มหลายๆคน จึงนำมา\r\nรับประทานเพื่อแก้แฮงค์ ปกป้องตับจากแอลกอฮอล์สารสำคัญ', 7, 1, 3, 10, '0000-00-00', '0000-00-00', NULL, 'บรรเทาอาการไอ ละลายเสมหะ', NULL),
(237, 'DACIN F 150MG 10X10`S', '150 มก.', 'ใช้ยาตามคำแนะนำของแพทย์หรือเภสัชกร เพราะขนาดและระยะเวลาในการ\r\nใช้ยานี้ขึ้นอยู่กับชนิดและความรุนแรงของโรค', '-ห้ามใช้ยานี้เมื่อเคยแพ้ยาน้ีหรือส่วนประกอบของยานี้ -ห้ามใช้ยานี้เมื่อเคยแพ้ยาปฏิชีวนะชื่อ ลินโคมัยซิน -ห้ามใช้ยาเม็ดฟู่ 600 มิลลิกรัม ในเด็กอายุน้อยกว่า 14 ปี - ผู้ป่วยโรคหอบหืดหรือมีประวัตเป็นโรคหอบหืดควรใช้ด้วยความระมัดระวัง\r\nเมื่อมีอาการหลอดลมบีบเกร็งให้หยุดใช้ยานี้ -ควรใช้อย่างระมัดระวังในผู้ป่วยที่เป็นโรคแผลในกระเพาะหรือหลอดอาหาร \r\nเนื่องจากยามีกลิ่นฉุนและระคายเคืองทางเดินอาหาร ทำให้กระตุ้นการอาเจียน \r\nและมีผลต่อแผลได้ -ไม่ควรใช้ยานี้ร่วมกับยาบางชนิด เนื่องจากอาจมีผลต่อการรักษาหรือเกิด\r\nอันตรายได้ เช่น ยาขยายหลอดเลือด กลุ่มไนเตรด และยากันชักคาร์บามาซิปีน \r\nเป็นต้น', 'ยานี้ใช้เพื่อรักษาโรคติดเชื้อรุนแรงที่มีสาเหตุจากเชื้อแบคทีเรียที่ไวต่อยาน้ี', 7, 10, 3, 10, '0000-00-00', '0000-00-00', NULL, 'ยาต้านเชื้อแบคทีเรีย', NULL),
(238, 'DAFOMIN 500MG 30x10`S', '500 มก.', 'ครั้งละ 1 เม็ด วันละ 2 ครั้ง กลางวันและเย็น หลังอาหารทันที', 'ควรใช้ยาแต่เพียงความจำเป็น เนื่องจากการใช้ยาเป็นระยะเวลานานเสี่ยงต่อ\r\nการเกิดอาการข้างเคียงที่เกิดขึ้นจากยาและอาจไม่ได้รับประโยชน์จากยา', 'รักษาการหย่อนสมรรถนะหลอดเลือดดำบริเวณขา ปวดขา ขาหนักผิดปกติ ตะคริวในเวลา\r\nกลางคืน ริดสีดวงทวารหนักรุนแรงและเรื้อรัง', 7, 1, 3, 30, '0000-00-00', '0000-00-00', NULL, 'ยารักษาอาการเส้นเลือดขอด', NULL),
(239, 'DAILY PROBIOTIC 10billion 28`S', '30 มก.', 'เหมาะสมสำหรับเด็กตั้งแต่อายุ 12 ปีขึ้นไป / ทานวันละ 1 เม็ด', 'ไม่มีผลในการป้องกันหรือรักษาโรค', '-เติมจุลินทรีย์ที่ดีต่อร่างกาย -กระตุ้นการสร้างภูมิคุ้มกัน -ลดอาการภูมิแพ้ -ตัวช่วยเรื่องระบบลำไส้และการขับถ่ายอย่างเป็นระบบ นอกจากนี้ Nature`s Way\r\n Probiotics 10 million ยังมีส่วนผสมของจุลินทรีย์ที่เป็นแบบพรีไบโอติกส์อีกด้วย -บรรเทาอาการท้องเสีย -สร้างสมดุลให้ร่างกายอยู่ในสภาวะปกติ -เสริมความแข็งแรงให้ลำไส้ทำงานอย่างมีประสิทธิภาพ', 7, 1, 1, 28, '0000-00-00', '0000-00-00', NULL, 'ผลิตภัณฑ์เสริมอาหาร', NULL),
(240, 'DEANXIT 10X10`S', '10 มก.', 'ครั้งละ 1 เม็ด วันละ 1 ครั้ง ', 'ไม่ควรใช้ยานี้ในช่วงตั้งครรภ์ เว้นแต่จะผ่านการพิจารณาแล้วว่า ประโยชน์จาก\r\nการใช้ยามีมากกว่าความเสี่ยงที่จะเกิดกับทารกในครรภ์ ในรายที่จำเป็นต้อง\r\nใช้ยาในช่วงตั้งครรภ์เพื่อหลีกเลี่ยงอาการถอนยาของทารกแรกคลอดแนะนำ\r\nให้หยุดยา Deanxit® ก่อนคลอดประมาณ 14 วันโดยค่อยๆ ลดขนาดยาทีละน้อย \r\nทารกในครรภ์ที่ได้รับยาในช่วงไตรมาสที่ 3 ของการตั้งครรภ์ (ตั้งแต่เข้าสู่เดือนที่\r\n 7 ของการตั้งครรภ์จนถึงคลอด) อาจจะมีความเสี่ยงต่อการเกิด extrapyramidal\r\n symptoms และอาการถอนยา', 'ใช้ในการรักษา depression สำหรับคลายกังวล ต้านอาการซึมเศร้า และลดอาการอ่อนเพลีย', 7, 1, 3, 10, '0000-00-00', '0000-00-00', NULL, 'ยารักษาอาการทางจิตเวช', NULL),
(241, 'DECOLGEN PRIN 4`S.', 'พาราเซตามอน \r\n500  ม', 'ผู้ใหญ่รับประทาน 1-2 เม็ด ทุก 4-6 ชม. เด็กอายุ 12 ปีขึ้นไปรับประทาน 1 เม็ด\r\nทุก 4-6 ชม.', '-ห้ามใช้ในผู้ที่แพ้ยานี้ -ห้ามใช้กับผู้ป่วยโรคไทรอยด์ฮอร์โมนสูง (ต่อมไทรอยด์เป็นพิษ) ผู้ป่วยความดัน\r\nโลหิตสูง ผู้ป่วยโรคหลอดเลือด ผู้ที่มีโรคไต -ห้ามใช้ร่วมกับยากลุ่ม MAOIs -ระวังการใช้ยานี้กับผู้ป่วยโรคหัวใจ โรคเบาหวาน โรคต้อหิน ผู้ที่มี ตับ - ไต \r\nทำงานผิดปกติ -ขณะใช้ยานี้อาจมีอาการง่วงนอนและวิงเวียน ต้องเพิ่มความระวังหากต้องขับขี่\r\nยวดยานพาหนะหรือต้องทำงานที่เกี่ยวข้องกับการควบคุมเครื่องจักร -ระวังการใช้ยานี้ในสตรีมีครรภ์และสตรีที่อยู่ในภาวะให้นมบุตร การใช้ยาใน\r\nผู้ป่วยกลุ่มนี้จะต้องเป็นไปตามคำสั่งของแพทย์เท่านั้น ห้ามมิให้ไปซื้อหายามา\r\nรับประทานเอง -ระวังการใช้ยานี้ในเด็กโดยเฉพาะในเด็กอายุต่ำกว่า 7 ปีต้องอยู่ในดุลพินิจของ\r\nแพทย์เท่านั้น -ห้ามใช้ยาหมดอายุ', 'บรรเทาหวัดที่มีอาการคัดจมูก น้ำมูกไหล ปวดศีรษะ เป็นไข้', 7, 1, 2, 4, '0000-00-00', '0000-00-00', NULL, 'ยาบรรเทาหวัด,คัดจมูก,เป็นไข้', NULL),
(242, 'DEHECTA 3G. 20 ML. 2 ซอง', '20 มล.', '- ในเด็กอายุต่ำกว่า 1 ปี ให้รับประทาน 1 ซอง โดยแบ่งให้วันละ 2 ครั้ง - ในเด็กอายุ 1-2 ปี ให้รับประทาน 1-2 ซอง โดยแบ่งให้วันละ 3 ครั้ง - ในเด็กอายุ 2 ขึ้นไป ให้รับประทาน 2-3 ซอง โดยแบ่งให้วันละ 2-3 ครั้ง - ผู้ใหญ่ ให้รับประทานครั้งละ 1 ซอง วันละ 3-4 ครั้ง\r\n', '-ห้ามใช้ยาในผู้ที่มีภาวะลำไส้อุดกั้น - ห้ามใช้ยาในผู้ที่มีประวัติแพ้ยา - สำหรับ smecta ห้ามใช้ในผู้ป่วย fructose intolereance, ผู้ที่มีปัญหาการ\r\nดูดซึม glucose และ galactose หรือขาดเอนไซม์ sucrose/somaltase', 'รักษาอาการท้องเสียทั้งชนิดเฉียบพลันและเรื้อรัง', 7, 7, 3, 2, '0000-00-00', '0000-00-00', NULL, 'ยาแก้ท้องเสีย', NULL),
(243, 'DELTACARBON 10`S.(รุ่น1กล่อง=10 แผง)', '250 มก.', '1. ท้องอืดท้องเฟ้อ รับประทานครั้งละ 4-15 เม็ด (ตามความรุนแรงของอาการ) \r\nวันละ 3 ครั้ง หลังอาหาร\r\n2. ท้องร่วง  - ผู้ใหญ่ : รับประทาน 2-4 เม็ด วันละ 3-4 ครั้ง - เด็ก : รับประทาน 1-2 เม็ด วันละ 3-4 ครั้ง\r\nสามารถรับประทานทั้งเม็ดหรืออาจบดกับน้ำก่อนรับประทาน', '-การใช้ยาอาจทำให้อุจจาระมีสีดำ -หากรับประทานยาไป 2 วัน แล้วอาการไม่ดีขึ้น ควรไปพบแพทย์ -ควรรับประทานห่างจากยาชนิดอื่น หรืออาหารเสริม 2 ชั่วโมง -ผู้ป่วยควรรับประทานเกลือแร่ เพื่อลดการสูญเสียน้ำ กรณีที่ท้องร่วง -ไม่มีผลในการรักษาพิษที่เกิดจากสารกัดกร่อน -ไม่ใช้ในเด็กอายุต่ำกว่า 3 ปี -อ่านคำเตือนในฉลากก่อนใช้ยา', 'แก้ท้องเสีย รักษาอาการท้องอืดเฟ้อ อาหารไม่ย่อย ดูดซับสารพิษจากอาหารหรือยา\r\nแล้วขับถ่ายทางอุจจาระ', 7, 1, 2, 10, '0000-00-00', '0000-00-00', NULL, 'ยาแก้ท้องเสีย', NULL),
(244, 'DELTA-CHARCOAL 10X10`S', '100 มก.', '-รับประทานยานี้ตอนท้องว่าง โดยรับประทานก่อนอาหารอย่างน้อย 1 ชั่วโมง\r\nหรือหลังอาหารอย่างน้อย 2 ชั่วโมง -รับประทานยาตามขนาด และความถี่ที่ระบุไว้บนฉลาก (เนื่องจากยาแต่ละชื่อ\r\nการค้าอาจมีปริมาณตัวยาที่แตกต่าง -โดยทั่วไปอาจทานยาคาร์บอนได้ครั้งละ 3-4 เม็ด วันละ', '-ทานยานี้แล้ว อาจมีอุจจาระสีดำ เพราะยาคาร์บอนไม่ได้ดูดซึมเข้าสู่ร่างกาย \r\nแต่เข้าไปจับสารพิษ และแบคทีเรียในลำไส้ แล้วขับออกมาพร้อมอุจจาระ -ห้ามใช้ยานี้เป็นประจำ -หากมียาอื่นที่ต้องรับประทานร่วมด้วย ให้รับประทานยาอื่นๆ ห่างจากยานี้\r\nอย่างน้อย 2 ชั่วโมง -หากต้องการรับประทานนมหรือผลิตภัณฑ์ที่ทำจากนม ให้รับประทานห่างจาก\r\nยานี้อย่างน้อย 2 ชั่วโมง -ไม่ควรดื่มแอลกอฮอล์ในขณะที่รับประทานยานี้ เพราะแอลกอฮอล์จะไปทำ\r\nปฏิกิริยากับยาได้ -หญิงมีครรภ์ กำลังวางแผนจะมีบุตร หรืออยู่ในช่วงให้นมบุตร ควรแจ้งแพทย์\r\nล่วงหน้าก่อนการใช้ยา -ห้ามใช้ยานี้กับผู้ป่วยที่มีภาวะลำไส้อุดตัน มีแผลหรือเลือดออกในกระเพาะอาหาร\r\nหรือลำไส้ อยู่ในภาวะขาดน้ำ เพิ่งเข้ารับการผ่าตัดบริเวณช่องท้อง หรือมีปัญหา\r\nเกี่ยวกับระบบการย่อยอาหาร\r\n', '-ช่วยลดอาการถ่ายเหลวหรือท้องเสียจากภาวะอาหารเป็นพิษ - ดูดซับสารพิษหรือยาบางชนิดจากการรับประทานสารพิษหรือยานั้นเกินขนาด - ช่วยลดอาการท้องอืดท้องเฟ้อ', 7, 1, 2, 10, '0000-00-00', '0000-00-00', NULL, 'ยาแก้ท้องเสีย', NULL),
(245, 'DEMOSANA VIT C (20`S)', 'undefined', 'รับประทานครั้งละ 1 เม็ด วันละ 2 ครั้ง หลังอาหารเช้าเย็น โดยละลายในน้ำดื่ม\r\n 200 ml. ต่อแก้ว', '-เด็กและสตรีมีครรภ์ไม่ควรรับประทาน -ควรรับประทานอาหารให้ครบห้าหมู่', 'เสริมภูมิคุ้มกัน ปัญหาไข้หวัดไวรัส ปัญหาภูมิแพ้ ดูแลผิวให้เนียนกระจ่าง ปัญหาผิวหมองคล้ำ\r\nปัญหาริ้วรอยเหี่ยวย่น ป้องกันการขาดวิตามินซี ปัญหาโรคปากนกกระจอก ปัญหาโรคต้อกระจก\r\nปัญหาแผลหายช้า ปัญหารอยดำจากสิว จากแผลเป็น', 7, 1, 5, 20, '0000-00-00', '0000-00-00', NULL, 'ผลิตภัณฑ์เสริมอาหาร', NULL),
(246, 'DEMOSANA ZINC+C (20`S)', 'undefined', 'รับประทานครั้งละ 1 เม็ด วันละ 2 ครั้ง หลังอาหารเช้าเย็น โดยละลายในน้ำดื่ม\r\n 200 ml. ต่อแก้ว', '-เด็กและสตรีมีครรภ์ไม่ควรรับประทาน -ควรรับประทานอาหารให้ครบห้าหมู่', '-ช่วยลดสาเหตุของสิวอุดตัน สิวอักเสบ สิวผด ลดการเกิด P-acne สาเหตุที่ทำให้เกิดสิวอักเสบได้ - ช่วยกระตุ้นการไหลเวียนโลหิต   -เสริมสร้างการเจริญเติบโตให้กับร่างกาย   - เพิ่มประสิทธิภาพการทำงานของสมอง   -ช่วยให้ร่างกายฟื้นตัวได้ดี  ', 7, 1, 5, 20, '0000-00-00', '0000-00-00', NULL, 'ผลิตภัณฑ์เสริมอาหาร', NULL),
(247, 'DENTISTE` Mouth Spray Zine', '20 มล.', 'ฉีดพ่นบริเวณช่องปาก 1-2 ครั้ง ใช้ได้บ่อยตามต้องการ', NULL, 'สเปรย์ดูแลช่องปาก ช่วยลดอาการเจ็บคอ คันคอ ไอ ต่อมทอลซิลอักเสบ แผลร้อนใน เหงือกอักเสบ \r\nเยื่อบุปากอักเสบ อันมีสาเหตุมาจากเชื้อไวรัส และแบคทีเรีย และมีอาการปวดอักเสบร่วมด้วย \r\nพร้อมลดกลิ่นปากจากเชื้อแบคทีเรีย ช่วยให้กลิ่นปากหอมสดชื่น', 41, 6, 3, 1, '0000-00-00', '0000-00-00', NULL, 'บรรเทาอาการเจ็บคอ ดูแลช่องปาก', NULL);
INSERT INTO `drug_information` (`id`, `name`, `size`, `use_medicine`, `contraindications`, `properties`, `drug_type_id`, `category_id`, `package_id`, `quantity`, `production_date`, `expiration_date`, `price`, `keyword`, `link_images`) VALUES
(248, 'DENTOFIZZ 15`S', 'undefined', 'ใช้ Dentofizz 1 เม็ด กับน้ำสะอาดอุณหภูมิห้อง 1 แก้ว (ห้ามใช้น้ำเดือด) \r\nแช่เครื่องมือหรือฟันปลอมไว้ประมาณ 10 นาที แล้วนำขึ้นมาแปรงเบา ๆ จะช่วย\r\nให้ความสกปรกหลุดออกง่ายขึ้น', '-เก็บให้พ้นมือเด็ก -ห้ามนำเม็ดฟู่เข้าปาก ไม่ควรให้เม็ดฟู่สัมผัสตาและผิว เพราะอาจทำให้เกิดการระคายเคืองได้ -ห้ามดื่มน้ำแช่ฟันปลอม หรือนำมาใช้แทนน้ำยาบ้วนปาก -ควรเก็บไว้ที่แห้งและเย็น', '-ช่วยลดคราบพลัค และคราบสีบนผิวฟันปลอมได้อย่างทั่วถึง -ขจัดกลิ่นไม่พึงประสงค์ เพิ่มความหอมสดชื่นด้วยกลิ่นสเปียร์มินต์ -ลดการสะสมของเชื่อโรค ซึ่งโรคสาเหตุหนึ่งของการอักเสบของเยื่อบุช่องปาก -ไม่ทำอันตรายต่อฟันปลอม', 42, 1, 3, 15, '0000-00-00', '0000-00-00', NULL, 'เม็ดฟู่ทำความสะอาด,ฟันปลอม', NULL),
(249, 'DEOLIN 40MG (1X10`S)', '40 มก.', '-การใช้ยาในเด็กอายุ 1-5 ปี ขนาด 20 มิลลิกรัม วันละ 3-4 ครั้ง -การใช้ยาในเด็กอายุ 6-12 ปี ขนาด 40 มิลลิกรัม วันละ 3 ครั้ง -การใช้ยาในผู้ใหญ่ ขนาด 40-80 มิลลิกรัม วันละ 3 ครั้ง', '-ห้ามใช้ยานี้ในผู้ป่วยที่มีการแพ้ยา Drotaverine -ห้ามใช้ยานี้ในผู้ป่วยโรคตับ โรคไต และโรคหัวใจระดับรุนแรง หากมีโรคดังกล่าว\r\nควรปรึกษาแพทย์ก่อนใช้ -ห้ามใช้ยานี้ในผู้ป่วยพอร์ฟิเรีย (Porphyria) ซึ่งเป็นโรคทางพันธุกรรมที่เกิดขึ้นจาก\r\nการที่ร่างกายสร้างสารพอร์ไฟรินมากเกินไป พอร์ไฟรินเป็นสารที่เกี่ยวข้องการกับ\r\nทำงานของเม็ดเลือดแดง สารพอร์ไฟรินที่มากเกินไปส่งผลต่อความผิดปกติของ\r\nร่างกายหลายรูปแบบ เช่น ด้านระบบประสาท (อาการวิตกกังวล เห็นภาพหลอน) \r\nด้านระบบเลือด (ความดันโลหิต) ด้านระบบกล้ามเนื้อ (ปวดกล้ามเนื้อ อ่อนแรง อัมพาต) \r\nและ ด้านระบบหายใจ (หายใจลำบาก) บางกรณีอาจมีผลด้านระบบผิวหนังด้วย -สตรีมีครรภ์ และสตรีที่อยู่ในระหว่างให้นมบุตรควรใช้ยานี้อย่างระมัดระวัง', 'ใช้รักษาอาการต่างๆ ดังต่อไปนี้ -ปวดท้องจากการหดเกร็งของกล้ามเนื้อเรียบในระบบทางเดินอาหาร  -นิ่วในไต  -กระเพาะปัสสาวะอักเสบ -หลอดเลือดแดงโคโรนารี (Coronary spasm) ตีบ  -อาการปวดประจำเดือน -ถุงน้ำดี -นิ่วในถุงน้ำดี  -ถุงน้ำดีอักเสบ', 7, 1, 2, 10, '0000-00-00', '0000-00-00', NULL, 'ยาแก้อาการหดเกร็ง', NULL),
(250, 'DEPO-A 150MG (10vialX3ml)', '150 มก.', 'ฉีดเข้ากล้ามเนื้อสะโพกหรือกล้ามเนื้อต้นแขน กำหนดให้ฉีดทุก 12 สัปดาห์ \r\nหรือ 84 วัน', 'ผู้ที่ห้ามใช้ยาคุมกำเนิดชนิดฉีด (ชนิดที่มีฮอร์โมนโพรเจสตินอย่างเดียว) ได้แก่ ผู้ที่ตั้งครรภ์ \r\n(ผู้ที่มีความเสี่ยงจึงต้องตรวจการตั้งครรภ์ก่อน) ผู้ที่มีภาวะเลือดออกจากช่องคลอดหรือ\r\nทางเดินปัสสาวะอย่างผิดปกติโดยไม่ทราบสาเหตุ ผู้ที่เป็นโรคมะเร็งเต้านมในช่วง 5 ปี\r\nที่ผ่านมา ผู้ที่เป็นโรคตับรุนแรง ผู้ที่เป็นโรคหลอดเลือดดำอักเสบร่วมกับมีลิ่มเลือด \r\n(thrombophlebitis) ผู้ที่เป็นหรือมีประวัติว่าเคยเป็นโรคลิ่มเลือดหลุดอุดหลอดเลือด \r\n(thromboembolic disorders) ตลอดจนผู้ที่เป็นโรคหลอดเลือดสมอง ซึ่งในกรณีโรคที่\r\nเกี่ยวข้องกับการเกิดภาวะลิ่มเลือดในหลอดนั้น แม้ข้อมูลยังไม่ชัดเจนว่ายาจะเพิ่ม\r\nความเสี่ยงต่อการเกิดโรคเหล่านั้นหรือไม่ แต่หากมีโรคเหล่านั้นอยู่ก่อนแล้ว จะห้ามใช้\r\nยาฉีดชนิดที่กล่าวถึง', 'ยาคุมกำเนิดชนิดฉีดมีประสิทธิภาพสูงในการป้องกันการตั้งครรภ์ และเพิ่มความสะดวก\r\nเนื่องจากไม่ต้องรับประทานยาทุกวัน', 43, 6, 3, 10, '0000-00-00', '0000-00-00', NULL, 'ยาคุมกำเนิด', NULL),
(251, 'DERMAHEU CREAM 15G.', '15 กรัม', 'ทาบางๆ บริเวณที่เป็น วันละ 2-3 ครั้ง', 'ห้ามใช้ในผู้ที่ปลูกฝี ฝีดาษ อีสุกอีใส และในรายที่เป็นวัณโรคของผิวหนัง', 'รักษาโรคผิวหนังอักเสบ คัน ผื่นจากการแพ้ ตุ้มพุพอง ตกสะเก็ด คัน แสบ ผิวหนังอักเสบจาก\r\nเชื้อแบคทีเรียหรือเชื้อราร่วมด้วย', 10, 4, 3, 1, '0000-00-00', '0000-00-00', NULL, 'ยาทารักษาผิวหนัง', NULL),
(252, 'DERMAHEU CREAM 25G.', '25 กรัม', 'ทาบางๆ บริเวณที่เป็น วันละ 2-3 ครั้ง', 'ห้ามใช้ในผู้ที่ปลูกฝี ฝีดาษ อีสุกอีใส และในรายที่เป็นวัณโรคของผิวหนัง', 'รักษาโรคผิวหนังอักเสบ คัน ผื่นจากการแพ้ ตุ้มพุพอง ตกสะเก็ด คัน แสบ ผิวหนังอักเสบจาก\r\nเชื้อแบคทีเรียหรือเชื้อราร่วมด้วย', 10, 4, 3, 1, '0000-00-00', '0000-00-00', NULL, 'ยาทารักษาผิวหนัง', NULL),
(253, 'DERMATIX ACNE SCAR 5G', '5 กรัม', 'ทา 2 ครั้ง ในตอนเช้าและก่อนนอน หลังจากนั้นอาจตามด้วยครีมกันแดดและ\r\nเครื่องสำอาง', '-ใช้ทาภายนอกเท่านั้น  -หลีกเลี่ยงการสัมผัสควงตาและเยื่อบุผิวบริเวณต่างๆเช่น ๆ ริมฝีปากโพรงจมูกแลมองปาก\r\nหากเนื้อเจลสัมผัสเยื่อบุผิวบริเวณดังกล่าวให้รีบล้างออกด้วยน้ำสะอาดปริมาณมากๆทันที -เก็บผลิตภัณฑ์ให้ไกลจากแหล่งความร้อนต่างๆ เก็บที่อุณหภูมิต่ากว่า 30 องศาเซลเซียส', 'ช่วยลดเลือน จุดด่างดำ และรอยแผลเป็นจากสิวจางลง ด้วยนวัตกรรมจาก CPX Technology \r\nและ ActivGCS (สารสกัดจากเมือกหอยทาก) Dermatix Acne Scar ช่วยลดเลือนจุดด่างดำ \r\nโดยการชะลอการส่งเม็ดสีเมลานินไปสู่ผิวชั้นบนสุดของผิวหนัง พร้อมกับการลดรอยแผลเป็นจาก\r\nสิวด้วยการป้องกันการอักเสบของสิว ในขณะเดียวกันก็กระตุ้นการสร้างคอลลาเจนเพื่อซ่อมแซม\r\nบริเวณรอยแผลเป็นอย่างเป็นธรรมชาติ ช่วยให้ผิวของคุณจะกระจ่างใสและเรียบเนียนขึ้นด้วย\r\n Dermatix Acne Scar ซึ่งเป็นสูตรที่มีสารออกฤทธิ์หลายชนิดที่ทำงานร่วมกันเพื่อช่วยลดเลือน\r\nจุดด่างดำ และรอยแผลเป็นจากสิว', 10, 4, 3, 1, '0000-00-00', '0000-00-00', NULL, 'ยารักษารอยแผลเป็น', NULL),
(254, 'DERMATIX ULTRA GEL 15G.', '15 กรัม', '1.ทำความสะอาดผิวบริเวณรอยแผลเป็นและเช็คให้แห้ง \r\n2.บีบเจล Dermatix Ultra Gel ขนาดเท่าเมล็ดถั่วเขียว ปาดบางๆบริเวณ\r\nรอยแผลเป็นความยาวประมาณ 4-6นิ้ว 3.ทิ้งไว้ให้แห้งประมาณ 1-2นาที\r\nและสามารถทาครีมกันแดด แต่งหน้า ใส่เสื้อผ้าทับได้ตามปกติ \r\nควรทา Dermatix Ult', '1.ห้ามใช้กับแผลเปิดหรือแผลสดบริเวณใกล้ดวงตา และ Mucous membrane \r\n2.ห้ามใช้ร่วมกับยาปฏิชีวนะ *ใช้กับแผลเป็นชนิด Immature โดยทำให้แผลเป็นนุ่มขึ้น และป้องกันการเกิดแผลเป็นในแผลใหม่เท่านั้น', '-ใช้ป้องกันและรักษาแผลชนิดไฮเปอร์โทรปิกส์ แผลเป็นนูน และแผลคีรอยด์ที่เกิดขึ้นใหม่ \r\nหรือมีอายุไม่เกิน 2 ปี ที่เกิดจากสาเหตุต่างๆ เช่น การผ่าตัด อุบัติเหตุ ไฟไหม้ น้ำร้อนลวก \r\nด้วยส่วนผสมที่อยู่ในผลิตภัณฑ์จะช่วยลดรอยแผลเป็นโดยไม่รู้สึกเหนอะหนะ เกลี่ยง่ายบริเวณที่ทา -โดย Dermatix Ultra Gel ผ่านการทดสอบทางคลินิกแล้วว่า ด้วยคุณสมบัติของ CPX ช่วยให้\r\nแผลเป็นระยะแรกอ่อนนุ่มขึ้นและยุบตัว และ Vitamin C Eater ช่วยให้แผลดีขึ้นและสีจางลง', 10, 4, 3, 1, '0000-00-00', '0000-00-00', NULL, 'ยารักษารอยแผลเป็น', NULL),
(255, 'DERMATIX ULTRA GEL 5G.', '5 กรัม', '1.ทำความสะอาดผิวบริเวณรอยแผลเป็นและเช็คให้แห้ง \r\n2.บีบเจล Dermatix Ultra Gel ขนาดเท่าเมล็ดถั่วเขียว ปาดบางๆบริเวณ\r\nรอยแผลเป็นความยาวประมาณ 4-6นิ้ว 3.ทิ้งไว้ให้แห้งประมาณ 1-2นาที\r\nและสามารถทาครีมกันแดด แต่งหน้า ใส่เสื้อผ้าทับได้ตามปกติ \r\nควรทา Dermatix Ult', '1.ห้ามใช้กับแผลเปิดหรือแผลสดบริเวณใกล้ดวงตา และ Mucous membrane \r\n2.ห้ามใช้ร่วมกับยาปฏิชีวนะ *ใช้กับแผลเป็นชนิด Immature โดยทำให้แผลเป็นนุ่มขึ้น และป้องกันการเกิดแผลเป็นในแผลใหม่เท่านั้น', '-ใช้ป้องกันและรักษาแผลชนิดไฮเปอร์โทรปิกส์ แผลเป็นนูน และแผลคีรอยด์ที่เกิดขึ้นใหม่ \r\nหรือมีอายุไม่เกิน 2 ปี ที่เกิดจากสาเหตุต่างๆ เช่น การผ่าตัด อุบัติเหตุ ไฟไหม้ น้ำร้อนลวก \r\nด้วยส่วนผสมที่อยู่ในผลิตภัณฑ์จะช่วยลดรอยแผลเป็นโดยไม่รู้สึกเหนอะหนะ เกลี่ยง่ายบริเวณที่ทา -โดย Dermatix Ultra Gel ผ่านการทดสอบทางคลินิกแล้วว่า ด้วยคุณสมบัติของ CPX ช่วยให้\r\nแผลเป็นระยะแรกอ่อนนุ่มขึ้นและยุบตัว และ Vitamin C Eater ช่วยให้แผลดีขึ้นและสีจางลง', 10, 4, 3, 1, '0000-00-00', '0000-00-00', NULL, 'ยารักษารอยแผลเป็น', NULL),
(256, 'DERMATOP CREAM 5G.', '5 กรัม', 'ทาบางๆ บริเวณที่เป็น วันละ 1-2 ครั้ง', 'ไม่ควรทาเป็นบริเวณกว้าง ทางที่ดีไม่ควรทาเกินจากผิวบริเวณที่ต้องการรักษา และไม่ควร\r\nปิดทับบริเวณที่ทาด้วย Plastic Wrap หรือ Plaster เพราะจะเพิ่มการดูดซึม เว้นแต่เป็น\r\nการใช้ภายใต้การดูแลของแพทย์', 'ยาทาผิวหนัง dermatop เป็นยาทาสเตียรอยด์ชนิดความแรงปานกลาง บรรเทาอาการอักเสบและ\r\nอาการคันในโรคผิวหนังต่างๆที่มีการอักสบ เหมาะกับทาผิวหนังบริเวณที่บอบบาง เหมาะสำหรับ\r\nเด็กที่มีผิวบอบบางแต่ต้องการใช้ยาชนิดทาภายนอกเพื่อลดการอักเสบของผิวหนัง', 10, 4, 3, 1, '0000-00-00', '0000-00-00', NULL, 'ยาทารักษาผิวหนัง', NULL),
(257, 'DERMAZIN CREAM 25G', '25 กรัม', 'ทาวันละ 2 ครั้ง ก่อนทายาล้างแผลให้สะอาด', '-ห้ามใช้กับผู้ที่แพ้ยานี้ -ห้ามใช้ยานี้กับสตรีมีครรภ์ สตรีที่อยู่ในภาวะให้นมบุตร และเด็ก โดยไม่มีคำสั่ง จากแพทย์ -ห้ามรับประทาน ห้ามมิให้ยานี้สัมผัสกับตา หรือเข้าปาก เข้าจมูก -ห้ามปรับขนาดการใช้ยาโดยไม่มีคำสั่งจากแพทย์ -ห้ามใช้ยานานเกินจากคำสั่งแพทย์ -ห้ามใช้ยาที่มีสภาพเปลี่ยนไปจากลักษณะเดิม เช่น สียาเปลี่ยนไป -หากหลังการใช้ยานี้แล้วอาการไม่ดีขึ้นใน 2-3 วัน หรืออาการเลวลง ให้รีบกลับมาพบแพทย์ -หยุดการใช้ยานี้ทันทีถ้าพบอาการแพ้ยา โดยสังเกตจาก อาการอึดอัด/แน่นหน้าอก /หายใจ\r\nไม่ออก/หายใจลำบาก ใบหน้า-ปาก-ลิ้นบวม เกิดผื่นคันตามร่างกาย หากพบอาการเหล่านี้\r\nต้องรีบนำตัวผู้ป่วยส่งโรงพยาบาลทันที/ฉุกเฉิน', 'รักษาการติดเชื้อ แผลสด แผลหนอง และแผลไฟไหม้', 10, 4, 3, 1, '0000-00-00', '0000-00-00', NULL, 'ยาทารักษาผิวหนัง', NULL),
(258, 'DERMOVATE SCALP 30ML.', '30 มล.', 'ใช้ยาปริมาณเล็กน้อยทาบริเวณหนังศีรษะ ตอนกลางคืน และเช้า', '-ผู้ที่ตั้งครรภ์ วางแผนจะตั้งครรภ์หรือให้นมบุตร ควระมัดระวังในการใช้ -หลีกเลี่ยงการสัมผัสกับตา -ไม่ควรใช้ยานี้สำหรับผื่นผ้าอ้อม\r\n', 'ป้องกันและรักษาอาการผิวหนังอักเสบและอาการคัน หนังศีรษะลอก', 10, 6, 3, 1, '0000-00-00', '0000-00-00', NULL, 'น้ำยาทาหนังศีรษะรักษาผิวหนังอักเสบ', NULL),
(259, 'DERTEC CREAM 15G.', '15 กรัม', 'ทาบางๆ บริเวณที่เป็น วันละ 2-3 ครั้ง', '-ห้ามใช้กับแผลงูสวัด -หลีกเลี่ยงการใช้ใกล้กับบริเวณนัยน์ตา', 'รักษาโรคผิวหนังที่อักเสบเนื่องจากอาการแพ้ที่เกิดจากเชื้อรา ที่เกิดจากการติดเชื้อแบคทีเรียและเชื้อรา\r\nร่วมด้วย เช่น โรคเอ็คซีม่า โรคน้ำกัดเท้า โรคผิวหนังอักเสบ เช่น ต่อมไขมันอักเสบ และบรรเทา\r\nอาการคันที่ทวารหนัก', 10, 4, 3, 1, '0000-00-00', '0000-00-00', NULL, 'ยาทารักษาผิวหนัง เชื้อรา', NULL),
(260, 'DESLORA SYRUP 60ML', '60 มล.', 'ขนาดใช้ยาขึ้นอยู่กับอายุ อาการ และการตอบสนองต่อการรักษา ห้ามเพิ่มขนาด\r\nยาหรือใช้ยาเกินกว่าที่แพทย์สั่ง', '-ระวังการใช้ยานี้ในผู้ป่วยโรคไต -ระวังการใช้ยานี้ในผู้ป่วยโรคตับ -ระวังการใช้ยานี้ในสตรีมีครรภ์ -ระวังการใช้ยานี้ในสตรีให้นมบุตร -ห้ามใช้ยานี้ในผู้ป่วยที่แพ้ยานี้', 'สำหรับบรรเทาอาการแพ้ เช่น น้ำตาไหล น้ำมูกไหล มีอาการคันที่ตา/จมูก จาม มีลมพิษ และมีอาการคัน', 7, 6, 3, 1, '0000-00-00', '0000-00-00', NULL, 'ยาแก้แพ้', NULL),
(261, 'Dettol 125ML', '125 มล.', 'ใช้ชำระล้าง \r\nบาดแผล แผลสัตว์กัด หรือแมลงต่อย: ใช้น้ำยาเจือจาง 5% หรือใช้น้ำยา 1 ฝา (21มล.) ผสมน้ำ 420 มล. \r\nใช้เพื่ออนามัยส่วนตัว\r\nอาบน้ำ: ใช้น้ำยา 1 ฝา (21 มล.) ผสมน้ำอาบ ขจัดรังแค: ใช้น้ำยาเจือจาง 2.5% หรือใช้น้ำยา 1 ฝา (21 มล.) ผสมน้ำอุ่น 840 มล.\r\nสำห', 'ยาใช้ภายนอก ยาใช้เฉพาะที่ ห้ามรับประทาน', 'ฆ่าเชื้อโรคที่เป็นสาเหตุของการติดเชื้อ สามารถใช้ชำระล้าง เพื่ออนามันส่วนตัว ใช้บนพื้นผิวต่างๆหรือประยุกต์ใช้ในกิจกรรมอื่นๆ เช่น อุปกรณ์, เครื่องมือ, เครื่องใช้ส่วนตัว เป็นต้น', 10, 6, 4, 1, '0000-00-00', '0000-00-00', '99.99', 'ฆ่าเชื้อโรคที่เป็นสาเหตุของการติดเชื้อ ภายนอก', NULL),
(262, 'Dettol 250ML', '250 มล.', 'ใช้ชำระล้าง \r\nบาดแผล แผลสัตว์กัด หรือแมลงต่อย: ใช้น้ำยาเจือจาง 5% หรือใช้น้ำยา 1 ฝา (21มล.) ผสมน้ำ 420 มล. \r\nใช้เพื่ออนามัยส่วนตัว\r\nอาบน้ำ: ใช้น้ำยา 1 ฝา (21 มล.) ผสมน้ำอาบ ขจัดรังแค: ใช้น้ำยาเจือจาง 2.5% หรือใช้น้ำยา 1 ฝา (21 มล.) ผสมน้ำอุ่น 840 มล.\r\nสำห', 'ยาใช้ภายนอก ยาใช้เฉพาะที่ ห้ามรับประทาน', 'ฆ่าเชื้อโรคที่เป็นสาเหตุของการติดเชื้อ สามารถใช้ชำระล้าง เพื่ออนามันส่วนตัว ใช้บนพื้นผิวต่างๆหรือประยุกต์ใช้ในกิจกรรมอื่นๆ เช่น อุปกรณ์, เครื่องมือ, เครื่องใช้ส่วนตัว เป็นต้น', 10, 6, 4, 1, '0000-00-00', '0000-00-00', '99.99', 'ฆ่าเชื้อโรคที่เป็นสาเหตุของการติดเชื้อ ภายนอก', NULL),
(263, 'Dettol 500ML', '500 มล.', 'ใช้ชำระล้าง \r\nบาดแผล แผลสัตว์กัด หรือแมลงต่อย: ใช้น้ำยาเจือจาง 5% หรือใช้น้ำยา 1 ฝา (21มล.) ผสมน้ำ 420 มล. \r\nใช้เพื่ออนามัยส่วนตัว\r\nอาบน้ำ: ใช้น้ำยา 1 ฝา (21 มล.) ผสมน้ำอาบ ขจัดรังแค: ใช้น้ำยาเจือจาง 2.5% หรือใช้น้ำยา 1 ฝา (21 มล.) ผสมน้ำอุ่น 840 มล.\r\nสำห', 'ยาใช้ภายนอก ยาใช้เฉพาะที่ ห้ามรับประทาน', 'ฆ่าเชื้อโรคที่เป็นสาเหตุของการติดเชื้อ สามารถใช้ชำระล้าง เพื่ออนามันส่วนตัว ใช้บนพื้นผิวต่างๆหรือประยุกต์ใช้ในกิจกรรมอื่นๆ เช่น อุปกรณ์, เครื่องมือ, เครื่องใช้ส่วนตัว เป็นต้น', 10, 6, 4, 1, '0000-00-00', '0000-00-00', '99.99', 'ฆ่าเชื้อโรคที่เป็นสาเหตุของการติดเชื้อ ภายนอก', NULL),
(264, 'Dettol 750ML', '750 มล.', 'ใช้ชำระล้าง \r\nบาดแผล แผลสัตว์กัด หรือแมลงต่อย: ใช้น้ำยาเจือจาง 5% หรือใช้น้ำยา 1 ฝา (21มล.) ผสมน้ำ 420 มล. \r\nใช้เพื่ออนามัยส่วนตัว\r\nอาบน้ำ: ใช้น้ำยา 1 ฝา (21 มล.) ผสมน้ำอาบ ขจัดรังแค: ใช้น้ำยาเจือจาง 2.5% หรือใช้น้ำยา 1 ฝา (21 มล.) ผสมน้ำอุ่น 840 มล.\r\nสำห', 'ยาใช้ภายนอก ยาใช้เฉพาะที่ ห้ามรับประทาน', 'ฆ่าเชื้อโรคที่เป็นสาเหตุของการติดเชื้อ สามารถใช้ชำระล้าง เพื่ออนามันส่วนตัว ใช้บนพื้นผิวต่างๆหรือประยุกต์ใช้ในกิจกรรมอื่นๆ เช่น อุปกรณ์, เครื่องมือ, เครื่องใช้ส่วนตัว เป็นต้น', 10, 6, 4, 1, '0000-00-00', '0000-00-00', '99.99', 'ฆ่าเชื้อโรคที่เป็นสาเหตุของการติดเชื้อ ภายนอก', NULL),
(265, 'Dewax', '15 มล.', 'หยดdewax 5-10 หยด ทิ้งไว้ 15 นาที เเล้วเอียงหัวตามปกติทำความสะอาดเฉพาะน้ำที่ไหลออกมา', '-ควรใช้ติดต่อกันไม่เกิน 4 วัน -ห้ามใช้หากมีอาการปวดหู หรือหูอักเสบ', 'ยาละลาย ขี้หู ขี้หูอุดตัน ', 30, 6, 3, 1, '0000-00-00', '0000-00-00', '99.00', 'ละลายขี้หู, ขี้หูอุดตัน', NULL),
(266, 'Dexoph E/D', '4 มล.', 'ควรแชทปรึกษากับเภสัชกร ก่อนการใช้ยา', 'ยาใช้เฉพาะที่ ยาใช้ภายนอก และห้ามรับประทาน (ควรแชทปรึกษากับเภสัชกร ก่อนการใช้ยา)', '-ใช้ในโรคตาอักเสบชนิดรุนแรงฉับพลัน หรือเรื้อรัง เช่น อาการอักเสบของเยื่อบุหนังตา ลูกตา และกระจกตา -อาการตาแดง หรืออาการแพ้ที่ทำให้เยื่อบุตาอักเสบ มีอาการคันและคัน -ใช้หยอดหู ช่องหูอักเสบ หูอักเสบที่มีน้ำหนวก และคัน, เยื่อบุหูอักเสบ', 30, 6, 3, 1, '0000-00-00', '0000-00-00', '69.00', 'รักษาตาอักเสบ ตาแดง, หูอักเสบ', NULL),
(267, 'Diabederm 10%', '35 กรัม', 'ทาบริเวณที่ต้องการวันละ 1-2 ครั้ง หลังอาบน้ำ โดยเช็ดตัวให้ผิวหมาดๆ มีความความชุ่มชื้น จะช่วยให้ Diabederm cream เก็บกักควาชุมชื้นได้ดียิ่งขึ้น', 'ยาใช้เฉพาะที่ ยาใช้ภายนอก และห้ามรับประทาน', 'เหมาะสำหรับ ผู้ที่มีอาการผิวหนังแห้ง แตกเป็นขุย ผิวหนังหนา และให้ความชุ่มชื้นแก่ผิวหนัง เพิ่มความชุ่มชื้นให้ผิว ลดการแพ้ระคายเคือง ให้ผิวหนังชั้นนอกหลุดลอกอย่างอ่อนโยน', 10, 4, 3, 1, '0000-00-00', '0000-00-00', '80.00', 'ให้ความชุ่มชื้นผิวหนัง', NULL),
(268, 'Diabederm 20% ', '15 กรัม', 'ทาบริเวณที่ต้องการวันละ 1-2 ครั้ง หลังอาบน้ำโดยเช็ดตัวให้ผิวหมาดๆ มีความความชุ่มชื้น จะช่วยให้ Urea cream เก็บกักควาชุมชื้นได้ดียิ่งขึ้น', 'ยาใช้เฉพาะที่ ยาใช้ภายนอก และห้ามรับประทาน', 'ผู้ที่มีอาการผิวหนังแห้งแตกเป็นขุย ผิวหนังหนา และให้ความชุ่มชื้นแก่ผิวหนัง\r\nเพิ่มความชุ่มชื้นให้ผิว ลดการแพ้ระคายเคือง ให้ผิวหนังชั้นนอกหลุดลอกอย่างอ่อนโยน', 10, 4, 3, 1, '0000-00-00', '0000-00-00', '55.00', 'ให้ความชุ่มชื้นผิวหนัง', NULL),
(269, 'Diabederm 20% ', '20 กรัม', 'ทาบริเวณที่ต้องการวันละ 1-2 ครั้ง หลังอาบน้ำโดยเช็ดตัวให้ผิวหมาดๆ มีความความชุ่มชื้น จะช่วยให้ Urea cream เก็บกักควาชุมชื้นได้ดียิ่งขึ้น', 'ยาใช้เฉพาะที่ ยาใช้ภายนอก และห้ามรับประทาน', 'ผู้ที่มีอาการผิวหนังแห้งแตกเป็นขุย ผิวหนังหนา และให้ความชุ่มชื้นแก่ผิวหนังเพิ่มความชุ่มชื้นให้ผิว ลดการแพ้ระคายเคือง ให้ผิวหนังชั้นนอกหลุดลอกอย่างอ่อนโยน', 10, 22, 3, 1, '0000-00-00', '0000-00-00', '95.00', 'ให้ความชุ่มชื้นผิวหนัง', NULL),
(270, 'Diabederm 20% ', '35 ก.', 'ทาบริเวณที่ต้องการวันละ 1-2 ครั้ง หลังอาบน้ำโดยเช็ดตัวให้ผิวหมาดๆ มีความความชุ่มชื้น จะช่วยให้ Urea cream เก็บกักควาชุมชื้นได้ดียิ่งขึ้น', 'ยาใช้เฉพาะที่ ยาใช้ภายนอก และห้ามรับประทาน', 'ผู้ที่มีอาการผิวหนังแห้งแตกเป็นขุย ผิวหนังหนา และให้ความชุ่มชื้นแก่ผิวหนังเพิ่มความชุ่มชื้นให้ผิว ลดการแพ้ระคายเคือง ให้ผิวหนังชั้นนอกหลุดลอกอย่างอ่อนโยน', 10, 22, 3, 1, '0000-00-00', '0000-00-00', '99.99', 'ให้ความชุ่มชิ้นผิวนหัง', NULL),
(271, 'Diclocillin', '500 มก.', 'หากอยู่ในระดับรุนแรงจะต้องใช้ยานาน 14 วัน หรือให้ต่อหลังจากไข้ลงแล้ว 2 วัน โดยทั่วไปรับประทานวันละ 4ครั้ง ทุก 6 ชั่วโมง', '(ผลข้างเคียง)คลื่นไส้ อาเจียน ปวดท้อง\r\nคันช่องคลอด หรือมีตกขาว\r\nปวดหัว\r\nลิ้นบวม สีเข้มขึ้น\r\nมีปื้นขาวภายในปาก ', 'เป็นยาปฏิชีวนะในกลุ่มเพนนิซิลิน (Penicillin) ใช้รักษาโรคที่เกิดจากการติดเชื้อแบคทีเรียได้หลายรูปแบบ เช่น ผิวหนังอักเสบติดเชื้อ โรคปอดอักเสบ การติดเชื้อในทางเดินหายใจส่วนบน และภาวะติดเชื้อที่กระจายไปทั่วร่างกาย', 7, 3, 2, 10, '0000-00-00', '0000-00-00', '55.00', 'ยาฆ่าเชื้อ', NULL),
(272, 'Diclox med', '500 มก.', 'กินยาตอนท้องว่าง โดยกินก่อนอาหาร 1 ชั่วโมง หรือกินหลังอาหาร 2 ชวั่ โมง', 'หากลืมรับประทานยาให้รับประทานยาทันทีแต่ห้ามทานเป็นขนาด 2 เท่า', 'เป็นยาปฏิชีวนะในกลุ่มเพนนิซิลิน (Penicillin) ใช้รักษาโรคที่เกิดจากการติดเชื้อแบคทีเรียได้หลายรูปแบบ เช่น ผิวหนังอักเสบติดเชื้อ โรคปอดอักเสบ การติดเชื้อในทางเดินหายใจส่วนบน และภาวะติดเชื้อที่กระจายไปทั่วร่างกาย', 7, 3, 2, 10, '0000-00-00', '0000-00-00', '60.00', 'ยาฆ่าเชื้อ', NULL),
(273, 'Difelene', '25 มก.', 'ทาบริเวณที่ปวด เมื่อมีอาการ', 'ห้ามรับประทาน', 'เป็นยาแก้ปวดในกลุ่มยาต้านอักเสบชนิดไม่ใช่สเตียรอยด์ (NSAID) ตัวยาจะออกฤทธิ์ยับยั้งการสร้างสารโพรสตาแกลนดิน (Prostaglandins) ในร่างกายที่ก่อให้เกิดอาการบวมและอักเสบ จึงช่วยบรรเทาอาการปวดบวมจากการอักเสบ ปวดข้อกระดูก เช่น โรคข้อเสื่อม ข้ออักเสบรูมาตอยด์ ปวดท้องประจำเดือน ข้ออักเสบ อาการปวดทั่วไป', 10, 4, 3, 1, '0000-00-00', '0000-00-00', '99.99', 'ยาทาแก้ปวด', NULL),
(274, 'Difelene', '50 มก.', 'รับบประทานเมื่อมีอาการ', NULL, 'เป็นยาแก้ปวดในกลุ่มยาต้านอักเสบชนิดไม่ใช่สเตียรอยด์ (NSAID) ตัวยาจะออกฤทธิ์ยับยั้งการสร้างสารโพรสตาแกลนดิน (Prostaglandins) ในร่างกายที่ก่อให้เกิดอาการบวมและอักเสบ จึงช่วยบรรเทาอาการปวดบวมจากการอักเสบ ปวดข้อกระดูก เช่น โรคข้อเสื่อม ข้ออักเสบรูมาตอยด์ ปวดท้องประจำเดือน ข้ออักเสบ อาการปวดทั่วไป', 10, 4, 3, 1, '0000-00-00', '0000-00-00', '33.00', 'ยาทาแก้ปวด', NULL),
(275, 'Difflam forte throat spray ', '15 มล.', 'ผู้ใหญ่ : สเปรย์ 2-4 ครั้ง เมื่อมีอาการเจ็บ หรือตรงพื้นที่อักเสบ (และกลืนเบาๆ) สามรถฉีดซ้ำได้ทุก 1.5-3 ชั่วโมงตามความจำเป็น - เด็ก อายุ 6-12 ปี : สเปรย์ 2 ครั้ง ตรงบริเวณที่เจ็บ หรือพื้นที่อักเสบ (และกลืนเบาๆ) สามรถฉีดซ้ำได้ ทุก 1.5-3 ชั่วโมงตามความจำเป็น', 'ห้ามรับประทาน', '- ใช้ได้กับเด็ก 6 ปีขึ้นไป และผู้ใหญ่ - ไม่มีน้ำตาล เหมาะสำหรับผู้ป่วยเบาหวาน - ช่วยบรรเทาอาการ ต่อมทอนซิลอักเสบ, เจ็บคอ - เยื่อบุในช่องปากอักเสบเนื่องจากการฉายรังสี mucositis - แผลร้อนใน คอหอยอักเสบ บวม แดง', 27, 6, 3, 1, '0000-00-00', '0000-00-00', '99.99', 'ยาบรรเทาอาการเจ็บคอ', NULL),
(276, 'Diflex gel', '25 ก.', 'ทาบริเวณที่ปวดในปริมาณที่พอเหมาะ', 'อาการข้างเคียง ได้แก่ บวมแดงร้อน บริเวณผิวหนังที่ทา อาการข้างเคียงที่รุนแรงพบได้น้อย เช่น หายใจขัด', 'บรรเทาอาการปวดจากการขยายหลอดเลือดและทำให้รู้สึกร้อนบริเวณที่ทา', 10, 4, 3, 1, '0000-00-00', '0000-00-00', '30.00', 'ยาทาแก้ปวด', NULL),
(277, 'DIMENHYDRINATE', '50 มก.', 'ผู้ใหญ่ ให้รับประทานยาในปริมาณ 50–100 มิลลิกรัม ทุก 4–6 ชั่วโมง โดยปริมาณยาสูงสุดใน 1 วันจะไม่เกิน 300–400 มิลลิกรัม แต่ในกรณีที่แพทย์ใช้สำหรับป้องกันอาการเมารถ แพทย์จะให้ผู้ป่วยรับประทานยาก่อนทำกิจกรรมที่อาจส่งผลให้เกิดอาการ 30 นาที–1 ชั่วโมง ทั้งนี้ ในบ', 'อาการแพ้ยา เช่น มีผื่นขึ้น เวียนศีรษะรุนแรง หายใจไม่ออก เกิดอาการบวมบริเวณใบหน้า ริมฝีปาก ลำคอ มือ และเท้า', 'ยาแก้วิงเวียน เป็นยาใช้สำหรับป้องกันและรักษาอาการคลื่นไส้ อาเจียน วิงเวียนศีรษะ และภาวะป่วยที่เกิดจากการเดินทาง เช่น เมารถ เมาเรือ', 7, 2, 2, 10, '0000-00-00', '0000-00-00', '60.00', 'ยาแก้วิงเวียนศีรษะ', NULL),
(278, 'DIORA ', '0.15 มก.', 'รับประทานยาต่อเนื่องตั้งแต่เม็ดที่ 1 วันละ 1 เม็ด ควรรับประทานยาในเวลาเดิมของทุกวัน เช่น รับประทานยาเม็ดแรก เวลา 20.00 น. ก็ควรรับประทานยาเม็ดถัดไปจนหมดแผงในเวลา 20.00 น. หรือคาดเคลื่อนไม่เกิน 3 ชั่วโมงของเวลาเดิมเพื่อประสิทธิภาพสูงสุดในการคุมกำเนิด โดยแน', 'ระวังการใช้ยาในผู้ป่วยที่สูบบุหรี่โดยเฉพาะในผู้ที่สูบบุหรี่จัดและมีอายุมากกว่า 35 ปีเนื่องจากมีความเสี่ยงในการเกิดโรคหัวใจและหลอดเลือด ได้แก่ การเกิดโรคกล้ามเนื้อหัวใจขาดเลือด', 'ยาคุมกำเนิดในรูปแบบยาเม็ดผสม (combination oral contraceptive; COC) สำหรับรับประทาน', 7, 2, 2, 21, '0000-00-00', '0000-00-00', '85.00', 'ยาคุมกำเนิด', NULL),
(279, 'Dioxzye รสมิ้นท์', '80 มก.', 'เคี้ยวก่อนกลืน ผู้ใหญ่ ทานครั้งละ 1 เม็ด เมื่อมีอาการ วันละ 4 ครั้ง ไม่เกินวันละ 6 เม็ด', NULL, 'แก้จุกเสียดแน่นท้อง', 7, 2, 2, 10, '0000-00-00', '0000-00-00', '17.00', 'ยาแก้จุกเสืยดท้อง', NULL),
(280, 'Dioxzye รสส้ม', '80 มก.', 'เคี้ยวก่อนกลืน ผู้ใหญ่ ทานครั้งละ 1 เม็ด เมื่อมีอาการ วันละ 4 ครั้ง ไม่เกินวันละ 6 เม็ด', NULL, 'แก้จุกเสียดแน่นท้อง', 7, 2, 2, 10, '0000-00-00', '0000-00-00', '17.00', 'ยาแก้จุกเสืยดท้อง', NULL),
(281, 'DIPAZIDE 5MG.10`S.', '5 มก.', 'รับประทานวันละครั้ง ก่อนอาหารเช้าครึ่งชั่วโมงขนาดเริ่มต้น 5 มก ต่อวัน\r\nสำหรับผู้สูงอายุหรือมีโรคตับให้ขนาดวันละ 2.5 มก ต่อวัน\r\nปรับยาครั้งละ 2.5-5 มก ต่อวัน ระยะเวลาปรับยาประมาณ 7-14 วัน\r\nหากไม่ได้ผลอาจจะแบ่งให้วันละ 2 ครั้งหากได้ยาตั้งแต่ 15 มก ขึ้นไปควร', '-ควรแจ้งแพทย์และเภสัชกรว่า กำลังใช้ยาอะไรอยู่บ้าง ทั้งสมุนไพร และวิตามิน -ผู้ที่ตั้งครรภ์หรืออยู่ในระยะให้นมบุตร ควรระมัดระวังการใช้ยานี้ -ผู้ที่มีโรคหัวใจ โรคตับ โรคไต โรคต่อมไทรอยด์ ควรระมัดระวังการใช้ยานี้ -หากเกิดตั้งครรภ์ในระหว่างใช้ยา ให้หยุดยา และพบแพทย์ทันที', 'ยานี้ใช้รักษาโรคเบาหวานประเภท 2 (ไม่ต้องใช้อินซูลิน) ซึ่งไม่สามารถควบคุมได้ด้วยอาหาร ยานี้ลด\r\nน้ำตาลในเลือด โดยกระตุ้นตับอ่อนให้หลั่งอินซูลิน และช่วยให้ร่างกายใช้อินซูลินอย่างมีประสิทธิภาพ', 7, 1, 2, 10, '0000-00-00', '0000-00-00', NULL, 'ยารักษาเบาหวาน', NULL),
(282, 'DIUTROPAN 5MG (10X10`S)', '5 มก.', 'รับประทานครั้งละ 1 เม็ด วันละ 1-3 ครั้ง หลังอาหารเย็นหรือก่อนนอน', 'ห้ามใช้ในผู้ป่วยที่มีภาวะอุดตันของทางเดินปัสสาวะหรือต้อหินมุมปิดที่ไม่สามารถควบคุม\r\nอาการได้หรือมีความเสี่ยงที่จะเกิด นอกจากนี้ยาทั้งสามชนิดสามารถลดการเคลื่อนไหวใน\r\nทางเดินอาหารจึงควรระมัดระวังการใช้ในผู้ที่มีอาการท้องผูก หรือมีแผลในทางเดินอาหาร \r\nรวมทั้งหลีกเลี่ยงการใช้ในผู้ที่มีภาวะกล้ามเนื้ออ่อนแรง เช่น myasthenia gravis นอกจากนี้\r\n tolterodine ยังมีรายงานการเกิด QT prolong จึงควรหลีกเลี่ยงการใช้ในผู้ที่มีประวัติการเกิด\r\n QT prolong หรือมีภาวะหัวใจเต้นผิดจังหวะ\r\n', 'รักษาอาการที่เกิดเนื่องจากการมีภาวะกระเพาะปัสสาวะบีบตัวไวเกิน (overactive bladder) เช่น \r\nความรู้สึกปวดอยากปัสสาวะอย่างรุนแรงที่เกิดขึ้นอย่างเฉียบพลันจนต้องรีบไปปัสสาวะเร่งด่วน (urgency) \r\nกลั้นปัสสาวะไม่ได้หรือปัสสาวะเล็ดราด (urinary incontinence) และปัสสาวะบ่อย (frequency)', 7, 1, 2, 10, '0000-00-00', '0000-00-00', NULL, 'ยารักษาอาการปัสสาวะเล็ด', NULL),
(283, 'D-LYTE เกลือแร่ชนิดผง 25G.', '25 กรัม', 'เกลือเแร่ 2 ซอง ผสมน้ำเย็น 25 มล.', 'เด็กและทารกไม่ควรรับประทาน ใช้เฉพาะผู้สูญเสียเหงือจากการออกกำลังกายเท่านั้น \r\nไม่ควรรับประทานเกินวันละ 4ซอง', 'วิตามินรวม เสริมความสดชื่น สำหรับผู้ที่เสียเหงื่อมากหรือเพิ่งฟื้นจากไข้ สำหรับผู้ที่เสียเหงื่อมาก \r\nเช่น นักกีฬา ผู้ออกกำลังกาย ผู้ทำงานหนัก', 45, 7, 3, 1, '0000-00-00', '0000-00-00', NULL, 'เครื่องดื่มเกลือแร่', NULL),
(284, 'DOMINOX Suspension 30ML (Tman)', '30 มล.', 'ปริมาณการใช้ยาจะขึ้นอยู่กับจุดประสงค์ของการใช้ยา อายุของผู้ป่วย \r\nและดุลยพินิจของแพทย์ โดยมีตัวอย่างการใช้ยาดังนี้', '-ห้ามใช้ยานี้ในผู้ที่มีประวัติเคยแพ้ยาหรือส่วนประกอบของยานี้ -ระวังการใช้ยานี้ในหญิงให้นมบุตร เนื่องจากไม่มีข้อมูลยืนยันความปลอดภัย แต่แพทย์อาจพิจารณาสั่งใช้ยานี้หากมีเหตุผลทางการแพทย์ -ยานี้มีอันตรกิริยากับยาอื่นหลายชนิด ควรปรึกษาแพทย์หรือเภสัชกร -ไม่ควรใช้เกินกว่าขนาดที่ระบุเพราะอาจทำให้หัวใจเต้นผิดจังหวะ', 'เพื่อบรรเทาอาการคลื่นไส้ อาเจียน จุกเสียด แน่นท้อง ท้องอืด อาหารไม่ย่อย\r\n', 7, 6, 3, 1, '0000-00-00', '0000-00-00', NULL, 'ยาบรรเทาอาการคลื่นไส้ อาเจียน', NULL),
(285, 'DOMPERKRESS SYRUP 60ML', '60 มล.', '-เด็กอายุต่ำกว่า 12 ปี หรือน้ำหนักน้อยกว่า 35 กิโลกรัม แนะนำรับประทานครั้งละ \r\n0.25 มิลลิกรัม / กิโลกรัม วันละ 3 ครั้ง ก่อนอาหาร  -ผู้ใหญ่แนะนำรับประทานครั้งละ10 มิลลิกรัม วันละ3 ครั้งก่อนอาหาร -ขนาดรับประทานยาสูงสุดแนะนำไม่เกิน 30 มิลลิกรัม/วัน ', '-ยานี้ถูกเปลี่ยนแปลงก่อนขับออกจากร่างกายโดยตับเป็นหลัก จึงมีข้อห้ามใช้ในผู้ป่วย\r\nโรคตับบกพร่องระดับปานกลางถึงรุนแรง  -แม้ว่ายาจะถูกขับออกผ่านทางอุจจาระเป็นหลักถึง 66 % แต่ก็ขับออกทางปัสสาวะ 31% \r\nโดยผ่านไต ปกติค่าครึ่งชีวิตของยาประมาณ 7-9 ชั่วโมง แต่ในคนที่เป็นโรคไตบกพร่อมชนิด\r\nรุนแรง ค่าครึ่งชีวิตของยาจะนานขึ้น หมายความว่ายาจะอยู่ในร่างกายได้นานขึ้น ดังนั้นจึง\r\nต้องมีการปรับขนาดยาโดยการลดความถี่ของการใช้ยาเหลือวันละ 1-2 ครั้งตามความรุนแรง\r\nและติดตามค่าไตอย่างสม่ำเสมอ ดังนั้นผู้ป่วยไตควรปรึกษาแพทย์ก่อนใช้ยา', 'เพื่อบรรเทาอาการคลื่นไส้ อาเจียน จุกเสียด แน่นท้อง ท้องอืด อาหารไม่ย่อย\r\n', 7, 6, 3, 1, '0000-00-00', '0000-00-00', NULL, 'ยาบรรเทาอาการคลื่นไส้ อาเจียน', NULL),
(286, 'DOMPER-M 50X10`S', '10 มก.', 'ผู้ใหญ่รับประทานครั้งละ 10 มิลลิกรัม วันละ 3 ครั้ง (ขนาดยาสูงสุดไม่เกินวันละ \r\n30 มิลลิกรัม) ก่อนอาหาร ระยะเวลาที่ใช้ยาควรสั้นที่สุดตามความจำเป็น \r\n(ไม่ควรใช้ต่อเนื่องเกิน 7 วัน)', '-ห้ามใช้ยานี้ในผู้ที่มีประวัติเคยแพ้ยาหรือส่วนประกอบของยานี้ -ระวังการใช้ยานี้ในหญิงให้นมบุตร เนื่องจากไม่มีข้อมูลยืนยันความปลอดภัย แต่แพทย์อาจพิจารณาสั่งใช้ยานี้หากมีเหตุผลทางการแพทย์ -ยานี้มีอันตรกิริยากับยาอื่นหลายชนิด ควรปรึกษาแพทย์หรือเภสัชกร -ไม่ควรใช้เกินกว่าขนาดที่ระบุเพราะอาจทำให้หัวใจเต้นผิดจังหวะ', 'เพื่อบรรเทาอาการคลื่นไส้ อาเจียน จุกเสียด แน่นท้อง ท้องอืด อาหารไม่ย่อย\r\n', 7, 1, 2, 10, '0000-00-00', '0000-00-00', NULL, 'ยาบรรเทาอาการคลื่นไส้ อาเจียน', NULL),
(287, 'DOPROCT OINTMENT 10G.', '10 กรัม', 'ทาเข้าทางทวารหนักวันละ 2 ครั้ง เช้าและเย็น', '-ไม่ควรใช้ยานานเกินกว่า 7 วัน หากยาไม่สามารถรักษาอาการให้ดีขึ้น แนะนำให้ปรึกษาแพทย์ -ไม่ควรใช้ในผู้ป่วยที่มีการติดเชื้อไวรัส เชื้อวัณโรค หรือติดเชื้อรา -ควรระวังการใช้ยาในสตรีมีครรภ์ และสตรีให้นมบุตร', 'ขี้ผึ้งทาริดสีดวงทวารดูปร๊อค ประกอบด้วยตัวยา Hydrocortisone Acetate ใช้ในการบรรเทาอาการ\r\nอักเสบ อันเนื่องมาจากริดสีดวงทวารหนักซึ่งใช้ได้ทั้งริดสีดวงทวารภายนอกและภายใน อาการคันของ\r\nทวารหนัก ลดอาการละคายเคืองเนื่องจากริดสีดวงทวาร', 10, 4, 3, 1, '0000-00-00', '0000-00-00', NULL, 'ยารักษาโรคริดสีดวงทวาร', NULL),
(288, 'DOPROCT SUPPO.10`S.', 'undefined', 'ดูปร๊อคชนิดเหน็บ 1 แท่ง เข้าทางทวารหนักวันละ 2 ครั้ง เช้าและเย็น ควรใช้คู่กับ\r\nดูปร๊อคชนิดขี้ผึ้ง จะได้ผลดียิ่งขึ้น', '-ไม่ควรใช้ยานานเกินกว่า 7 วัน หากยาไม่สามารถรักษาอาการให้ดีขึ้น แนะนำให้ปรึกษาแพทย์ -ไม่ควรใช้ในผู้ป่วยที่มีการติดเชื้อไวรัส เชื้อวัณโรค หรือติดเชื้อรา -ควรระวังการใช้ยาในสตรีมีครรภ์ และสตรีให้นมบุตร', '-ยาเหน็บริดสีดวงทวารดูปร๊อค ประกอบด้วยตัวยา Hydrocortisone Acetate ใช้ในการบรรเทาอาการ\r\nอักเสบ อันเนื่องมาจากริดสีดวงทวารหนักซึ่งใช้ได้ทั้งริดสีดวงทวารภายนอกและภายใน -Zinc Oxide เป็นทั้งยาสมานแผล ป้องกันและฆ่าเชื้ออย่างอ่อน -Benzocaine เป็นตัวยาที่ช่วยบรรเทาอาการปวด -ใช้ในริดสีดวงทวารทั้งภายนอกและภายใน อาการคันของทวารหนัก ลดอาการละคายเคืองเนื่องจาก\r\nริดสีดวงทวาร', 46, 23, 3, 10, '0000-00-00', '0000-00-00', NULL, 'ยารักษาโรคริดสีดวงทวาร', NULL),
(289, 'DORMIRAX 25MG.10`S.', '25 มก.', 'รับประทานครั้งละ 1 เม็ด วันละ 3-4 ครั้ง', '-ผู้ที่มีประวัติแพ้ยาดังกล่าว ยาเซทิริซีน หรือยาเลโวเซทิริซีนไม่ควรใช้ยา Hydroxyzine -ผู้ที่มีปัญหาเกี่ยวกับหัวใจ เช่น โรคหัวใจ หัวใจเต้นช้าผิดจังหวะ หรือกลุ่มอาการคลื่นไฟฟ้าหัวใจผิดปกติแบบระยะคิวทียาว (Long QT Syndrome) ควรหลีกเลี่ยงการใช้ยาดังกล่าว -ผู้ที่เคยมีประวัติภาวะกล้ามเนื้อหัวใจขาดเลือด ควรแจ้งแพทย์ก่อนใช้ยานี้ -ผู้ที่มีอาการทางเดินอาหารอุดตัน ควรปรึกษาแพทย์ก่อนใช้ยา -ผู้ที่มีปัญหาระบบทางเดินปัสสาวะ เช่น กระเพาะปัสสาวะอุดตัน หรือปัญหาอื่น ๆ เกี่ยวกับปัสสาวะควรหลีกเสี่ยงการใช้ยาโดยไม่ได้รับคำแนะนำจากแพทย์ -ผู้ป่วยต้อหิน ควรแจ้งแพทย์ก่อนใช้ยานี้ -ผู้ที่มีปัญหาเกี่ยวกับแร่ธาตุในร่างกายไม่สมดุล ควรแจ้งแพทย์ก่อนใช้ยา -สตรีมีครรภ์ไม่ควรใช้ยานี้ เพราะตัวยาอาจส่งผลให้เกิดความพิการแต่กำเนิดของทารกได้ -สตรีมีที่วางแผนจะตั้งครรภ์ไม่ควรใช้ยานี้ และควรใช้ยาคุมกำเนิดในระหว่างการใช้ยานี้ -สตรีที่อยู่ในช่วงให้นมบุตร ควรหลีกเลี่ยงการใช้ยาดังกล่าว หรือหากจำเป็นต้องใช้ยา Hydroxyzine ไม่ควรให้นมบุตร -ห้ามใช้ยานี้กับเด็กโดยไม่ได้รับคำแนะนำจากแพทย์', 'บรรเทาอาการคันทางผิวหนัง การแพ้ ผื่นคัน ลมพิษ ตึงเครียด วิตกกังวล ช่วยให้นอนหลับ\r\nเป็นยารักษาโรคภูมิแพ้ที่มีฤทธิ์ช่วยให้นอนหลับ', 7, 1, 2, 10, '0000-00-00', '0000-00-00', NULL, 'ยาแก้แพ้', NULL),
(290, 'DOSANAC 25MG.10`S.', '25 มก.', 'ปริมาณการใช้ยาจะแตกต่างกันไป ขึ้นอยู่กับอายุของผู้ป่วย จุดประสงค์ของการรักษา \r\nและดุลยพินิจของแพทย์ผู้รักษา', '-ผู้ที่มีประวัติแพ้ยา Diclofenac ห้ามใช้ยานี้ หรือหากแพ้ยาแก้ปวดในกลุ่มเอ็นเสดอื่น ๆ เช่น ยาแอสไพริน (Aspirin) ยาไอบูโพรเฟน (Ibuprofen) ยาคีโตโปรเฟน (Ketoprofen) \r\nและยาเซเลโคซิบ (Celecoxib) ไม่ควรใช้ยานี้ -ผู้ที่จะผ่าตัดหัวใจหรือทำบายพาสไม่ควรใช้ยานี้ -ผู้ที่สูบบุหรี่และมีโรคประจำตัว โดยเฉพาะแผลในกระเพาะอาหารหรือลำไส้ โรคเกี่ยวกับหัวใจ ช่องทวารหนักอักเสบหรือมีอาการปวด โรคหอบหืด โรคตับหรือไต ภาวะบวมน้ำ ภาวะเลือดแข็งตัวช้า เซลล์เม็ดเลือดผิดปกติ ปัญหาด้านไขกระดูก โรคเบาหวาน โรคความดันโลหิตสูง หรืออาการที่บ่งบอกถึงภาวะเลือดออกในกระเพาะหรือลำไส้อย่างอุจจาระมีสีดำผิดปกติ ควรแจ้งให้แพทย์ทราบก่อนใช้ยา -ผู้ที่ต้องเข้ารับการผ่าตัดหรือทำฟันในระหว่างใช้ยา Diclofenac ควรแจ้งให้แพทย์หรือ\r\nทันตแพทย์ทราบก่อน -ห้ามใช้ยาในคนที่มีการทำงานของตับหรือไตผิดปกติอย่างรุนแรง -เด็กอายุต่ำกว่า 18 ปี ผู้ที่กำลังตั้งครรภ์และให้นมบุตร ไม่ควรใช้ยา Diclofenac หากไม่ได้อยู่ภายใต้การดูแลของแพทย์ -ผู้สูงอายุและเด็กที่ต้องใช้ยา Diclofenac ควรปฏิบัติตามคำแนะนำของแพทย์อย่างเคร่งครัด เนื่องจากเป็นกลุ่มที่เสี่ยงต่อการเกิดผลข้างเคียงได้ง่าย -หลีกเลี่ยงการขับรถ ทำงานเกี่ยวกับเครื่องจักร หรือทำกิจกรรมใดๆ ที่ต้องใช้ความระมัดระวัง เนื่องจากยาอาจทำให้วิงเวียนหรือง่วงนอนจนเสี่ยงเกิดอุบัติเหตุได้ -หลีกเลี่ยงการดื่มเครื่องดื่มที่มีแอลกอฮอล์ขณะใช้ยานี้เนื่องจากแอลกอฮอล์อาจส่งผลให้ผู้ใช้ยาเสี่ยงต่อผลข้างเคียงมากขึ้น', 'เป็นยาแก้ปวดที่มีอาการเล็กน้อยถึงปานกลาง ช่วยบรรเทาอาการปวดประจำเดือน ปวดศีรษะไมเกรน \r\nอาการปวดข้ออักเสบจากสาเหตุต่าง ๆ เช่น โรคข้ออักเสบรูมาตอยด์ ข้อเสื่อมชนิดรุนแรง ข้อสันหลัง\r\nอักเสบเรื้อรัง เป็นต้น', 7, 1, 2, 10, '0000-00-00', '0000-00-00', NULL, 'ยาบรรเทาอาการปวด', NULL),
(291, 'DOUBLE A 3D MASK 50 ช้ิน', 'undefined', 'สวมใส่ให้แนบสนิทกับใบหน้า และใช้งานเพียงครั้งเดียว', 'อ่านคำเตือนในฉลากและเอกสารกำกับเครื่องมือแพทย์ก่อนใช้', '-กรองเชื้อไวรัสได้ถึง VFE 99.9% -กรองเชื้อแบคทีเรียได้ถึง BFE 99.9% -กรองฝุ่นละอองขนาดเล็ก 0.1 ไมครอนได้ถึง PFE 99.8% -ป้องกันละอองสารคัดหลั่งจากการไอจาม -ชั้นกรอง 3 ชั้น -สายคล้องหูสแปนเด็กซ์ -ระบายอากาศได้ -กระบวนการผลิตแบบต่อเนื่องในห้องคลีนรูม', 47, 5, 3, 50, '0000-00-00', '0000-00-00', NULL, 'หน้ากากอนามัยทางการแพทย์,หน้ากาก,ทางการแพทย์', NULL),
(292, 'DOXIN 100MG 50X10`S', '100 มก.', '\r\nยานี้มีปริมาณการใช้ที่แตกต่างกันออกไปตามโรคที่ต้องการรักษา และดุลยพินิจของแพทย์ ', '-ห้ามใช้ในผู้ที่เคยแพ้ยานี้หรือ แพ้ส่วนประกอบของยานี้หรือยาอื่นในกลุ่มเตตร้าไซคลิน -หลีกเลี่ยงการใช้ยานี้ในหญิงตั้งครรภ์ หรือวางแผนจะตั้งครรภ์ และหญิงให้นมบุตร เนื่องจากยานี้ถูกขับออกทางน้ำนมได้ -หลีกเลี่ยงการใช้ยานี้ในเด็กอายุต่ำกว่า 8 ปี เนื่องจากทำให้เกิดการเปลี่ยนสีของฟันอย่างถาวร -ห้ามใช้ยานี้ร่วมกับยากลุ่มอนุพันธ์ของวิตามินเอ (acitretin)', 'ใช้รักษาการติดเชื้อแบคทีเรีย เช่น หลอดลมอักเสบ บวม ไซนัสอักเสบ กระเพาะปัสสาวะอักเสบ \r\nท่อปัสสาวะอักเสบ สิว หนองใน ซิฟิลิส', 7, 3, 2, 10, '0000-00-00', '0000-00-00', NULL, 'ยาฆ่าเชื้อ', NULL),
(293, 'DOXIN 100MG.10`S.', '100 มก.', '\r\nยานี้มีปริมาณการใช้ที่แตกต่างกันออกไปตามโรคที่ต้องการรักษา และดุลยพินิจของแพทย์ ', '-ห้ามใช้ในผู้ที่เคยแพ้ยานี้หรือ แพ้ส่วนประกอบของยานี้หรือยาอื่นในกลุ่มเตตร้าไซคลิน -หลีกเลี่ยงการใช้ยานี้ในหญิงตั้งครรภ์ หรือวางแผนจะตั้งครรภ์ และหญิงให้นมบุตร เนื่องจากยานี้ถูกขับออกทางน้ำนมได้ -หลีกเลี่ยงการใช้ยานี้ในเด็กอายุต่ำกว่า 8 ปี เนื่องจากทำให้เกิดการเปลี่ยนสีของฟันอย่างถาวร -ห้ามใช้ยานี้ร่วมกับยากลุ่มอนุพันธ์ของวิตามินเอ (acitretin)', 'ใช้รักษาการติดเชื้อแบคทีเรีย เช่น หลอดลมอักเสบ บวม ไซนัสอักเสบ กระเพาะปัสสาวะอักเสบ \r\nท่อปัสสาวะอักเสบ สิว หนองใน ซิฟิลิส', 7, 3, 2, 10, '0000-00-00', '0000-00-00', NULL, 'ยาฆ่าเชื้อ', NULL),
(294, 'DRAGON`S BLOOD SCAR CREAM 5G.', '5 กรัม', 'ทาบริเวณแผลเป็น 2-3 ครั้งต่อวัน', 'ยาสำหรับใช้ภายนอก ห้ามรับประทาน', '-บำรุงผิวที่มีปัญหารอยแผลเป็นจากสิว -ลดเลือนรอยแผลเป็นจากสิว -สูตรพิเศษที่มีส่วนผสมสารสกัดจากธรรมชาติทั้ง 13 ชนิด -ช่วยดูแลรอยแผลเป็นได้ทุกชนิด -สมานแผล ป้องกันแผลเป็นชนิดหลุม ช่วยในการสมานแผล ลดบวม ลดอาการแพ้ คัน และเพิ่มความชุ่มชื้น -ป้องกันแผลเป็นชนิดนูน ยับยั้งการสร้างไฟโบรบลาสต์ และคอลลาเจนที่มากเกินไป -ช่วยให้สีผิวเรียบเนียน สม่ำเสมอ ช่วยผลัดเซลล์ผิวเก่าที่หมองคล้ำและตายแล้ว ทำให้รอยแผลเป็นดูจางลง', 10, 4, 3, 1, '0000-00-00', '0000-00-00', NULL, 'ยารักษารอยแผลเป็น', NULL),
(295, 'DRAMAMINE 50MG 10x10`S.', '50 มก.', '-ควรใช้ยาตามคำแนะนำของแพทย์หรือเภสัชกรเท่าน้ัน เนื่องจากขนาดยาในผู้ป่วยแต่ละ\r\nคนมีความแตกต่างกัน -ถ้ากินยาเพื่อป้องกันอาการคลื่นไส้ อาเจียน หรือวิงเวียนจากการเมารถ เมาเรือ ให้กินยา\r\nก่อนออกเดินทางอย่างน้อยครึ่งถึง 1 ชั่วโมง', '-ห้ามใช้ยานี้เมื่อแพ้ยานี้ หรือแพ้ยาไดเฟนไฮดรามนี -เด็กอายุต่ำกว่า 1 ปี ผู้ป่วยที่ก่าลังต้ังครรภ์ ให้นมลูก เด็กและผู้สูงอายุ ควรระมัดระวังเมื่อ\r\nใช้ยานี้ -ผู้ป่วยโรคความดันโลหิตสูง หัวใจ และหลอดเลือด ตับทำงานผิดปกติ ต่อมไทรอยด์ทำงาน\r\nมากกว่าปกติ ควรระมัดระวังเมื่อใช้ยานี้ -ผู้ป่วยโรคต้อหิน ต่อมลูกหมากโต ปัสสาวะปวดหรือขัด ลำไส้อุดตัน ควรระมัดระวังเมื่อ\r\nใช้ยานี้ -ผู้ที่มีประวัติโรคหอบหืด ถุงลมโป่งพอง ชัก ควรระมัดระวังเมื่อใช้ยานี้ -ยาอีกหลายชนิดที่หากใช้ร่วมกับยานี้อาจเป็นอันตรายต่อตัวท่าน หากผู้จ่ายยาไม่ทราบว่า\r\nท่านกำลังใช้ยาเหล่านี้อยู่ เช่น ยาท่ีมีฤทธิ์กดระบบประสาทส่วนกลาง', 'นำมาใช้บรรเทาอาการคลื่นไส้ อาเจียน เวียนศีรษะ ที่เกิดเนื่องจากมีความผิดปกติเกี่ยวกับระบบทรงตัว \r\nเช่น เมารถเมาเรือ หรือคลื่นไส้-อาเจียน ภายหลังการผ่าตัด การฉายรังสี เป็นต้น', 7, 1, 2, 10, '0000-00-00', '0000-00-00', NULL, 'ยาบรรเทาอาการคลื่นไส้ อาเจียน', NULL),
(296, 'DRAPOLENE CREAM 55G.', '55 กรัม', 'ทาดราโพลีนครีมทุกครั้งที่มีการเปลี่ยนผ้าอ้อม โดยเฉพาะอย่างยิ่งตามบริเวณข้อพับต่างๆ', 'ห้ามใช้ยานี้เมื่อเคยแพ้ยานี้ หรือแพ้ส่วนประกอบของยานี้', '-ช่วยบำรุงผิวเด็ก ลดอาการแห้งแตกของผิวเด็ก ช่วยให้ความชุ่มชื่นให้กับผิว  -ใช้ลดการแสบแดง จากแผลไฟไหม้น้ำร้อนลวก -ใช้ทาบริเวณที่มีอาการแพ้ผื่นผ้าอ้อม -ทาบริเวณที่เกิดอาการแสบแดงคัน', 10, 4, 3, 1, '0000-00-00', '0000-00-00', NULL, 'ยาทารักษาผิวหนัง', NULL),
(297, 'DULCOLAX 5MG.10`S.', '5 มก.', 'รับประทานครั้งละ 1-2 เม็ด วันละ 1 ครั้ง ก่อนนอน', '-ห้ามใช้ยานี้เมื่อเคยแพ้ยา bisacodyl หรือแพ้ส่วนประกอบอื่นๆของยานี้ -ควรแจ้งชื่อยาที่แพทย์สั่งจ่ายและยาที่ใช้เอง วิตามิน อาหารเสริม และยาสมุนไพร ที่ท่านใช้อยู่ในขณะนี้หรือกำลังจะใช้ -ให้รับประทานยาระบายหลังจากรับประทานยาน้ำลดกรดไปแล้ว 1 ชั่วโมง -แจ้งแพทย์หากมีอาการปวดท้อง คลื่นไส้อาเจียน หรือมีการเปลี่ยนแปลงเกี่ยวกับการขับถ่ายนาน 2 สัปดาห์ -ผู้ที่มีความผิดปกติหรือมีประวัติความผิดปกติของร่างกายดังต่อไปนี้ ไส้ติ่งอักเสบ (appendicitis) มีภาวะลำไส้อุดกั้น ท้องผูกเรื้อรัง มีแผลหรือรอยแยกที่บริเวณทวารหนัก ปวดท้อง หรือมีแผลอักเสบในลำไส้ใหญ่ (ulcerative colitis) ควรระมัดระวังเมื่อใช้ยานี้ -การตั้งครรภ์ การวางแผนในการตั้งครรภ์ หรือการให้นมบุตร ควรระมัดระวังเมื่อใช้ยานี้ -ไม่ควรใช้ในผู้ที่มีอายุมากกว่า 65 ปี  -ไม่ควรใช้ในผู้ที่มีอาการปวดท้องรุนแรง -ไม่ควรใช้ในผู้ที่ขาดน้ำ เช่นผู้ที่ได้รับยาขับปัสสาวะ -ไม่ควรใช้ในผู้ที่ได้รับการผ่าตัดภายในช่องท้อง', 'ยาระบายสำหรับคนที่ท้องผูกแต่เน้นให้ใช้ช่วงเวลาสั้นๆ นอกจากนั้นยังใช้ทำความสะอาดลำไส้สำหรับ\r\nเตรียมกรผ่าตัดหรือส่องกล้องลำไส้ใหญ่ ยานี้ออกฤทธิ์กระตุ้นให้ลำไส้มีการบีบตัวเพิ่มมากขึ้น', 7, 1, 2, 10, '0000-00-00', '0000-00-00', NULL, 'ยาระบาย', NULL),
(298, 'DUPHALAC 100ML.', '100 มล.', 'ขนาดยาเริ่มต้น “ทานวันละครั้ง” -เด็กอ่อน ต่ำกว่า 1 ปี : ให้ได้ถึง 5 มล. -เด็ก 1-6 ปี : 5-10 มล. -เด็ก 7-14 ปี : 15 มล. -ผู้ใหญ่และวัยหนุ่มสาว : 15-45 มล.', '-ห้ามใช้เมื่อมีอาการปวดท้องหรือคลื่นไส้อาเจียน -ห้ามใช้ในผู้ที่เคยแพ้ยาหรือส่วนประกอบของยา -ห้ามใช้ยานี้ในผู้ป่วยไส้ติ่งอักเสบ ภาวะอุจจาระอัดแน่น ภาวะลำไส้อุดตัน โรคลำไส้อักเสบ\r\nเรื้อรัง ผู้ที่มีปัญหาในการย่อยอาหาร อาการปวดท้องที่ไม่ทราบสาเหตุ  -ระวังการใช้ยาในหญิงให้นมบุตร เนื่องจากยังไม่มีข้อมูลยืนยันว่ายาขับออกทางน้ำนมหรือไม่ -ระวังการใช้ยานี้ในผู้ที่มีภาวะไม่ทนต่อน้ำตาลกาแลคโตส หรือฟรุคโตส หรือผู้ที่ต้องจำกัด\r\nปริมาณกาแลคโตส', 'รักษาอาการท้องผูกรักษาและป้องกันภาวะแอมโมเนียขึ้นสมองในผู้ป่วยโรคตับ (hepatic encephalopathy)', 7, 6, 3, 1, '0000-00-00', '0000-00-00', NULL, 'ยาระบาย', NULL),
(299, 'Duran 100mg/5ml 60ml', '60 มล.', '\r\nยานี้มีปริมาณการใช้ที่แตกต่างกันออกไปตามโรคที่ต้องการรักษา และดุลยพินิจของแพทย์ ', '-ห้ามใช้ยานี้ในผู้ที่มีประวัติเคยแพ้ยาหรือส่วนประกอบของยานี้ -ห้ามใช้ในผู้ที่มีเลือดออกในทางเดินอาหาร หรือมีประวัติกระเพาะทะลุจากยา -ห้ามใช้ในผู้ที่เข้ารับการผ่าตัดทำทางเบี่ยงหลอดเลือดหัวใจ -หลีกเลี่ยงการใช้ยานี้ในหญิงตั้งครรภ์ เพราะอาจมีอันตรายต่อทารกในครรภ์ได้ แต่แพทย์อาจพิจารณาสั่งใช้ยานี้หากมีเหตุผลทางการแพทย์ -ควรหลีกเลี่ยงการซื้อยาชุดแก้ปวดกินร่วม ดื่มเครื่องดื่มที่มีแอลกอฮอล์ หรือสูบบุหรี่ เพื่อลดผลข้างเคียงจากยา โดยเฉพาะการเกิดแผลหรือเลือดออกในทางเดินอาหาร -ห้ามใช้ในผู้ที่เป็นโรคไข้เลือดออก -ห้ามใช้ในผู้ที่เป็นโรคตับ โรคไต อย่างรุนแรง -ผู้ที่มีโรคความดันโลหิตสูง โรคไตเรื้อรัง โรคหัวใจและหลอดเลือดทุกชนิด ผู้ที่สงสัยว่าเป็นไข้เลือดออก ควรปรึกษาแพทย์ก่อนใช้ยา', 'ลดไข้ บรรเทาอาการปวด ปวดบาดแผล ปวดฟัน ปวดศรีษะ บรรเทาการอักเสบกล้ามเนื้อและกระดูก', 7, 6, 3, 1, '0000-00-00', '0000-00-00', NULL, 'ยาบรรเทาอาการปวด', NULL),
(300, 'Duran 400mg 1x10`s (เม็ดขาวรี)', '400 มก.', '-ผู้ใหญ่: กินยาครั้งละ 200-400 มิลลิกรัม ทุก 4-6 ชั่วโมง ขนาดยาสูงสุดไม่เกิน 1.2 กรัม\r\nต่อวัน ยกเว้นอยู่ในการดูแลของแพทย์ -เด็กอายุ 6 เดือน - 12 ปี กินยาครั้งละ 5-10 มิลลิกรัมต่อน้ำหนักตัว 1 กิโลกรัม \r\nทุก 6-8 ชั่วโมง ขนาดยาสูงสุดไม่เกิน 40 มิลลิกรัมต่อน้', '-ผลข้างเคียงต่อทางเดินอาหารพบบ่อยที่สุด เช่น คลื่นไส้ อาเจียน อาหารไม่ย่อย แสบยอดอก ปวดท้อง ท้องเสีย เป็นต้น ซึ่งจากการศึกษาการใช้ยาไอบูโพรเฟนในเด็กพบว่า ผลข้างเคียงต่อทางเดินอาหารเป็นผลข้างเคียงที่พบบ่อยที่สุดเช่นเดียวกับในผู้ใหญ่ ได้แก่ ปวดที่ใต้ลิ้นปี่ (15.1%) ปวดท้อง (11.5%) คลื่นไส้ อาเจียน (11%) เป็นต้น [3] จึงควรกินยาพร้อมอาหารหรือหลังอาหารทันที -ผลข้างเคียงต่อหัวใจและหลอดเลือด เช่น บวมน้ำ ความดันโลหิตสูง ใจสั่น เป็นต้น -ผลข้างเคียงต่อระบบประสาท เช่น เวียนศีรษะ ปวดศีรษะ เป็นต้น -ระวังการใช้ยาในผู้ที่เป็นโรคหัวใจและหลอดเลือด (เช่น โรคความดันโลหิตสูง) มีการทำงานของตับหรือไตบกพร่อง โรคหืด -หลีกเลี่ยงการใช้ยาร่วมกับยาต้านการแข็งตัวของเลือด (เช่น ยาวาร์ฟาริน (warfarin)) ยาในกลุ่มเอ็นเซดชนิดอื่น', 'ยาบรรเทาอาการปวด ลดไข้ ต้านการอักเสบ', 7, 1, 2, 10, '0000-00-00', '0000-00-00', NULL, 'ยาบรรเทาอาการปวด', NULL),
(301, 'DUREX COMFORT 56mm 3ชิ้น', '56 มม.', '1. ถือด้านจุกตั้งขึ้น: ใช้มือที่สะอาดเปิด และถือด้านจุกให้ตั้งขึ้น บีบจุกเพื่อไม่ให้มีอากาศ\r\nค้างอยู่ภายใน\r\n2. บีบจุกถุงยางอนามัยไว้เพื่อไล่อากาศแล้วค่อยๆรูดลง:วางถุงยางอนามัยลงบนอวัยวะเพศ\r\nโดยที่ยังบีบจุกค้างไว้อยู่ ค่อยๆรูดลงไปจนสุดถึงโคน \r\n3. จับให้เข้', '\r\n -ใช้ได้ครั้งเดียว -สวมถุงยางอนามัยทุกครั้งที่มีเพศสัมพันธ์ -ผลิตภัณฑ์นี้ทำจากน้ำยางธรรมชาติ อาจทำให้เกิดอาการแพ้ -ควรเก็บในที่แห้งและเย็น ไม่ให้ถูกแสงแดด และแสงฟลูออเรสเซนต์', '-ผิวเรียบ ผนังไม่ขนาน ทุกชิ้นมีสารหล่อลื่น -ถุงยางอนามัยโปร่งแสง ไม่เจือสี ผลิตจากน้ำยางธรรมชาติ -ขนาด 56 มม.\r\nการใช้ถุงยางอนามัยอย่างถูกวิธีจะป้องกันการตั้งครรภ์ และลดความเสี่ยงของการแพร่เชื้อ เอช ไอ วี \r\nและโรคติดต่อทางเพศสัมพันธ์ได้ อย่างไรก็ตามยังไม่มีวิธีคุมกำเนิดวิธีใดที่สามารถป้องกันการตั้งครรภ์ \r\nหรือเชื้อ เอช ไอ วี และโรคติดต่อทางเพศสัมพันธ์ได้100%', 48, 5, 3, 3, '0000-00-00', '0000-00-00', NULL, 'ถุงยางอนามัย', NULL),
(302, 'DUREX DUAL PLEASURE 56mm.3ชิ้น', '56 มม.', '1. ถือด้านจุกตั้งขึ้น: ใช้มือที่สะอาดเปิด และถือด้านจุกให้ตั้งขึ้น บีบจุกเพื่อไม่ให้มีอากาศ\r\nค้างอยู่ภายใน\r\n2. บีบจุกถุงยางอนามัยไว้เพื่อไล่อากาศแล้วค่อยๆรูดลง:วางถุงยางอนามัยลงบนอวัยวะเพศ\r\nโดยที่ยังบีบจุกค้างไว้อยู่ ค่อยๆรูดลงไปจนสุดถึงโคน \r\n3. จับให้เข้', '\r\n -ใช้ได้ครั้งเดียว -สวมถุงยางอนามัยทุกครั้งที่มีเพศสัมพันธ์ -ผลิตภัณฑ์นี้ทำจากน้ำยางธรรมชาติ อาจทำให้เกิดอาการแพ้ -ควรเก็บในที่แห้งและเย็น ไม่ให้ถูกแสงแดด และแสงฟลูออเรสเซนต์', '-ลดความไวต่อความรู้สึกสัมผัส มีส่วนผสมของสารเบนโซเคน 5% w/w -ผิวไม่เรียบ แบบปุ่มและขีด -ผนังไม่ขนาน ทุกชิ้นมีสารหล่อลื่น ถุงยางอนามัยโปร่งแสง ไม่เจือสี -ขนาด 56 มม.\r\nการใช้ถุงยางอนามัยอย่างถูกวิธีจะป้องกันการตั้งครรภ์ และลดความเสี่ยงของการแพร่เชื้อ เอช ไอ วี \r\nและโรคติดต่อทางเพศสัมพันธ์ได้ อย่างไรก็ตามยังไม่มีวิธีคุมกำเนิดวิธีใดที่สามารถป้องกันการตั้งครรภ์ \r\nหรือเชื้อ เอช ไอ วี และโรคติดต่อทางเพศสัมพันธ์ได้100%', 48, 5, 3, 3, '0000-00-00', '0000-00-00', NULL, 'ถุงยางอนามัย', NULL),
(303, 'DUREX EXCITA 53mm.3ชิ้น', '53 มม.', '1. ถือด้านจุกตั้งขึ้น: ใช้มือที่สะอาดเปิด และถือด้านจุกให้ตั้งขึ้น บีบจุกเพื่อไม่ให้มีอากาศ\r\nค้างอยู่ภายใน\r\n2. บีบจุกถุงยางอนามัยไว้เพื่อไล่อากาศแล้วค่อยๆรูดลง:วางถุงยางอนามัยลงบนอวัยวะเพศ\r\nโดยที่ยังบีบจุกค้างไว้อยู่ ค่อยๆรูดลงไปจนสุดถึงโคน \r\n3. จับให้เข้', '\r\n -ใช้ได้ครั้งเดียว -สวมถุงยางอนามัยทุกครั้งที่มีเพศสัมพันธ์ -ผลิตภัณฑ์นี้ทำจากน้ำยางธรรมชาติ อาจทำให้เกิดอาการแพ้ -ควรเก็บในที่แห้งและเย็น ไม่ให้ถูกแสงแดด และแสงฟลูออเรสเซนต์', '-ผิวไม่เรียบ แบบขีด ผนังขนาน มีกระเปาะ ทุกชิ้นมีสารหล่อลื่น -ถุงยางอนามัยโปร่งแสง เจือสีชมพู ผลิตจากน้ำยางธรรมชาติ -ขนาด 53 มม.\r\nการใช้ถุงยางอนามัยอย่างถูกวิธีจะป้องกันการตั้งครรภ์ และลดความเสี่ยงของการแพร่เชื้อ เอช ไอ วี \r\nและโรคติดต่อทางเพศสัมพันธ์ได้ อย่างไรก็ตามยังไม่มีวิธีคุมกำเนิดวิธีใดที่สามารถป้องกันการตั้งครรภ์ \r\nหรือเชื้อ เอช ไอ วี และโรคติดต่อทางเพศสัมพันธ์ได้100%', 48, 5, 3, 3, '0000-00-00', '0000-00-00', NULL, 'ถุงยางอนามัย', NULL),
(304, 'DUREX KINGTEX 49mm.3ชิ้น', '49 มม.', '1. ถือด้านจุกตั้งขึ้น: ใช้มือที่สะอาดเปิด และถือด้านจุกให้ตั้งขึ้น บีบจุกเพื่อไม่ให้มีอากาศ\r\nค้างอยู่ภายใน\r\n2. บีบจุกถุงยางอนามัยไว้เพื่อไล่อากาศแล้วค่อยๆรูดลง:วางถุงยางอนามัยลงบนอวัยวะเพศ\r\nโดยที่ยังบีบจุกค้างไว้อยู่ ค่อยๆรูดลงไปจนสุดถึงโคน \r\n3. จับให้เข้', '\r\n -ใช้ได้ครั้งเดียว -สวมถุงยางอนามัยทุกครั้งที่มีเพศสัมพันธ์ -ผลิตภัณฑ์นี้ทำจากน้ำยางธรรมชาติ อาจทำให้เกิดอาการแพ้ -ควรเก็บในที่แห้งและเย็น ไม่ให้ถูกแสงแดด และแสงฟลูออเรสเซนต์', '-ผิวเรียบ ผนังขนาน มีกระเปาะ ทุกชิ้นมีสารหล่อลื่น  -โปร่งแสง เจือสีชมพู ผลิตจากน้ำยางธรรมชาติพร้อมเคลือบสารหล่อลื่น -ขนาด 49 มม.\r\nการใช้ถุงยางอนามัยอย่างถูกวิธีจะป้องกันการตั้งครรภ์ และลดความเสี่ยงของการแพร่เชื้อ เอช ไอ วี \r\nและโรคติดต่อทางเพศสัมพันธ์ได้ อย่างไรก็ตามยังไม่มีวิธีคุมกำเนิดวิธีใดที่สามารถป้องกันการตั้งครรภ์ \r\nหรือเชื้อ เอช ไอ วี และโรคติดต่อทางเพศสัมพันธ์ได้100%', 48, 5, 3, 3, '0000-00-00', '0000-00-00', NULL, 'ถุงยางอนามัย', NULL),
(305, 'DUREX PERFORMA 52.5mm. 3ชิ้น', '52.5 มม.', '1. ถือด้านจุกตั้งขึ้น: ใช้มือที่สะอาดเปิด และถือด้านจุกให้ตั้งขึ้น บีบจุกเพื่อไม่ให้มีอากาศ\r\nค้างอยู่ภายใน\r\n2. บีบจุกถุงยางอนามัยไว้เพื่อไล่อากาศแล้วค่อยๆรูดลง:วางถุงยางอนามัยลงบนอวัยวะเพศ\r\nโดยที่ยังบีบจุกค้างไว้อยู่ ค่อยๆรูดลงไปจนสุดถึงโคน \r\n3. จับให้เข้', '\r\n -ใช้ได้ครั้งเดียว -สวมถุงยางอนามัยทุกครั้งที่มีเพศสัมพันธ์ -ผลิตภัณฑ์นี้ทำจากน้ำยางธรรมชาติ อาจทำให้เกิดอาการแพ้ -ควรเก็บในที่แห้งและเย็น ไม่ให้ถูกแสงแดด และแสงฟลูออเรสเซนต์', '-ผิวเรียบ บริเวณปลายกระเปาะด้านในบรรจุสารเบนโซเคน 5% สามารถลดความไวต่อความรู้สึกสัมผัส -ผลิตจากน้ำยางธรรมชาติพร้อมเคลือบสารหล่อลื่น -ขนาด 52.5 มม.\r\nการใช้ถุงยางอนามัยอย่างถูกวิธีจะป้องกันการตั้งครรภ์ และลดความเสี่ยงของการแพร่เชื้อ เอช ไอ วี \r\nและโรคติดต่อทางเพศสัมพันธ์ได้ อย่างไรก็ตามยังไม่มีวิธีคุมกำเนิดวิธีใดที่สามารถป้องกันการตั้งครรภ์ \r\nหรือเชื้อ เอช ไอ วี และโรคติดต่อทางเพศสัมพันธ์ได้100%', 48, 5, 3, 3, '0000-00-00', '0000-00-00', NULL, 'ถุงยางอนามัย', NULL),
(306, 'DUREX PLAY CLASSIC', '50 มล.', 'เปิดโดยบิดหัวปั๊ม ทาเจลลงบนบริเวณจุดซ่อนเร้น หรือทาเจลหล่อลื่นลงบนถุงยางอนามัยขณะสวมใส่', 'ข้อแนะนำ: - ไม่ใช่อุปกรณ์คุมกำเนิดและไม่มีส่วนประกอบของสารฆ่าเชื้ออสุจิ - ถ้าคุณพยายามในทางตั้งครรภ์ ควรปรึกษาแพทย์ก่อนใช้ผลิตภัณฑ์นี้ - ระวังอย่าให้เข้าตา ถ้าเกิดอาการระคายเคืองหรือถ้าต้องการเจลหลื่อลื่นเพิ่มเติมตลอดเวลา ควรหยุดให้ผลิตภัณฑ์และขอคำแนะนำจากแพทย์คำเตือน: อ่่านคำเตือนบนฉลากก่อนใช้', '-ช่วยบรรเทาปัญหาจุดซ่อนเร้นแห้งและระคายเคืองของคุณผู้หญิง -สามารถใช้ร่วมกับถุงยางอนามัย', 49, 4, 5, 1, '0000-00-00', '0000-00-00', '99.99', 'เจล,เจลหล่อลื่น', NULL),
(307, 'DUREX SENSATION', '52 มม.', '1. ถือด้านจุกตั้งขึ้น: ใช้มือที่สะอาดเปิด และถือด้านจุกให้ตั้งขึ้น บีบจุกเพื่อไม่ให้มีอากาศ\r\nค้างอยู่ภายใน\r\n2. บีบจุกถุงยางอนามัยไว้เพื่อไล่อากาศแล้วค่อยๆรูดลง:วางถุงยางอนามัยลงบนอวัยวะเพศ\r\nโดยที่ยังบีบจุกค้างไว้อยู่ ค่อยๆรูดลงไปจนสุดถึงโคน \r\n3. จับให้เข้', 'คำเตือน: -ใช้ได้ครั้งเดียว -สวมถุงยางอนามัยทุกครั้งที่มีเพศสัมพันธ์ -ผลิตภัณฑ์นี้ทำจากน้ำยางธรรมชาติ อาจทำให้เกิดอาการแพ้ -ควรเก็บในที่แห้งและเย็น ไม่ให้ถูกแสงแดด และแสงฟลูออเรสเซนต์', 'ผิวไม่เรียบ แบบปุ่ม ผนังขนาน มีกระเปาะ ทุกชิ้นมีสารหล่อลื่น\r\nถุงยางอนามัยโปร่งแสง ไม่เจือสี ผลิตจากน้ำยางธรรมชาติ ขนาด 52 มม. ', 48, 5, 3, 3, '0000-00-00', '0000-00-00', '75.00', 'ถุงยางอนามัย', NULL),
(308, 'DUREX STRAWBERRY', '52.5 มม.', '1. ถือด้านจุกตั้งขึ้น: ใช้มือที่สะอาดเปิด และถือด้านจุกให้ตั้งขึ้น บีบจุกเพื่อไม่ให้มีอากาศค้างอยู่ภายใน2. บีบจุกถุงยางอนามัยไว้เพื่อไล่อากาศแล้วค่อยๆรูดลง:วางถุงยางอนามัยลงบนอวัยวะเพศโดยที่ยังบีบจุกค้างไว้อยู่ ค่อยๆรูดลงไปจนสุดถึงโคน 3. จับให้เข้าที่:จับ', 'คำเตือน: -ใช้ได้ครั้งเดียว -สวมถุงยางอนามัยทุกครั้งที่มีเพศสัมพันธ์ -ผลิตภัณฑ์นี้ทำจากน้ำยางธรรมชาติ อาจทำให้เกิดอาการแพ้ -ควรเก็บในที่แห้งและเย็น ไม่ให้ถูกแสงแดด และแสงฟลูออเรสเซนต์', '-กลิ่นสตรอเบอร์รี่ -ผิวเรียบ ผนังไม่ขนาน ทุกชิ้นมีสารหล่อลื่น -ขนาด 52.5 มม. -ถุงยางอนามัยโปร่งแสง ไม่เจือสี ผลิตจากน้ำยางธรรมชาติ', 48, 5, 3, 3, '0000-00-00', '0000-00-00', '89.00', 'ถุงยางอนามัย', NULL),
(309, 'DUSPATIN 135', '135 มก.', 'ผู้ใหญ่ รับประทานยาปริมาณ 135 มิลลิกรัม วันละ 3 ครั้ง อาจค่อย ๆ ลดปริมาณยาลงหลังจากใช้ยาไปแล้วหลายสัปดาห์และได้ผลการรักษาตามที่ต้องการแล้ว หรืออาจรับประทานยาปริมาณ 100 มิลลิกรัม วันละ 3 ครั้ง และสำหรับยาชนิดที่ปรับปรุงการปลดปล่อยยา ให้รับประทานยาปริมาณ 20', '-แจ้งให้แพทย์ทราบก่อนใช้ยานี้ หากมีประวัติแพ้ยาหรือส่วนประกอบของยาชนิดนี้ และแพ้ยาชนิดอื่น อาหาร หรือสารใด ๆ -แจ้งให้แพทย์ทราบเกี่ยวกับยาทุกชนิดที่กำลังใช้อยู่ ทั้งยาที่แพทย์สั่ง ยาที่ซื้อใช้ด้วยตนเอง วิตามิน และสมุนไพร เพราะมียาหลายชนิดที่อาจมีปฏิกิริยากับยานี้ -ผู้ป่วยที่มีภาวะลำไส้อืด (Paralytic Ileus) หรือลำไส้ขาดการเคลื่อนไหวซึ่งนำไปสู่ภาวะลำไส้อุดตันและท้องผูกรุนแรง ควรปรึกษาแพทย์หรือเภสัชกรก่อนใช้ยานี้ -แจ้งให้แพทย์หรือทันตแพทย์ทราบว่ากำลังใช้ยานี้หากต้องเข้ารับการผ่าตัดใด ๆ -ก่อนใช้ยา Mebeverine ให้แจ้งแพทย์เกี่ยวกับโรคประจำตัวและประวัติทางการแพทย์ โดยเฉพาะภาวะเลือดออกผิดปกติ ท้องผูกรุนแรง ปัสสาวะลำบาก เจ็บขณะปัสสาวะ มีไข้ อุจจาระปนเลือด มีของเหลวหรือเลือดออกทางช่องคลอด และหากมีอาการป่วยใด ๆ เกิดขึ้นหรืออาการที่เป็นอยู่แย่ลง ให้ปรึกษาแพทย์ก่อนใช้ยานี้เสมอ -ผู้สูงอายุต้องใช้ยานี้อย่างระมัดระวัง เพราะเสี่ยงเกิดผลข้างเคียงจากการใช้ยาสูง -หญิงตั้งครรภ์ วางแผนตั้งครรภ์ หรือกำลังให้นมบุตร ให้หลีกเลี่ยงการใช้ยานี้', 'รักษาการหดเกร็งของระบบทางเดินอาหารและโรคลำไส้แปรปรวน', 7, 1, 2, 10, '0000-00-00', '0000-00-00', '99.00', 'รักษาอาการปวดท้อง, ลำไส้แปรปรวน,การหดเกร็งของระบบทางเดินอาหาร', NULL),
(310, 'DUTROSS', '60 มล.', 'ใช้ในเด็กเล็กขนาดยา 1/4  ช้อนชา แนะนำให้ใช้หลอดหยดยาในปริมาณ 125 มล.', '-', 'ใช้ละลายเสมหะในโรคหลอดลมอักเสบ โรคหอบหืด โรคถุงลมในปอดโป่งพอง ที่มีอาการหลอดลมอักเสบร่วมด้วย โรคหลอดลมที่มีอาการเกร็ง และมีภาวะการอักเสบของปอด', 7, 6, 3, 1, '0000-00-00', '0000-00-00', '99.99', 'ละลายเสมหะในโรคหลอดลมอักเสบ, โรคหอบหืด', NULL),
(311, 'ECXHINAX', '140 มก.', 'ขนาดรับประทาน : ผู้ใหญ่รับประทานครั้งละ 1 แคปซูล วันละ 3 ครั้ง พร้อมอาหารเป็นเวลาติดต่อกันไม่เกิน 8 สัปดาห์ เด็กอายุ 6-12 ปี รับประทานตามคำแนะนำของแพทย์ หรือเภสัชกร', '-', 'ผู้ที่เป็นหวัดบ่อย ภูมิแพ้ และ ผู้ที่ติดเชื้อโรคทางเดินหายใจเรื้อรัง เช่น ไซนัส ทอนซินอักเสบ', 7, 3, 2, 10, '0000-00-00', '0000-00-00', '39.00', 'ช่วยเสริมการรักษาอาการหวัด, ภูมิแพ้', NULL),
(312, 'Elastic Bandage 2x1.5 M', '2x1.5 ม.', 'ใช้พันตามบริเวณที่ต้องการ', '-', '-ผ้าพันยืดหยุ่น -ใช้สำหรับการรัดข้อเข่า ข้อศอก -ช่วยป้องกัน บรรเทาอาการปวด และป้องกันการบาดเจ็บ -สามารถใช้ในการแนบลูกประคบ เข้าเฝือกกระดูกแตกหัก ฯลฯ -สวมใส่สะดวกสบายตลอดทั้งวัน -อ่อนนุ่มระบายอากาศยืดหยุ่นได้ดีเป็นเวลานาน', 50, 17, 7, 1, '0000-00-00', '0000-00-00', '20.00', 'ผ้าพันเคล็ด', NULL),
(313, 'Elastic Bandage 3x1.5 M', '3x1.5 ม.', 'ใช้พันตามบริเวณที่ต้องการ', '-', '-ผ้าพันยืดหยุ่น -ใช้สำหรับการรัดข้อเข่า ข้อศอก -ช่วยป้องกัน บรรเทาอาการปวด และป้องกันการบาดเจ็บ -สามารถใช้ในการแนบลูกประคบ เข้าเฝือกกระดูกแตกหัก ฯลฯ -สวมใส่สะดวกสบายตลอดทั้งวัน -อ่อนนุ่มระบายอากาศยืดหยุ่นได้ดีเป็นเวลานาน', 50, 17, 7, 1, '0000-00-00', '0000-00-00', '20.00', 'ผ้าพันเคล็ด', NULL),
(314, 'ELOMET CREAM 15 G', '15 กรัม', 'ผู้ใหญ่ และเด็กอายุ 2 ปีขึ้นไป -ทาบริเวณผิวหนังที่มีการอักเสบเพียงเล็กน้อยบางๆ และถูเพียงเบาๆวันละ 1 ครั้ง หลังใช้ยาให้ล้างมือให้สะอาดทุกครั้ง ห้ามใช้ผ้าพันแผล\r\nหรือพลาสเตอร์ปิดทับบริเวณที่ทายา ระยะเวลาของการใช้ยาไม่ควรเกิน 3 สัปดาห์ หากอาการไม่ดีขึ้นหลัง', 'ยาทาภายนอกห้ามรับประทานและห้ามเด็กที่อายุต่ำกว่า 2 ปีใช้', '-เป็นยาทาภายนอกที่ถูกนำมารักษาอาการอักเสบของผิวหนัง เช่น ผื่นคัน หรือการอักเสบที่ไม่ได้เกิดจากการติดเชื้อ เป็นสารสเตียรอยด์ (ระดับปานกลาง) -เป็นยาครีมใช้ทาเฉพาะที่ (ยาใช้ภายนอก) -ระงับการอักเสบที่ผิวหนัง', 10, 4, 3, 1, '0000-00-00', '0000-00-00', '99.99', 'รักษาอาการอักเสบของผิวหนัง แก้ผื่นคัน', NULL),
(315, 'ELOMET CREAM 5 G', '5 กรัม', 'ผู้ใหญ่ และเด็กอายุ 2 ปีขึ้นไป -ทาบริเวณผิวหนังที่มีการอักเสบเพียงเล็กน้อยบางๆ และถูเพียงเบาๆวันละ 1 ครั้ง หลังใช้ยาให้ล้างมือให้สะอาดทุกครั้ง ห้ามใช้ผ้าพันแผลหรือพลาสเตอร์ปิดทับบริเวณที่ทายา ระยะเวลาของการใช้ยาไม่ควรเกิน 3 สัปดาห์ หากอาการไม่ดีขึ้นหลังกา', 'ยาทาภายนอกห้ามรับประทานและห้ามเด็กที่อายุต่ำกว่า 2 ปีใช้', '-เป็นยาทาภายนอกที่ถูกนำมารักษาอาการอักเสบของผิวหนัง เช่น ผื่นคัน หรือการอักเสบที่ไม่ได้เกิดจากการติดเชื้อ เป็นสารสเตียรอยด์ (ระดับปานกลาง) -เป็นยาครีมใช้ทาเฉพาะที่ (ยาใช้ภายนอก) -ระงับการอักเสบที่ผิวหนัง', 10, 4, 3, 1, '0000-00-00', '0000-00-00', '99.99', 'รักษาอาการอักเสบของผิวหนัง แก้ผื่นคัน', NULL),
(316, 'EMULAX', '5 มก.', '-เด็กอายุมากกว่า 4 ปี รับประทานครั้งละ 1 เม็ด ก่อนนอน -ผู้ใหญ่ รับประทานครั้งละ 2 เม็ด ก่อนนอน', 'ห้ามใช้เมื่อมีอาการปวดท้อง หรือคลื่นไส้อาเจียน', '-ห้ามใช้ในผู้ที่เคยแพ้ยานี้หรือแพ้ส่วนประกอบของยานี้ -ให้ระวังเป็นพิเศษสำหรับการใช้ในเด็กอายุต่ำกว่า 6 ปี -ห้ามใช้ในภาวะมีลำไส้อุดตัน ลำไส้อักเสบเฉียบพลันหรือมีแผลในลำไส้ใหญ่ -ระวังการใช้ยานี้ในหญิงตั้งครรภ์หรือให้นมบุตรเนื่องจากไม่มีข้อมูลยืนยันความปลอดภัย', 7, 18, 1, 100, '0000-00-00', '0000-00-00', '65.00', 'ยาระบาย, แก้ท้องผูก', NULL),
(317, 'ENAPRIL 15 MG', '20 มก.', 'ควรปรึกษาแพทย์และเภสัชกรก่อนใช้ยา เนื่องจากขนาดยาในการรักษาไม่เท่ากัน', '-ผู้มีประวัติแพ้ยานี้หรือยาต้านเอนไซม์ ACE อื่น ๆ ควรแจ้งให้แพทย์ทราบ -ห้ามใช้ในสตรีมีครรภ์และให้นมบุตร กรณีตั้งครรภ์ภายหลังการใช้ยา ควรหยุดใช้และแจ้งแพทย์ทันที เนื่องจากยาอาจทำร้ายทารกในครรภ์จนเสียชีวิตได้ -ผู้ป่วยที่เคยแพ้ยาในกลุ่มนี มีโรคลมพิษแบบแองจิโออีดีมา (Angioedema) ซึ่งคืออาการบวมภายใต้ผิวหนังอ่อนโดยเฉพาะหนังตาและริมฝีปาก ไม่ควรใช้ยานี้ -ผู้ป่วยโรคเบาหวานไม่ควรใช้ยานี้ร่วมกับยาที่มีส่วนผสมของยาอะลิสคิเรน (Aliskiren) เช่น ยา Amturnide, Tekturna, Tekamlo และ Valturna -Enalapril อาจส่งผลกระทบต่อไต หัวใจ และระดับอิเล็กโทรไลต์ (Electrolyte) ในร่างกาย ซึ่งทำให้เกิดอาการบวมอักเสบตามร่างกาย ปัสสาวะน้อย น้ำหนักขึ้นอย่างรวดเร็ว หายใจติดขัด เจ็บหน้าอก หัวใจเต้นแรง ชีพจรลดหรืออ่อนลง รู้สึกอ่อนแรง หรือกล้ามเนื้อตึง หากผู้ป่วยมีอาการเหล่านี้ควรแจ้งให้แพทย์ทราบ -ควรปรึกษาแพทย์หากมีการใช้สารทดแทนเกลือ (Salt Substitutes) ที่มีส่วนผสมของโปแตสเซียม และควรปฏิบัติตามคำแนะนำของแพทย์อย่างเคร่งครัด', 'รักษาความดันโลหิตสูง', 7, 2, 2, 10, '0000-00-00', '0000-00-00', '65.00', 'รักษาความดันโลหิตสูง', NULL),
(318, 'ENAPRIL 5 MG', '5 มก.', 'ควรปรึกษาแพทย์และเภสัชกรก่อนใช้ยา เนื่องจากขนาดยาในการรักษาไม่เท่ากัน', '-ผู้มีประวัติแพ้ยานี้หรือยาต้านเอนไซม์ ACE อื่น ๆ ควรแจ้งให้แพทย์ทราบ -ห้ามใช้ในสตรีมีครรภ์และให้นมบุตร กรณีตั้งครรภ์ภายหลังการใช้ยา ควรหยุดใช้และแจ้งแพทย์ทันที เนื่องจากยาอาจทำร้ายทารกในครรภ์จนเสียชีวิตได้ -ผู้ป่วยที่เคยแพ้ยาในกลุ่มนี มีโรคลมพิษแบบแองจิโออีดีมา (Angioedema) ซึ่งคืออาการบวมภายใต้ผิวหนังอ่อนโดยเฉพาะหนังตาและริมฝีปาก ไม่ควรใช้ยานี้ -ผู้ป่วยโรคเบาหวานไม่ควรใช้ยานี้ร่วมกับยาที่มีส่วนผสมของยาอะลิสคิเรน (Aliskiren) เช่น ยา Amturnide, Tekturna, Tekamlo และ Valturna -Enalapril อาจส่งผลกระทบต่อไต หัวใจ และระดับอิเล็กโทรไลต์ (Electrolyte) ในร่างกาย ซึ่งทำให้เกิดอาการบวมอักเสบตามร่างกาย ปัสสาวะน้อย น้ำหนักขึ้นอย่างรวดเร็ว หายใจติดขัด เจ็บหน้าอก หัวใจเต้นแรง ชีพจรลดหรืออ่อนลง รู้สึกอ่อนแรง หรือกล้ามเนื้อตึง หากผู้ป่วยมีอาการเหล่านี้ควรแจ้งให้แพทย์ทราบ -ควรปรึกษาแพทย์หากมีการใช้สารทดแทนเกลือ (Salt Substitutes) ที่มีส่วนผสมของโปแตสเซียม และควรปฏิบัติตามคำแนะนำของแพทย์อย่างเคร่งครัด', 'รักษาความดันโลหิตสูง', 7, 1, 2, 10, '0000-00-00', '0000-00-00', '65.00', 'ยารักษาความดันโลหิตสูง', NULL);
INSERT INTO `drug_information` (`id`, `name`, `size`, `use_medicine`, `contraindications`, `properties`, `drug_type_id`, `category_id`, `package_id`, `quantity`, `production_date`, `expiration_date`, `price`, `keyword`, `link_images`) VALUES
(319, 'ENO รสมะนาว', '4.3 กรัม', ' วิธีรับประทาน: ในผู้ใหญ่และเด็กอายุ 12 ปีขึ้นไป ให้รับประทานยาครั้งละ 1 ซอง (4.3 กรัม) โดยละลายผงยาลงในน้ำเปล่า รับประทานซ้ำได้อีกภายใน 2-3 ชั่วโมง ถ้าต้องการ', 'ในเด็กอายุต่ำกว่า 12 ปี ยังไม่มีข้อมูลที่ชัดเจนในประสิทธิภาพและผลข้างเคียงของยาที่อาจเกิดขึ้นได้ในเด็กวัยนี้ จึงไม่เหมาะที่จะนำมาใช้กับเด็กที่มีอายุต่ำกว่า 12 ปี หรืออาจใช้ได้ภายใต้คำแนะนำของแพทย์', 'ลดกรด บรรเทาอาการท้องอืด ท้องเฟ้อ เนื่องจากมีกรดมากในกระเพาะอาหาร', 7, 7, 8, 1, '0000-00-00', '0000-00-00', '20.00', 'ยาลดกรด, แก้ท้องอืด, ท้องเฟ้อ', NULL),
(320, 'ENO รสส้ม', '4.3 กรัม', ' วิธีรับประทาน: ในผู้ใหญ่และเด็กอายุ 12 ปีขึ้นไป ให้รับประทานยาครั้งละ 1 ซอง (4.3 กรัม) โดยละลายผงยาลงในน้ำเปล่า รับประทานซ้ำได้อีกภายใน 2-3 ชั่วโมง ถ้าต้องการ', 'ในเด็กอายุต่ำกว่า 12 ปี ยังไม่มีข้อมูลที่ชัดเจนในประสิทธิภาพและผลข้างเคียงของยาที่อาจเกิดขึ้นได้ในเด็กวัยนี้ จึงไม่เหมาะที่จะนำมาใช้กับเด็กที่มีอายุต่ำกว่า 12 ปี หรืออาจใช้ได้ภายใต้คำแนะนำของแพทย์', 'ลดกรด บรรเทาอาการท้องอืด ท้องเฟ้อ เนื่องจากมีกรดมากในกระเพาะอาหาร', 7, 7, 8, 1, '0000-00-00', '0000-00-00', '20.00', 'ยาลดกรด, แก้ท้องอืด, ท้องเฟ้อ', NULL),
(321, 'ENSURE รสวานิลลา', '850 กรัม', 'วิธีการชงมาตรฐาน ผสมผง เอนชัวร์ ทีละช้อนตวงปาด ลงในน้ำเย็นหรือน้ำอุ่นที่สะอาด 195 มล. แล้วคนให้เข้ากันจนละลายจนครบ 6 ช้อน (53.5 กรัม) ให้พลังงาน 230 กิโลแคลอรี', 'อาหารทางการแพทย์ ต้องใช้ภายใต้คำแนะนำของแพทย์', '-ให้พลัง 230 กิโลแคลอรี่ มีสารอาหารครบถ้วน -มีโปรตีน ที่ให้กรดอะมิโนจำเป็นที่ช่วยซ่อมแซมส่วนที่สึกหรอของร่างกาย -มีกรดไขมันที่จำเป็นต่อร่างกาย โอเมก้า3 260มก. โอเมก้า6 1,520มก. และมีโอเมก้า9 3,940มก. -มีวิตามินและแร่ธาตุ มีแคลเซียม มีส่วนช่วยกระบวนการสร้างกระดูกและฟันที่แข็งแรง -วิตามินดีสูง ช่วยดูดซึมแคลเซียมและฟอสฟอรัส -วิตามินบี12สูง มีส่วนช่วยในการทำงานของระบบประสาทและสมอง', 7, 18, 6, 1, '0000-00-00', '0000-00-00', '99.99', 'ผลิตภัณฑ์เสริมอาหาร', NULL),
(322, 'ERFUZIDE', '60 มล.', 'อายุต่ำกว่า 6 เดือน รับประทานครั้งละ 1 ช้อนชา วันละ 1-2 ครั้ง อายุมากกว่า 6 เดือน รับประทานครั้งละ 1 ช้อนชา วันละ 3 ครั้ง', '-', 'รักษาอาการท้องเสียเฉียบพลัน ท้องเสียเรื้อรัง ลำไส้เล็กและลำไส้ใหญ่อักเสบ ในเด็ก', 7, 6, 3, 1, '0000-00-00', '0000-00-00', '95.00', 'แก้ท้องเสีย', NULL),
(323, 'ESPANAL', '50 มก.', 'ขนาดยาที่ใช้รับประทานสำหรับผู้ใหญ่อยู่ในช่วง 50-150 มิลลิกรัมต่อวัน โดยแบ่งให้ (หรือรับประทานครั้งละ 50 มิลลิกรัม วันละ 1-3 ครั้ง) ซึ่งโดยทั่วไปใช้ในขนาด ครั้งละ 50 มิลลิกรัม วันละ 3 ครั้ง', '-ประวัติการแพ้ยา eperisone หรือยาอื่นๆ และอาหาร -ใช้หรือกำลังจะใช้ ยาอื่นๆทั้งยาที่แพทย์สั่งจ่ายและยาที่ใช้เอง วิตามิน อาหารเสริม สมุนไพร -กำลังใช้ยา tolperisone hydrochloride หรือ methocarbamol -ตั้งครรภ์ วางแผนจะตั้งครรภ์ หรือให้นมบุตร -โรคไต โรคตับ ความผิดปกติเกี่ยวกับเม็ดเลือดแดง', 'เพื่อบรรเทาอาการเกร็งตัวของกล้ามเนื้อ', 7, 1, 3, 10, '0000-00-00', '0000-00-00', '99.00', 'รักษาอาการหดเกร็งของกล้ามเนื้อ', NULL),
(324, 'ESPERSON 15 G', '15 กรัม', 'ใช้สองเวลาหลังอาบน้ำเช้า-เย็น ขณะที่ผิวยังเปียกชื้น ทาเฉพาะบริเวณผื่น ไม่ทาเลยออกจากบริเวณผื่นไป', 'ยาใช้ภายนอกห้ามรับประทาน, ก่อนและหลังทายาควรล้างมือให้สะอาดก่อน', 'ใช้รักษาผิวหนังอักเสบ ผื่น แก้แพ้ แก้คัน เหมาะกับผิวหนังอักเสบเรื้อรังที่มีผื่นหนา ', 10, 4, 3, 1, '0000-00-00', '0000-00-00', '99.99', 'รักษาอาการผิวหนังอักเสบ, ผื่น คัน', NULL),
(325, 'ESPERSON 5 G', '5 กรัม', 'ใช้สองเวลาหลังอาบน้ำเช้า-เย็น ขณะที่ผิวยังเปียกชื้น ทาเฉพาะบริเวณผื่น ไม่ทาเลยออกจากบริเวณผื่นไป', 'ยาใช้ภายนอกห้ามรับประทาน, ก่อนและหลังทายาควรล้างมือให้สะอาดก่อน', 'ใช้รักษาผิวหนังอักเสบ ผื่น แก้แพ้ แก้คัน เหมาะกับผิวหนังอักเสบเรื้อรังที่มีผื่นหนา ', 10, 4, 3, 1, '0000-00-00', '0000-00-00', '80.00', 'รักษาอาการผิวหนังอักเสบ, ผื่น คัน', NULL),
(326, 'ENCALYPTUS OIL', '30 มล.', 'ใช้สูดดมแก้วิงเวียน หรือ ทาถูนวดเพื่อบรรเทาอาการฟกช้ำ', 'ยาใช้ภายนอกห้ามรับประทาน', '-น้ำมันยูคาลิปตัสนำมาใช้ทาคอ จะช่วยแก้ไอ หรือใช้ดมแก้หวัดคัดจมูก -ใช้สุดดมกลิ่นระเหยเพื่อบรรเทาอาการคัดจมูก เนื่องจากแพ้หรือเป็นหวัด -ใช้ทาถูนวดตามอวัยวะต่าง ๆ เพื่อแก้อาการฟกช้ำ', 44, 6, 3, 1, '0000-00-00', '0000-00-00', '65.00', 'แก้วิงเวียนศีรษะ, ฟกช้ำ', NULL),
(327, 'ENCALYPTUS SPRAY ตราจิงโจ้', '300 มล.', '1. ใช้ฉีดในห้องนอน ตอนเปิดแอร์ แล้วปิดประตูทิ้งไว้ 1 - 3 นาที ในช่วงที่ลูกน้อยเป็นหวัด คัดจมูก จะช่วยให้ลูกน้อยหายใจโล่งสบาย บรรเทาอาการ คัดจมูก จากหวัด และภูมิแพ้2. ฉีดในห้อง จะช่วยปรับอากาศภายในห้องให้หอมสดชื่น ทำให้รู้สึกผ่อนคลาย', 'ระวังอย่าให้ให้เข้าตา ยาใช้ภายนอก', 'ช่วยบรรเทาอาการหวัด คัดจมูก ปลอดภัย อ่อนโยนต่อเด็ก ลดอาการเป็นภูมิแพ้', 51, 18, 6, 1, '0000-00-00', '0000-00-00', '99.99', 'ช่วยบรรเทาอาการหวัด, คัดจมูก, ลดภูมิแพ้', NULL),
(328, 'EUCERIN LIP AKTIV', '4.8 กรัม', 'ทาริมฝีปากเป็นประจำ และใช้ได้บ่อยครั้งตามที่ต้องการ', '-', 'ฟื้นบำรุงริมฝีปากให้ชุ่มชื้นนุ่มนวลทันทีที่ทา', 26, 4, 5, 1, '0000-00-00', '0000-00-00', '99.99', 'ให้ความชุ่มชื้นริมฝีปาก', NULL),
(329, 'EUCIGA HERBAL MOUTH SPRAY', '10 มล.', 'พ่นสเปรย์ภายในช่องปากและลำคอ ครั้งละ 1-2 ที วันละ 2-3 ครั้ง หรือบ่อยครั้งตามต้องการ', '-', 'สเปรย์แก้เจ็บคอ - ช่วยให้ลมหายใจสดชื่น เย็นชุ่มคอ - ลดการสะสมของแบคทีเรีย ในช่องปากและลำคอ - เพื่อให้สุขภาพช่องปากและลำคอสะอาดสดชื่น', 11, 6, 3, 1, '0000-00-00', '0000-00-00', '99.99', 'แก้เจ็บคอ, ลดแบคทีเรียในช่องคอ, ลดอาการไอ', NULL),
(330, 'EUCIGA NASAL SPRAY', '20 มล.', '-พ่น1-2ครั้ง ที่รูจมูกแต่ละข้าง ใช้พ่นได้หลายครั้งในระหว่างวัน -เด็กอายุ3-12ขวบ พ่น1ครั้งในรูจมูกแต่ละข้าง วันละ3-4ครั้ง -ผู้ใหญ่ พ่น1-2ครั้ง ได้หลายครั้งต่อวัน', 'เด็กอายุ 10 ขวมหรือต่ำกว่า - ควรมีผู้ใหญ่ช่วยดูแลในขณะพ่นวิธีการใช้ อาการข้างเคียง และ ดูรายละเอียดเพิ่มเติมในเอกสารกำกับ เครื่องมือแพทย์', 'สเปรย์ยูจิก้าพ่นจมูก ใช้สำหรับบรรเทาและป้องกันอาการที่เกิดการแพ้ เช่น คันจมูก น้ำมูกไหล คัดจมูก และจาม เป็นต้น\r\n', 18, 6, 3, 1, '0000-00-00', '0000-00-00', '99.99', 'ลดน้ำมูก, บรรเทาอาการคัดจมูก', NULL),
(331, 'EUROFER-IRON SYTUP', '60 มล.', 'ใน 1 มล. ประกอบด้วย Iron (III) Hydroxide Polymaltose Complex เที่ยบเท่ากับธาตุเหล็ก 10 มก.เด็ก: รับประทานครั้งละ 5 มล. วันละ 1 ครั้งผู้ใหญ่: รับประทานครั้งละ 10 มล. วันละ 1 ครั้ง', '-ไม่ให้กินร่วมกับยาลดกรดและน้ำชาเพราะจะทำให้ธาตุเหล็กถูกดูดซึมลดลงเช่นกัน -ข้อควรระวัง ต้องเก็บยาธาตุเหล็กในที่มิดชิด ปลอดภัย ไม่ให้เด็กหรือลูกเข้าถึงและหยิบกินยาเองได้ -การกินยาธาตุเหล็ก ต้องกินตามเวลาและขนาดที่แพทย์แนะนำ -ห้ามกินเกินขนาดโดยเด็ดขาด เพราะจะทำให้ปวดท้องรุนแรง คลื่นไส้ อาเจียนรุนแรงจนอาจมีเลือดออกได้', 'ผลิตภัณฑ์เสริมธาตุเหล็ก ธาตุเหล็กเป็นส่วนประกอบที่จำเป็นสำหรับร่างกายในการสร้างฮีโมโกลบิน และนำออกซิเจนไปเลี้ยงเนื้อเยื่อภายในร่างกาย ป้องกันโรคโลหิตจางเนื่องจากขาดธาตุเหล็ก ช่วยให้เด็กเล็กเจริญอาหาร เด็กน้ำหนักตัวต่ำกว่าเกณฑ์ เสริมพัฒนาการ การเรียนรู้ การเจริญเติบโต', 7, 6, 3, 1, '0000-00-00', '0000-00-00', '99.99', 'ป้องกันโรคโลหิตจาง', NULL),
(332, 'EXETER EAR PLUG', '1 คู่', '-ม้วนและบีบอัดให้มีขนาดเล็กที่สุด -นำไปอุดช่องหูอย่างรวดเร็ว และกดค้างไว้จนขยายเต็มช่องหู -เพื่อการนำไปอุดช่องหูให้ง่ายขึ้น นำมือไปด้านหลังศีรษะและดึงส่วนบนของใบหู', '- ระวังชิ้นส่วนของโฟมฉีกขาด หลุดเข้าไปในรูหู - ควรเช็คให้มั่นใจว่าจุกอุดหูสนิทดี ก่อนเข้าพื้นที่ที่ก่อให้เกิดเสียงดังอันเป็นอันตรายต่อการได้ยิน - สินค้าเป็นชนิดที่ใช้แล้วทิ้ง ควรยุติการใช้งานแล้วทิ้งทันทีเมื่อโฟมเสื่อมสภาพแล้ว - ไม่ควรใช้กับการดำน้ำทุกรูปแบบ - ไม่แนะนำเพื่อการใช้ในกีฬายืงปืน - ในกรณีใช้บนเครื่องมือบิน ให้นำออกจากหูก่อนลงจากเครื่อง - การใช้งานกับเด็กควรได้รับการดูแลอย่างใกล้ชิด - ควรเก็บ Soft Foam Earplugs ให้ห่างจากมือเด็ก', 'เอ็กซ์เตอร์ ที่อุดหูชนิดโฟม 1 คู่ ที่อุดหูแบบโฟม ใช้สำหรับอุดช่องหูเพื่อป้องกันการสูญเสียการได้ยินเมื่ออยู่ในสภาพแวดล้อมที่มีเสียงดัง รูปทรงเรียว ง่ายต่อการอุดหู สามารถลดเสียงเข้าหูได้มากถึง 29 เดซิเบล\r\n', 25, 19, 8, 1, '0000-00-00', '0000-00-00', '99.99', 'ที่อุดหู', NULL),
(333, 'EZERRA EXTRA GENTLE CLEANSER 150 ML', '150 มล.', 'ทำผิวหนังให้ชุ่มชื้นก่อน จากนั้นจึงชโลมและนวดผิวหนังบริเวณดังกล่าวให้ทั่ว เช่น ที่ใบหน้า หรือทั่วร่างกาย แล้วจึงล้างออกด้วยน้ำสะอาดและใช้ผ้าซับให้แห้ง และควรทาอีเซอร์ร่า ครีม/โลชั่น ในผิวบริเวณที่ต้องการภายใน 3 นาทีหลังการซับตัว', '-', 'สบู่อาบน้ำเด็ก เนื้อเจลอาบน้ำสูตรอ่อนโยน ปรับสภาพผิวให้สมดุลเป็นกรดอ่อนๆ เหมาะสำหรับผิวเด็ก ผิวบอบบาง ปราศจากสารโซเดียม ลอริล ซัลเฟต และสารโซเดียม ลอริเอท ซัลเฟต ซึ่งสารเหล่านี้มักจะมีอยู่ในสบู่ครีมหรือเจลอาบน้ำทั่วๆไป ซึ่งอาจก่อให้เกิดการแพ้ได้', 10, 6, 3, 1, '0000-00-00', '0000-00-00', '99.99', 'เจลอาบน้ำทำความสะอาดร่างกาย', NULL),
(334, 'EZERRA EXTRA GENTLE CLEANSER 500 ML', '500 มล.', 'ทำผิวหนังให้ชุ่มชื้นก่อน จากนั้นจึงชโลมและนวดผิวหนังบริเวณดังกล่าวให้ทั่ว เช่น ที่ใบหน้า หรือทั่วร่างกาย แล้วจึงล้างออกด้วยน้ำสะอาดและใช้ผ้าซับให้แห้ง และควรทาอีเซอร์ร่า ครีม/โลชั่น ในผิวบริเวณที่ต้องการภายใน 3 นาทีหลังการซับตัว', '-', 'สบู่อาบน้ำเด็ก เนื้อเจลอาบน้ำสูตรอ่อนโยน ปรับสภาพผิวให้สมดุลเป็นกรดอ่อนๆ เหมาะสำหรับผิวเด็ก ผิวบอบบาง ปราศจากสารโซเดียม ลอริล ซัลเฟต และสารโซเดียม ลอริเอท ซัลเฟต ซึ่งสารเหล่านี้มักจะมีอยู่ในสบู่ครีมหรือเจลอาบน้ำทั่วๆไป ซึ่งอาจก่อให้เกิดการแพ้ได้', 10, 6, 3, 1, '0000-00-00', '0000-00-00', '99.99', 'เจลอาบน้ำทำความสะอาดร่างกาย', NULL),
(335, 'FAHPRATHARN Retreshing Mouse', '15 มล.', 'พ่นสเปรย์ในบริเวณช่องปากและลำคอ 2-3 ครั้ง', '-', 'ชุ่มคอ บรรเทาอาการระคายคอ บรรเทาการมีเสมหะ ช่วยให้ช่องปากและ ลำคอ สะอาด ลมหายใจ สดชื่น หอม ยาวนาน ฉีดได้บ่อยครั้ง น้ำหนักเบาพกไว้ อุ่นใจกว่า ปกป้อง จากเชื้อโรค', 11, 6, 3, 1, '0000-00-00', '0000-00-00', '99.99', 'บรรเทาอาการละคายคอ, ลดเสมหะ', NULL),
(336, 'FANGO-B', '15 กรัม', 'ทาบางๆ บนบริเวณที่ติดเชื้อราและอักเสบ วันละ 2-3 ครั้ง', 'ยาใช่ภายนอกห้ามรับประทาน', 'บรรเทาอาการโรคผิวหนังอักเสบที่เกิดจากเชื้อรา เช่น กลาก เกลื้อน น้ำกัดเท้า ฮ่องกงฟุต', 10, 4, 3, 1, '0000-00-00', '0000-00-00', '85.00', 'บรระเทาอาการผิวหนังอักเสบที่เกิดจากเชื้อรา', NULL),
(337, 'FAVOVAS LIP CARE', '10 กรัม', 'ทาบริเวณริมฝีปากได้บ่อยครั้ง ตามต้องการ', '-', 'ช่วยบำรุงริมฝีปากที่แห้งแตก ให้มีความนุ่มชุ่มชื่น ช่วยฟื้นบำรุงบริเวณที่แห้งกร้านหรือดำด้านให้กลับมาดูสุขภาพดี', 26, 18, 8, 1, '0000-00-00', '0000-00-00', '59.00', 'ให้ความชุ่นชื้นริมฝีปาก', NULL),
(338, 'FBC', '100 เม็ด', 'วิธีการรับประทาน : ทานครั้งละ 1 เม็ด หลังอาหาร 3 มื้อ สำหรับผู้ที่ต้องการให้ธาตุเหล็กดูดซึมได้มากขึ้นอาจทานร่วมกับวิตามินซี Blackmore Bio C หรือ Mega Nat C ได้', '-ห้ามใช้ในผู้ป่วยโรคธาลัสซีเมีย (thalassemia) หรือ ผู้ที่เป็นพาหะธาลัสซีเมีย -ห้ามใช้ในผู้ป่วยที่เป็น G-6-PD -ห้ามใช้ในผู้ที่แพ้สารต่างๆใน FBC -หลังรับประทานยานี้ อาจทำให้อุจจาระมีสีดำคล้ำได้เป็นเรื่องปกติ', ' FBC คือ ยาบำรุงเลือด ที่มีองค์ประกอบหลักของวิตามินและแร่ธาตุ 3 ชนิด ได้แก่ ธาตุเหล็ก (F) วิตามินบี (B) และ วิตามินซี (C) โดยยาจะใช้สำหรับผู้ที่โลหิตจาง จากการขาดธาตุเหล็ก หรือ มีการสูญเสียเลือดออกจากร่างกาย', NULL, 1, 8, 100, '0000-00-00', '0000-00-00', '80.00', 'บำรุงเลือดโลหิตจาง', NULL),
(339, 'FEENOZE 0.05%', '20 มล.', 'พ่นจมูกข้างละ 1 ครั้ง วันละ 2-3 ครั้ง', 'ข้อควรระวังในการใช้ ไม่ควรใช้ oxymetazoline ติดต่อกันเกิน 3 วัน', 'บรรเทาอาการคัดจมูก', 18, 6, 3, 1, '0000-00-00', '0000-00-00', '99.99', 'บรรเทาอาการคัดจมูก, ลดน้ำมูก', NULL),
(340, 'FELODIPINE ', '5 มก.', 'ผู้ใหญ่ รับประทานยาปริมาณเริ่มต้น 5 มิลลิกรัม/วันในมื้อเช้า และปรับปริมาณยาตามการตอบสนองต่อยา ปริมาณยาสำหรับควบคุมอาการและปริมาณยาที่ใช้รักษาต่อเนื่อง คือ 2.5-10 มิลลิกรัม/วัน สูงสุดไม่เกิน 20 มิลลิกรัม/วันผู้สูงอายุ รับประทานยาปริมาณเริ่มต้น 2.5 มิลลิกรั', '-แจ้งให้แพทย์ทราบก่อนใช้ยา หากมีประวัติแพ้ยาหรือส่วนประกอบของยาชนิดนี้ แพ้ยาชนิดอื่น อาหาร หรือสารใด ๆ -แจ้งให้แพทย์ทราบเกี่ยวกับยาทุกชนิดที่กำลังใช้อยู่ ทั้งยาที่แพทย์สั่ง ยาที่ซื้อใช้ด้วยตนเอง วิตามิน และสมุนไพรใด ๆ เพราะมียาหลายชนิดที่อาจมีปฏิกิริยากับยานี้ -แจ้งให้แพทย์ พยาบาล เภสัชกร และทันตแพทย์ทราบว่ากำลังใช้ยานี้ก่อนเข้ารับการรักษาใด ๆ -หากต้องการใช้ยาที่สามารถซื้อได้เองอย่างยาแก้ไอ ยาแก้หวัด ยาลดความอ้วน ยาไอบูโพรเฟน หรือยาอื่น ๆ ที่ใกล้เคียงกัน ต้องแจ้งให้แพทย์หรือเภสัชกรทราบก่อน เพราะยาบางชนิดอาจทำให้ความดันโลหิตเพิ่มสูงขึ้น -ไม่ควรใช้ยานี้หากผู้ป่วยมีอาการปวดเค้นหัวใจชนิดไม่คงที่ มีภาวะช็อกจากโรคหัวใจ และลิ้นหัวใจเอออร์ต้าตีบ -ระหว่างที่ใช้ยา ผู้ป่วยต้องเข้ารับการตรวจเลือดตามที่แพทย์สั่ง -หลีกเลี่ยงการขับรถหรือกิจกรรมที่ต้องมีความตื่นตัว จนกว่าจะแน่ใจว่ายาไม่ทำให้เกิดผลข้างเคียงที่กระทบต่อการทำกิจกรรมดังกล่าว -ระหว่างที่ใช้ยา ให้ลุกขึ้นจากท่านั่งหรือท่านอนอย่างช้า ๆ และระมัดระวังเมื่อขึ้นลงบันได เพื่อลดความเสี่ยงในการเกิดอาการเวียนศีรษะหรือหมดสติดูแลสุขภาพฟันให้ดีและหมั่นพบทันตแพทย์อยู่เสมอในระหว่างที่ใช้ยา -ในช่วงที่ใช้ยานี้ ให้ปรึกษาแพทย์ก่อนดื่มแอลกอฮอล์ ดื่มน้ำเกรปฟรุต หรือรับประทานเกรปฟรุต -ผู้ที่ตั้งครรภ์ วางแผนจะมีบุตร หรืออยู่ในช่วงให้นมบุตร ควรปรึกษาแพทย์ถึงข้อดีและข้อเสียของยาก่อนใช้ยานี้', 'รักษาภาวะความดันโลหิตสูง', 7, 1, 2, 10, '0000-00-00', '0000-00-00', '99.00', 'รักษาภาวะความดันโลหิตสูง', NULL),
(341, 'FENAFEX 180 MG', '180 มก.', '-ขนาดการใช้ยาในผู้ใหญ่ และเด็กอายุมากกว่า 12 ปี ขนาด 60 มิลลิกรัม วันละสองครั้ง หรือ 180 มิลลิกรัม วันละครั้ง -ขนาดการใช้ยาในเด็กอายุ 6-12 ปี ขนาด 30 มิลลิกรัม วันละสองครั้ง -ขนาดการใช้ยาในผู้ใหญ่ หรือเด็กอายุมากกว่า 12 ปี ที่มีการทำงานของไตบกพร่อง ขนาดยา', '-ห้ามใช้ยานี้ในผู้ป่วยที่แพ้ตัวยาเฟกโซเฟนาดีน -ระวังการใช้ยานี้ในผู้ป่วยโรคหัวใจและหลอดเลือด หรือผู้ป่วยที่มีประวัติเป็นโรคหัวใจและหลอดเลือด -ระวังการใช้ยานี้ในผู้ป่วยโรคไต โรคตับ -ระวังการใช้ยานี้ในผู้ป่วยที่รับประทานยาที่มีแมกนีเซียม (Magnesium) หรืออลูมิเนียม (Aluminium) เป็นส่วนประกอบ เนื่องจากจะลดการดูดซึมยา Fenafex -ระวังการใช้ยานี้ในเด็ก สตรีมีครรภ์ และสตรีให้นมบุตร -ระวังการใช้ยานี้ในผู้สูงอายุ', 'ใช้สำหรับบรรเทากลุ่มอาการที่เกี่ยวข้องกับอาการแพ้ตามฤดูกาล อาการคัดจมูก และผื่นลมพิษเรื้อรังชนิดที่ไม่ทราบสาเหตุ โดยมีขนาดการใช้ยา ดังนี้', 7, 1, 3, 10, '0000-00-00', '0000-00-00', '75.00', 'บรรเทาอาการแก้แพ้, คัดจมูก, ผื่นลมพิษเรื้อรังชนิดไม่ทราบสาเหตุ', NULL),
(342, 'FENAFEX 60 MG', '60 มก.', '-ขนาดการใช้ยาในผู้ใหญ่ และเด็กอายุมากกว่า 12 ปี ขนาด 60 มิลลิกรัม วันละสองครั้ง หรือ 180 มิลลิกรัม วันละครั้ง -ขนาดการใช้ยาในเด็กอายุ 6-12 ปี ขนาด 30 มิลลิกรัม วันละสองครั้ง -ขนาดการใช้ยาในผู้ใหญ่ หรือเด็กอายุมากกว่า 12 ปี ที่มีการทำงานของไตบกพร่อง ขนาดยา', '-ห้ามใช้ยานี้ในผู้ป่วยที่แพ้ตัวยาเฟกโซเฟนาดีน -ระวังการใช้ยานี้ในผู้ป่วยโรคหัวใจและหลอดเลือด หรือผู้ป่วยที่มีประวัติเป็นโรคหัวใจและหลอดเลือด -ระวังการใช้ยานี้ในผู้ป่วยโรคไต โรคตับ -ระวังการใช้ยานี้ในผู้ป่วยที่รับประทานยาที่มีแมกนีเซียม (Magnesium) หรืออลูมิเนียม (Aluminium) เป็นส่วนประกอบ เนื่องจากจะลดการดูดซึมยา Fenafex -ระวังการใช้ยานี้ในเด็ก สตรีมีครรภ์ และสตรีให้นมบุตร -ระวังการใช้ยานี้ในผู้สูงอายุ', 'ใช้สำหรับบรรเทากลุ่มอาการที่เกี่ยวข้องกับอาการแพ้ตามฤดูกาล อาการคัดจมูก และผื่นลมพิษเรื้อรังชนิดที่ไม่ทราบสาเหตุ โดยมีขนาดการใช้ยา ดังนี้', 7, 1, 3, 10, '0000-00-00', '0000-00-00', '75.00', 'บรรเทาอาการแก้แพ้, คัดจมูก, ผื่นลมพิษเรื้อรังชนิดไม่ทราบสาเหตุ', NULL),
(343, 'FENISTIL GEL', '20 กรัม', 'ทาบริเวณที่เป็นวันละ 2-4 ครั้ง\r\n', 'ยาใช้ภายนอกห้ามรับประทาน', 'รักษาอาการแพ้ คันบริเวณผิวหนัง ผดผื่น ลมพิษ แมลงสัตว์กัดต่อย และผิวหนังไหม้เกรียม จากแสงแดด แผลไฟไหม้อย่างตื้นๆ ไม่มีส่วนผสมของสเตียรอยด์', 10, 4, 3, 1, '0000-00-00', '0000-00-00', '90.00', 'บรรเทาอาการผิวหนังเอกเสบ ผดผื่น', NULL),
(344, 'FIBRIL', '160 มก.', 'ผู้ใหญ่ ยารูปแบบ Micronised รับประทานยาปริมาณเริ่มต้นครั้งละ 67 มิลลิกรัม วันละ 3 ครั้ง หรือครั้งละ 200 มิลลิกรัม วันละ 1 ครั้ง อาจลดปริมาณเป็นครั้งละ 67 มิลลิกรัม วันละ 2 ครั้ง หรือเพิ่มเป็นครั้งละ 67 มิลลิกรัม วันละ 4 ครั้ง หรือครั้งละ 267 มิลลิกรัม วัน', '-แจ้งให้แพทย์ทราบก่อนใช้ยานี้ หากมีประวัติแพ้ยาหรือส่วนประกอบของยาชนิดนี้ รวมถึงยาชนิดอื่น อาหาร หรือสารใด ๆ -ผู้ป่วยโรคตับ โรคถุงน้ำดี โรคไตรุนแรง หรืออยู่ในช่วงฟอกไต ไม่ควรใช้ยานี้ -แจ้งให้แพทย์ทราบก่อนใช้ยา หากเป็นโรคไต โรคเบาหวาน โรคหัวใจ มีความผิดปกติเกี่ยวกับต่อมไทรอยด์ หรือมีประวัติเป็นโรคตับอ่อนอักเสบหรือโรคตับ -แจ้งให้แพทย์ทราบเกี่ยวกับยา อาหารเสริม และสมุนไพรทุกชนิดที่กำลังใช้อยู่ โดยเฉพาะยาลดไขมันในเลือดชนิดอื่น ๆ ยากดภูมิคุ้มกัน ยาโคลชิซิน และยาต้านการแข็งตัวของเลือด เช่น วาร์ฟาริน เป็นต้น -แจ้งให้แพทย์ทราบว่ากำลังใช้ยาชนิดนี้หรือยาชนิดใดก็ตาม ก่อนเข้ารับการผ่าตัดใด ๆ -หลีกเลี่ยงการดื่มแอลกอฮอล์ในระหว่างที่ใช้ยานี้ เพราะอาจทำให้ระดับไตรกลีเซอไรด์ในเลือดเพิ่มสูงและเกิดความเสียหายต่อตับ -ผู้ที่ตั้งครรภ์หรือวางแผนมีบุตรควรปรึกษาแพทย์ถึงข้อดีและข้อเสียของการใช้ยานี้ เพราะยานี้อาจเป็นอันตรายต่อทารกในครรภ์ได้ -ห้ามให้นมบุตรในระหว่างที่ใช้ยานี้ เพราะยาอาจซึมผ่านน้ำนมมารดาและเป็นอันตรายต่อทารกได้', 'รักษาภาวะไขมันในเลือดสูง', 7, 1, 2, 10, '0000-00-00', '0000-00-00', '90.00', 'รักษาภาวะไขมันในเลือดสูง', NULL),
(345, 'FIRIDE', '1 มก.', 'Firide ยา Finasteride ใช้ในผู้ชายเท่านั้น -ผู้ใหญ่ (ผู้ชาย) : รับประทานครั้งละ 1 mg. (1 เม็ด) วันละ 1 ครั้ง อาจให้พร้อมหรือ ไม่พร้อมกับอาหารได้ โดยทั่วไปจะเห็นผลในการงอกของเส้นผม เมื่อมีการใช้ยาติดต่อกันนาน 3 เดือน หรือมากกว่า และควรใช้ยาอย่างต่อเนื่องไปเ', '-ห้ามใช้ในหญิง และ เด็ก โดยเฉพาะในหญิงมีครรภ์หรืออาจกำลังมีครรภ์ -การใช้ยาในผู้ป่วยภาวะการทำงานของไตบกพร่อง -ไม่จำเป็นต้องมีการปรับขนาดยา การใช้ยาในผู้ที่มีภาวการณ์ทำงานของตับบกพร่อง -เนื่องจาก Firide Finasteride ถูกเมตาบอไลท์ที่ตับเป็นส่วนใหญ่ จึงควรระวังในกรใช้ยานี้ในผู้ป่วยที่มีภาวการณ์ทำงานของตับบกพร่อง', 'ใช้สำหรับรักษาอาการผมร่วง ผมบางในผู้ชาย (androgenetic alopecia) -Firide ยา Finasteride ไม่มีข้อบ่งใช้ในผู้หญิงและเด็ก', 7, 1, 3, 30, '0000-00-00', '0000-00-00', '99.99', 'รักษาผมร่วงในผู้ชาย', NULL),
(346, 'FISH OIL 1000MG 100`s(MEGA)', '1000 มก.', 'ขนาดรับประทาน : ครั้งละ 1 แคปซูล วันละ 3 ครั้ง พร้อมอาหาร', '-เด็กและสตรีมีครรภ์ไม่ควรรับประทาน -ห้ามใช้ในผู้ที่แพ้ปลาทะเล หรือน้ำมันปลา -ควรระวังในผู้ที่เลือดแข็งตัวช้า หรือผู้ที่ใช้ยาต้านการแข็งตัวของเลือด หรือแอสไพริน -ควรกินอาหารหลากหลายครบ 5 หมู่ ในสัดส่วนที่เหมาะสมเป็นประจำ -ไม่มีผลในการป้องกัน หรือรักษาโรค', 'น้ำมันปลาเป็นแหล่งอาหารที่สำคัญของกรดไขมันโอเมก้า-3ซึ่งเป็นส่วนประกอบหลักของเนื้อสมองและมีความสำคัญต่อการทำงานของสมอง ช่วยทำให้ความจำดี และต่อต้านภาวะสมองเสื่อมก่อนวัย สินค้าตัวนี้ผลิตด้วยมาตรฐานยาสากลจากยุโรปและออสเตรเลีย ผ่านการตรวจสอบสารปนเปื้อนและโลหะหนัก', 7, 1, 1, 100, '0000-00-00', '0000-00-00', '99.99', 'ผลิตภัณฑ์เสริมอาหาร', NULL),
(347, 'FISH OIL 1000MG 30`s(MEGA)', '1000 มก.', 'ขนาดรับประทาน : ครั้งละ 1 แคปซูล วันละ 3 ครั้ง พร้อมอาหาร', '-เด็กและสตรีมีครรภ์ไม่ควรรับประทาน -ห้ามใช้ในผู้ที่แพ้ปลาทะเล หรือน้ำมันปลา -ควรระวังในผู้ที่เลือดแข็งตัวช้า หรือผู้ที่ใช้ยาต้านการแข็งตัวของเลือด หรือแอสไพริน -ควรกินอาหารหลากหลายครบ 5 หมู่ ในสัดส่วนที่เหมาะสมเป็นประจำ -ไม่มีผลในการป้องกัน หรือรักษาโรค', 'น้ำมันปลาเป็นแหล่งอาหารที่สำคัญของกรดไขมันโอเมก้า-3ซึ่งเป็นส่วนประกอบหลักของเนื้อสมองและมีความสำคัญต่อการทำงานของสมอง ช่วยทำให้ความจำดี และต่อต้านภาวะสมองเสื่อมก่อนวัย สินค้าตัวนี้ผลิตด้วยมาตรฐานยาสากลจากยุโรปและออสเตรเลีย ผ่านการตรวจสอบสารปนเปื้อนและโลหะหนัก', 7, 1, 1, 30, '0000-00-00', '0000-00-00', '99.99', 'ผลิตภัณฑ์เสริมอาหาร', NULL),
(348, 'FISH OIL MINI 30`s(BM)', '330 มก.', 'รับประทานพร้อมอาหาร ครั้งละ 1 แคปซูล วันละ 3 ครั้ง ทุกวัน', '-เด็กและสตรีมีครรภ์ไม่ควรรับประทาน -ห้ามใช้ในผู้ที่แพ้ปลาทะเล หรือน้ำมันปลา -ควรระวังในผู้ที่เลือดแข็งตัวช้า หรือผู้ที่ใช้ยาต้านการแข็งตัวของเลือด หรือแอสไพริน -ควรกินอาหารหลากหลายครบ 5 หมู่ ในสัดส่วนที่เหมาะสมเป็นประจำ -ไม่มีผลในการป้องกัน หรือรักษาโรค', 'แบลคมอร์ส ฟิช ออยล์ มินิ ให้กรดไขมันกลุ่มโอเมก้า-3 ได้แก่ อีพีเอ และดีเอชเอ และมีวิตามิน อี ที่มีส่วนช่วยใน กระบวนการต่อต้านอนุมูลอิสระ', 7, 3, 1, 30, '0000-00-00', '0000-00-00', '99.99', 'ผลิตภัณฑ์เสริมอาหาร', NULL),
(349, 'FISH I-CAL', '30 เม็ด', 'รับประทาน FIT I-CAL+ ครั้งละ 1 เม็ด วันละ 1 ครั้ง หลังอาหารเช้า', '-', '-ช่วยบำรุงกระดูกและฟันให้แข็งแรง ช่วยลดการหดเกร็งตัวของกล้ามเนื้อ -ช่วยเสริมสร้างกระดูกและฟัน -กระตุ้นการสร้างกระดูกอ่อน ลดอาการเกี่ยวกับข้อต่างๆ ช่วยเพิ่มน้ำเลี้ยงไขข้อ ทำให้เคลื่อนไหวได้ดีและสะดวกมากขึ้น -ช่วยในการดูดซึมแร่ธาตุต่างๆเข้าสู่ร่างกาย', 7, 1, 1, 30, '0000-00-00', '0000-00-00', '99.99', 'ผลิตภัณฑ์เสริมอาหาร', NULL),
(350, 'FIT PROBIOTIC SHOT', '20 กรัม', 'Fit Probiotic Shot ฉีกซอง เทใส่ปาก ครั้งละ 1 ซอง', 'ควรกินอาหารหลากหลายครบ 5 หมู่ ในสัดส่วนที่เหมาะสมเป็นประจำ', 'ผลิตภัณฑ์เสริมอาหารแบบช็อต สูตร Synbiotic อุดมด้วยจุลินทรีย์ที่ดีกว่า 10 ชนิด และ Prebiotic อีก 2 ชนิด ช่วยฟื้นฟูระบบทางเดินอาหาร ปรับสมดุลจุลินทรีย์ในลำไส้ สุขภาพดีจากภายใน เสริมภูมิคุ้มกัน ปราศจากน้ำตาล', 7, 7, 3, 10, '0000-00-00', '0000-00-00', '99.99', 'ผลิตภัณฑ์เสริมอาหาร', NULL),
(351, 'FITNE ชาเขียว 15 ซอง', '32.25 กรัม', 'ใส่ 1 ซองลงในถ้วย รินน้ำเดือดลงไป ดื่มก่อนนอน\r\nระยะเวลาการแช่ -5-10 นาที สำหรับผู้เริ่มต้นหรือคนธาตุเบา -10–20 นาที สำหรับคนธาตุปกติ -มากกว่า 20 นาที สำหรับคนธาตุหนัก\r\n**เลือกปรับความหนักเบาได้ตามความเหมาะสม', '-', '-เป็นยาระบาย -ผลิตจากสมุนไพรธรรมชาติ 100% -เหมาะสำหรับผู้ที่ชื่นชอบรสชาเขียว ผสานคุณค่าสมุนไพรและกลิ่นหอมหวานด้วยรสมะนาวผสมน้ำผึ้ง', 7, 7, 9, 15, '0000-00-00', '0000-00-00', '90.00', 'ยาระบาย', NULL),
(352, 'FITNE ชาเขียว  30 ซอง', '70.5 กรัม', 'ใส่ 1 ซองลงในถ้วย รินน้ำเดือดลงไป ดื่มก่อนนอนระยะเวลาการแช่ -5-10 นาที สำหรับผู้เริ่มต้นหรือคนธาตุเบา -10–20 นาที สำหรับคนธาตุปกติ -มากกว่า 20 นาที สำหรับคนธาตุหนัก**เลือกปรับความหนักเบาได้ตามความเหมาะสม', '-', '-เป็นยาระบาย -ผลิตจากสมุนไพรธรรมชาติ 100% -เหมาะสำหรับผู้ที่ชื่นชอบรสชาเขียว ผสานคุณค่าสมุนไพรและกลิ่นหอมหวานด้วยรสมะนาวผสมน้ำผึ้ง', 7, 7, 9, 30, '0000-00-00', '0000-00-00', '99.99', 'ยาระบาย', NULL),
(353, 'FITT HERBAL MOUSE SPRAY', '15 มล.', 'ฉีดสเปรย์ภายในช่องปาก 1-2 ครั้ง ใช้ได้บ่อยครั้งตามต้องการ', 'ข้อควรระวังผู้ที่แพ้แกสรดอกไม้หรือผลิตภัณฑ์จากผึ้งควรปรึกษาแพทย์ก่อนใช้คำเตือน -ห้ามใช้ใกล้เปลวไฟ -ควรเก็บผลิตภัณฑ์ให้พ้นมือเด็ก -ไม่ควรฉีดพ่น หรือ ฉีดสเปรย์เข้าจมูกโดยตรง -หากเกิดอาการระคายเคืองหรือผิดปกติ ควรหยุดใช้ปละปรึกษาแพทย์หรือเภสัชกร', 'ผลิตภัณฑ์สเปรย์ระงับกลิ่นปาก (ไม่ล้างออก) ผสมสารสกัดจากธรรมชาติ เพื่อสุขภาพช่องปากและลำคอ รสน้ำผึ้วมะนาว - ช่วยเพิ่มความเย็นซ่า - สร้างความชุ่มชื้นให้กับลำคอและกล่องเสียง - ลดการละคายเคือง - ให้กลิ่นหอมสดชื่น - ลดเหงือกอักเสบ - ลดการสะลมของแบคทีเรีย - ไม่มีน้ำตาล - ไม่มีแซคคาริน', 11, 6, 3, 1, '0000-00-00', '0000-00-00', '99.99', 'บรรเทาอาการเจ็บคอ, ให้ความชุ่มชื้นช่องปากและลำคอ', NULL);

-- --------------------------------------------------------

--
-- Table structure for table `drug_type`
--

CREATE TABLE `drug_type` (
  `id` int(11) NOT NULL,
  `name` varchar(255) NOT NULL
) ENGINE=InnoDB DEFAULT CHARSET=utf8mb4;

--
-- Dumping data for table `drug_type`
--

INSERT INTO `drug_type` (`id`, `name`) VALUES
(7, 'ยารับประทาน'),
(8, 'ครีมทาผิวหนัง'),
(9, 'วัสดุอุปกรณ์ทำแผล'),
(10, 'ยาทาผิวหนัง'),
(11, 'ยาสูดพ่นเข้าทางปาก'),
(12, 'ใช้ทำความสะอาดเชื้อโรคภายนอก'),
(13, 'ยาหยอดตา'),
(14, 'ยาสำหรับสูดดม'),
(15, 'ยารับประทานชงผสมกับน้ำ'),
(16, 'สบู่'),
(17, 'ATK'),
(18, 'ยาพ่นจมูก'),
(19, 'แผ่นแปะผิวหนัง'),
(20, 'เครื่องปั๊มนม'),
(21, 'ยาสำหรับฉีดพ่นช่องปากและลำคอ'),
(22, 'ยาสำหรับฉีดพ่นช่องปาก'),
(23, 'THC'),
(25, 'ที่อุดหู'),
(26, 'ลิปสติก'),
(27, 'ยาพ่นเข้าทางปาก'),
(28, 'ยาแผ่นแปะผิวหนัง'),
(29, 'ยาบ้วนปาก'),
(30, 'ยาหยอด'),
(31, 'ยาสอดช่องคลอด'),
(32, 'ผ้าพันแผล'),
(33, 'ยาถ่ายพยาธิ'),
(34, 'ยาหยด'),
(35, 'ยาอม'),
(36, 'สเปรย์พ่นคอ'),
(37, 'HCG'),
(38, 'ยาป้ายตา'),
(39, 'ผ้าเทป'),
(40, 'สำลีก้าน'),
(41, 'สเปรย์ดูแลช่องปาก'),
(42, 'เม็ดฟู่ทำความสะอาด'),
(43, 'ยาคุมกำเนิด'),
(44, 'ยาดม'),
(45, 'เกลือแร่'),
(46, 'ยาเหน็บ'),
(47, 'หน้ากากอนามัย'),
(48, 'ถุงยางอนามัย'),
(49, 'เจลหล่อลื่น'),
(50, 'ผ้าพันร่างกาย'),
(51, 'สเปรย์ฉีดห้อง');

-- --------------------------------------------------------

--
-- Table structure for table `order_drug`
--

CREATE TABLE `order_drug` (
  `id` char(10) NOT NULL DEFAULT uuid(),
  `customer_id` int(11) NOT NULL,
  `total` decimal(10,2) NOT NULL,
  `status` enum('S','OD','C','WP') NOT NULL,
  `order_date` date NOT NULL,
  `order_update` datetime NOT NULL DEFAULT current_timestamp()
) ENGINE=InnoDB DEFAULT CHARSET=utf8mb4;

--
-- Dumping data for table `order_drug`
--

INSERT INTO `order_drug` (`id`, `customer_id`, `total`, `status`, `order_date`, `order_update`) VALUES
('01234071-9', 8, '999.00', 'C', '2023-12-11', '2023-12-19 22:57:55'),
('b807eb20-8', 1, '9999.00', 'S', '2023-12-03', '2023-12-19 22:57:45'),
('b997d3d4-9', 8, '50.00', 'OD', '2023-12-20', '2023-12-20 00:12:01'),
('d25bf165-9', 9, '8855.00', 'S', '2023-12-11', '2023-12-19 22:57:33'),
('dde1c8be-9', 8, '769.95', 'S', '2023-12-18', '2023-12-19 21:51:07');

-- --------------------------------------------------------

--
-- Table structure for table `order_drug_detail`
--

CREATE TABLE `order_drug_detail` (
  `id` int(11) NOT NULL,
  `order_id` char(10) NOT NULL,
  `drug_info_id` int(11) NOT NULL,
  `quantity` int(11) NOT NULL,
  `value` decimal(10,2) NOT NULL,
  `total` decimal(10,2) NOT NULL,
  `order_date` date DEFAULT NULL,
  `order_update` datetime NOT NULL DEFAULT current_timestamp()
) ENGINE=InnoDB DEFAULT CHARSET=utf8mb4;

--
-- Dumping data for table `order_drug_detail`
--

INSERT INTO `order_drug_detail` (`id`, `order_id`, `drug_info_id`, `quantity`, `value`, `total`, `order_date`, `order_update`) VALUES
(1, 'b807eb20-8', 133, 2, '500.00', '9000.00', '2023-12-03', '2023-12-10 18:35:16'),
(3, 'b807eb20-8', 55, 1, '50.00', '100.00', '2023-12-03', '2023-12-10 18:35:16'),
(4, 'b807eb20-8', 2, 2, '99.99', '199.98', '2023-12-10', '2023-12-10 19:07:11'),
(5, 'b807eb20-8', 3, 2, '50.99', '101.01', '2023-12-10', '2023-12-10 19:07:11'),
(6, '01234071-9', 2, 2, '99.99', '199.98', '2023-12-11', '2023-12-11 20:27:44'),
(7, '01234071-9', 3, 2, '50.99', '101.01', '2023-12-11', '2023-12-11 20:27:44'),
(8, '01234071-9', 2, 2, '99.99', '199.98', '2023-12-16', '2023-12-16 00:53:43'),
(9, '01234071-9', 3, 2, '50.99', '101.01', '2023-12-16', '2023-12-16 00:53:43'),
(13, 'ad71a403-9', 132, 1, '99.99', '99.99', '2023-12-17', '2023-12-17 18:08:16'),
(14, 'ad71a403-9', 134, 2, '99.99', '199.98', '2023-12-17', '2023-12-17 19:39:14'),
(15, 'ad71a403-9', 132, 1, '99.99', '99.99', '2023-12-17', '2023-12-17 19:39:14'),
(16, 'ad71a403-9', 134, 1, '99.99', '99.99', '2023-12-17', '2023-12-17 19:45:35'),
(17, 'ad71a403-9', 116, 1, '36.00', '36.00', '2023-12-17', '2023-12-17 19:45:35'),
(18, 'ad71a403-9', 134, 1, '99.99', '99.99', '2023-12-17', '2023-12-17 19:55:52'),
(19, 'ad71a403-9', 116, 1, '36.00', '36.00', '2023-12-17', '2023-12-17 19:55:52'),
(20, 'ad71a403-9', 134, 1, '99.99', '99.99', '2023-12-17', '2023-12-17 19:57:43'),
(21, 'ad71a403-9', 116, 1, '36.00', '36.00', '2023-12-17', '2023-12-17 19:57:43'),
(22, 'ad71a403-9', 134, 1, '99.99', '99.99', '2023-12-17', '2023-12-17 19:59:22'),
(23, 'ad71a403-9', 116, 1, '36.00', '36.00', '2023-12-17', '2023-12-17 19:59:22'),
(24, 'ad71a403-9', 118, 1, '99.99', '99.99', '2023-12-17', '2023-12-17 20:46:49'),
(25, 'ad71a403-9', 102, 2, '45.00', '90.00', '2023-12-17', '2023-12-17 20:46:49'),
(26, 'ad71a403-9', 103, 1, '17.00', '17.00', '2023-12-17', '2023-12-17 20:46:49'),
(27, 'ad71a403-9', 114, 1, '60.00', '60.00', '2023-12-17', '2023-12-17 21:09:18'),
(28, 'ad71a403-9', 112, 1, '15.00', '15.00', '2023-12-17', '2023-12-17 21:09:18'),
(29, 'ad71a403-9', 114, 1, '60.00', '60.00', '2023-12-18', '2023-12-18 20:51:47'),
(30, 'ad71a403-9', 112, 2, '15.00', '30.00', '2023-12-18', '2023-12-18 20:51:47'),
(31, 'ad71a403-9', 114, 1, '60.00', '60.00', '2023-12-18', '2023-12-18 20:53:03'),
(32, 'ad71a403-9', 112, 2, '15.00', '30.00', '2023-12-18', '2023-12-18 20:53:03'),
(37, 'dde1c8be-9', 132, 1, '99.99', '99.99', '2023-12-18', '2023-12-18 22:43:55'),
(38, 'dde1c8be-9', 131, 1, '50.00', '50.00', '2023-12-18', '2023-12-18 22:43:55'),
(39, 'dde1c8be-9', 134, 1, '99.99', '99.99', '2023-12-18', '2023-12-18 23:09:45'),
(42, 'dde1c8be-9', 131, 1, '50.00', '50.00', '2023-12-18', '2023-12-18 23:47:13'),
(43, 'dde1c8be-9', 130, 1, '40.00', '40.00', '2023-12-18', '2023-12-18 23:47:13'),
(44, 'dde1c8be-9', 130, 1, '40.00', '40.00', '2023-12-18', '2023-12-18 23:48:03'),
(45, 'dde1c8be-9', 131, 1, '50.00', '50.00', '2023-12-18', '2023-12-18 23:48:03'),
(46, 'dde1c8be-9', 132, 1, '99.99', '99.99', '2023-12-18', '2023-12-18 23:48:03'),
(47, 'dde1c8be-9', 130, 1, '40.00', '40.00', '2023-12-18', '2023-12-18 23:48:25'),
(48, 'dde1c8be-9', 123, 1, '99.99', '99.99', '2023-12-19', '2023-12-19 21:47:54'),
(49, 'dde1c8be-9', 121, 1, '99.99', '99.99', '2023-12-19', '2023-12-19 21:47:54'),
(50, 'b997d3d4-9', 130, 1, '40.00', '40.00', '2023-12-20', '2023-12-20 00:19:02'),
(51, 'b997d3d4-9', 131, 1, '50.00', '50.00', '2023-12-20', '2023-12-20 00:28:38'),
(52, 'b997d3d4-9', 130, 1, '40.00', '40.00', '2023-12-20', '2023-12-20 00:34:38'),
(53, 'b997d3d4-9', 125, 1, '46.00', '46.00', '2023-12-20', '2023-12-20 00:34:38'),
(54, 'b997d3d4-9', 131, 1, '50.00', '50.00', '2023-12-20', '2023-12-20 10:05:14'),
(55, 'b997d3d4-9', 130, 1, '40.00', '40.00', '2023-12-20', '2023-12-20 10:05:14'),
(56, 'b997d3d4-9', 129, 1, '82.00', '82.00', '2023-12-20', '2023-12-20 10:18:11'),
(57, 'b997d3d4-9', 131, 1, '50.00', '50.00', '2023-12-20', '2023-12-20 10:25:01'),
(58, 'b997d3d4-9', 130, 1, '40.00', '40.00', '2023-12-20', '2023-12-20 10:25:01'),
(59, 'b997d3d4-9', 129, 1, '82.00', '82.00', '2023-12-20', '2023-12-20 10:25:01'),
(60, 'b997d3d4-9', 131, 1, '50.00', '50.00', '2023-12-20', '2023-12-20 11:46:43'),
(61, 'b997d3d4-9', 129, 1, '82.00', '82.00', '2023-12-20', '2023-12-20 11:46:43');

-- --------------------------------------------------------

--
-- Table structure for table `package`
--

CREATE TABLE `package` (
  `id` int(11) NOT NULL,
  `name` varchar(255) NOT NULL
) ENGINE=InnoDB DEFAULT CHARSET=utf8mb4;

--
-- Dumping data for table `package`
--

INSERT INTO `package` (`id`, `name`) VALUES
(1, 'กระปุก'),
(2, 'แผง'),
(3, 'กล่อง'),
(4, 'ขวด'),
(5, 'หลอด'),
(6, 'กระป๋อง'),
(7, 'ม้วน'),
(8, 'ซอง'),
(9, 'ห่อ');

-- --------------------------------------------------------

--
-- Table structure for table `users`
--

CREATE TABLE `users` (
  `id` char(36) NOT NULL DEFAULT uuid(),
  `name` varchar(255) NOT NULL,
  `mobileNumber` varchar(10) NOT NULL,
  `email` varchar(100) NOT NULL,
  `passwd` varchar(255) NOT NULL,
  `isAdmin` int(1) NOT NULL
) ENGINE=InnoDB DEFAULT CHARSET=utf8mb4;

--
-- Dumping data for table `users`
--

INSERT INTO `users` (`id`, `name`, `mobileNumber`, `email`, `passwd`, `isAdmin`) VALUES
('12600044-972e-11ee-a5c0-38f3ab9049a5', 'user naja', '0978887798', 'user@gmail.com', '$2y$10$u2uW7tYLEvHr7ToitUtV0.wZMlAgNQzUiUFUK3gH9.ymRRNQpYxHW', 0),
('2b8c4247-9e87-11ee-ae1d-040300000000', 'admin najanaja', '0978887799', 'admin_test@gmail.com', '$2y$10$XQu3JxamXbaIIiWv/Xj6U.2gMAiBdMXo.EEZ3gEDd83p0QAVOj5p.', 1),
('b807eb20-8b5c-11ee-843a-38f3ab9049a5', 'admin naja', '0978887799', 'Admin@gmail.com', '$2y$10$UOcZOErcWCsTnTfT2QnRo.PVZv7ErMHhypt5H0htFE3CA8xk0Jrxe', 1),
('bba2121d-83de-11ee-823b-38f3ab9049a5', 'John', '0978885566', 'Pokz@gmail.com', '$2y$10$5ES.3KNSInIBex7Sdv4pRu1wHCRbhmfukl8lCmz/6fX9pcr5bTBNW', 0);

-- --------------------------------------------------------

--
-- Table structure for table `user_customer`
--

CREATE TABLE `user_customer` (
  `uc_id` char(36) NOT NULL DEFAULT uuid(),
  `user_id` char(36) NOT NULL,
  `customer_id` int(11) NOT NULL,
  `status` enum('N','Y') NOT NULL DEFAULT 'N'
) ENGINE=InnoDB DEFAULT CHARSET=utf8mb4;

--
-- Dumping data for table `user_customer`
--

INSERT INTO `user_customer` (`uc_id`, `user_id`, `customer_id`, `status`) VALUES
('8d7a7110-8baa-11ee-b489-38f3ab9049a5', 'b807eb20-8b5c-11ee-843a-38f3ab9049a5', 5, 'N'),
('5fe99718-9726-11ee-a5c0-38f3ab9049a5', 'b807eb20-8b5c-11ee-843a-38f3ab9049a5', 6, 'N'),
('6e3400cb-9727-11ee-a5c0-38f3ab9049a5', 'b807eb20-8b5c-11ee-843a-38f3ab9049a5', 7, 'Y'),
('6c78ef26-972e-11ee-a5c0-38f3ab9049a5', '12600044-972e-11ee-a5c0-38f3ab9049a5', 8, 'Y'),
('82505ad8-972e-11ee-a5c0-38f3ab9049a5', '12600044-972e-11ee-a5c0-38f3ab9049a5', 9, 'N'),
('cb806c44-9749-11ee-a5c0-38f3ab9049a5', '12600044-972e-11ee-a5c0-38f3ab9049a5', 10, 'N'),
('66e440e9-9e7c-11ee-ae1d-040300000000', '12600044-972e-11ee-a5c0-38f3ab9049a5', 11, 'N'),
('c1688b09-9e7d-11ee-ae1d-040300000000', '12600044-972e-11ee-a5c0-38f3ab9049a5', 12, 'N'),
('3eae3993-9e86-11ee-ae1d-040300000000', '12600044-972e-11ee-a5c0-38f3ab9049a5', 13, 'N'),
('3d3a421a-9e94-11ee-ae1d-040300000000', '12600044-972e-11ee-a5c0-38f3ab9049a5', 14, 'N'),
('f2ba1cf6-9e94-11ee-ae1d-040300000000', '12600044-972e-11ee-a5c0-38f3ab9049a5', 15, 'N'),
('c44447ad-9ee3-11ee-bd63-040300000000', '2b8c4247-9e87-11ee-ae1d-040300000000', 16, 'N'),
('b03a3a9e-9ee4-11ee-bd63-040300000000', '12600044-972e-11ee-a5c0-38f3ab9049a5', 17, 'N'),
('80032f99-9ee6-11ee-bd63-040300000000', '12600044-972e-11ee-a5c0-38f3ab9049a5', 18, 'N'),
('6eb80fe0-9ee7-11ee-bd63-040300000000', '12600044-972e-11ee-a5c0-38f3ab9049a5', 19, 'N'),
('ba05aaaa-9ef0-11ee-bd63-040300000000', '12600044-972e-11ee-a5c0-38f3ab9049a5', 20, 'N'),
('d87caf02-9ef1-11ee-bd63-040300000000', '12600044-972e-11ee-a5c0-38f3ab9049a5', 21, 'N');

--
-- Indexes for dumped tables
--

--
-- Indexes for table `category`
--
ALTER TABLE `category`
  ADD PRIMARY KEY (`id`);

--
-- Indexes for table `customer`
--
ALTER TABLE `customer`
  ADD PRIMARY KEY (`customer_id`);

--
-- Indexes for table `drug_information`
--
ALTER TABLE `drug_information`
  ADD PRIMARY KEY (`id`);

--
-- Indexes for table `drug_type`
--
ALTER TABLE `drug_type`
  ADD PRIMARY KEY (`id`);

--
-- Indexes for table `order_drug`
--
ALTER TABLE `order_drug`
  ADD PRIMARY KEY (`id`),
  ADD KEY `customer_id` (`customer_id`);

--
-- Indexes for table `order_drug_detail`
--
ALTER TABLE `order_drug_detail`
  ADD PRIMARY KEY (`id`);

--
-- Indexes for table `package`
--
ALTER TABLE `package`
  ADD PRIMARY KEY (`id`);

--
-- Indexes for table `users`
--
ALTER TABLE `users`
  ADD PRIMARY KEY (`id`);

--
-- Indexes for table `user_customer`
--
ALTER TABLE `user_customer`
  ADD KEY `user_id` (`user_id`,`customer_id`);

--
-- AUTO_INCREMENT for dumped tables
--

--
-- AUTO_INCREMENT for table `category`
--
ALTER TABLE `category`
  MODIFY `id` int(11) NOT NULL AUTO_INCREMENT, AUTO_INCREMENT=24;

--
-- AUTO_INCREMENT for table `customer`
--
ALTER TABLE `customer`
  MODIFY `customer_id` int(11) NOT NULL AUTO_INCREMENT, AUTO_INCREMENT=22;

--
-- AUTO_INCREMENT for table `drug_information`
--
ALTER TABLE `drug_information`
  MODIFY `id` int(11) NOT NULL AUTO_INCREMENT, AUTO_INCREMENT=354;

--
-- AUTO_INCREMENT for table `drug_type`
--
ALTER TABLE `drug_type`
  MODIFY `id` int(11) NOT NULL AUTO_INCREMENT, AUTO_INCREMENT=52;

--
-- AUTO_INCREMENT for table `order_drug_detail`
--
ALTER TABLE `order_drug_detail`
  MODIFY `id` int(11) NOT NULL AUTO_INCREMENT, AUTO_INCREMENT=62;

--
-- AUTO_INCREMENT for table `package`
--
ALTER TABLE `package`
  MODIFY `id` int(11) NOT NULL AUTO_INCREMENT, AUTO_INCREMENT=10;
COMMIT;

/*!40101 SET CHARACTER_SET_CLIENT=@OLD_CHARACTER_SET_CLIENT */;
/*!40101 SET CHARACTER_SET_RESULTS=@OLD_CHARACTER_SET_RESULTS */;
/*!40101 SET COLLATION_CONNECTION=@OLD_COLLATION_CONNECTION */;
